# Blender 5.0.1
# www.blender.org
o tripo_node_2b1e4b86-a3e8-4ac0-ad84-3d77638b5397
v -0.058357 0.000000 0.000957 0.9333 0.8470 0.7647
v -0.044964 0.032532 0.000957 0.9019 0.8000 0.7176
v -0.146362 0.047852 0.000957 0.1490 0.1098 0.1020
v -0.150191 0.047852 0.000957 0.1412 0.1020 0.0941
v -0.127227 0.088013 0.000957 0.1608 0.1216 0.1137
v -0.088966 0.109070 0.000957 0.2235 0.2078 0.1961
v -0.094711 0.139679 0.000957 0.0941 0.0667 0.0549
v 0.094711 0.139679 0.000957 0.0980 0.0745 0.0588
v 0.429535 0.484070 0.000957 0.9607 0.6315 0.3804
v 0.173157 0.713684 0.000957 0.1843 0.1020 0.0902
v 0.201858 0.732788 0.000957 0.1569 0.0824 0.0667
v 0.211426 0.744263 0.000957 0.1961 0.1137 0.0941
v 0.209503 0.748108 0.000957 0.2039 0.1216 0.1020
v 0.142548 0.918396 0.000957 0.3255 0.2823 0.2039
v 0.058357 0.000000 0.000957 0.9372 0.8392 0.7529
v 0.044964 0.032532 0.000957 0.9176 0.8157 0.7372
v 0.146362 0.047852 0.000957 0.1255 0.0941 0.0863
v 0.150192 0.047852 0.000957 0.1333 0.1020 0.0941
v 0.127227 0.088013 0.000957 0.1686 0.1294 0.1216
v 0.088966 0.109070 0.000957 0.2275 0.2078 0.2000
v -0.108100 0.269775 0.000957 0.0863 0.0627 0.0471
v 0.106186 0.269775 0.000957 0.0980 0.0667 0.0549
v -0.389343 0.459198 0.000957 0.9960 0.6471 0.3804
v 0.389343 0.459198 0.000957 0.9647 0.6393 0.3804
v -0.125320 0.464935 0.000957 0.1098 0.0706 0.0627
v -0.142548 0.464935 0.000957 0.1020 0.0627 0.0549
v -0.165497 0.464935 0.000957 0.1098 0.0706 0.0627
v 0.125320 0.464935 0.000957 0.1098 0.0784 0.0667
v 0.142548 0.464935 0.000957 0.1059 0.0745 0.0627
v 0.165497 0.464935 0.000957 0.1098 0.0784 0.0667
v -0.186554 0.466858 0.000957 0.1059 0.0745 0.0627
v 0.186554 0.466858 0.000957 0.1098 0.0784 0.0667
v -0.389343 0.476410 0.000957 0.9490 0.6236 0.3725
v -0.446747 0.476410 0.000957 0.9921 0.6471 0.3725
v 0.389343 0.476410 0.000957 0.9607 0.6354 0.3725
v 0.446747 0.476410 0.000957 0.9804 0.6432 0.3725
v -0.385528 0.484070 0.000957 0.9490 0.6315 0.3765
v -0.429535 0.484070 0.000957 0.9607 0.6432 0.3843
v -0.439117 0.484070 0.000957 0.9607 0.6471 0.3765
v 0.385529 0.484070 0.000957 0.9647 0.6354 0.3725
v 0.439117 0.484070 0.000957 0.9607 0.6393 0.3804
v -0.255432 0.485993 0.000957 0.1137 0.0824 0.0706
v 0.255432 0.485992 0.000957 0.1137 0.0824 0.0706
v -0.276459 0.487915 0.000957 0.1098 0.0784 0.0667
v -0.297516 0.487915 0.000957 0.1020 0.0824 0.0667
v 0.276459 0.487915 0.000957 0.1137 0.0824 0.0706
v 0.297516 0.487915 0.000957 0.1137 0.0824 0.0706
v -0.377869 0.489807 0.000957 0.9568 0.6354 0.3686
v 0.377869 0.489807 0.000957 0.9607 0.6354 0.3686
v -0.446747 0.493652 0.000957 0.9372 0.6315 0.3843
v 0.446747 0.493652 0.000957 0.9490 0.6315 0.3921
v -0.362579 0.495544 0.000957 0.9647 0.6393 0.3725
v 0.362579 0.495544 0.000957 0.9686 0.6393 0.3647
v -0.121498 0.501282 0.000957 0.1098 0.0784 0.0667
v 0.121498 0.501282 0.000957 0.1098 0.0824 0.0706
v -0.186554 0.503235 0.000957 0.1137 0.0824 0.0706
v 0.186554 0.503235 0.000957 0.1137 0.0824 0.0706
v -0.020090 0.531921 0.000957 0.1608 0.1216 0.0902
v 0.020090 0.531921 0.000957 0.1451 0.1059 0.0784
v -0.046875 0.541504 0.000957 0.1373 0.1098 0.0863
v 0.046875 0.541504 0.000957 0.1373 0.1059 0.0863
v -0.098534 0.579712 0.000957 0.9607 0.6197 0.3568
v 0.098534 0.579712 0.000957 0.9490 0.6157 0.3608
v -0.211426 0.742371 0.000957 0.1882 0.1137 0.0902
v -0.142548 0.918396 0.000957 0.3529 0.3098 0.2235
v -0.050701 0.000000 0.002870 0.9647 0.8588 0.7764
v 0.050701 0.000000 0.002870 0.9058 0.8196 0.7372
v -0.044964 0.036377 0.002870 0.9098 0.8196 0.7333
v 0.044964 0.036377 0.002870 0.9176 0.8196 0.7451
v -0.071747 0.105255 0.002870 0.8745 0.7882 0.7098
v 0.071747 0.105255 0.002870 0.8117 0.7216 0.6432
v -0.096618 0.110992 0.002870 0.0392 0.0314 0.0353
v 0.096618 0.110992 0.002870 0.0549 0.0392 0.0353
v -0.044964 0.137756 0.002870 0.0863 0.0549 0.0471
v 0.044964 0.137756 0.002870 0.1020 0.0745 0.0667
v -0.092796 0.162628 0.002870 0.1255 0.0941 0.0824
v 0.094711 0.162628 0.002870 0.1294 0.0980 0.0863
v -0.106186 0.430511 0.002870 0.1216 0.0902 0.0784
v 0.106186 0.430512 0.002870 0.1216 0.0824 0.0745
v -0.383606 0.453461 0.002870 0.9725 0.6432 0.3804
v 0.383606 0.453461 0.002870 0.9921 0.6550 0.3686
v -0.374054 0.457275 0.002870 0.9568 0.6315 0.3725
v 0.374054 0.457275 0.002870 0.9490 0.6354 0.3765
v -0.362579 0.463043 0.002870 0.9647 0.6354 0.3765
v 0.362579 0.463043 0.002870 0.9490 0.6315 0.3765
v -0.393188 0.464935 0.002870 0.9921 0.6510 0.3882
v 0.393188 0.464935 0.002870 0.9764 0.6589 0.3882
v -0.351105 0.468781 0.002870 0.9960 0.6863 0.4039
v 0.351105 0.468781 0.002870 0.9725 0.6432 0.3686
v -0.142548 0.484070 0.002870 0.1059 0.0745 0.0627
v -0.163589 0.484070 0.002870 0.1098 0.0784 0.0667
v -0.186554 0.484070 0.002870 0.1137 0.0863 0.0627
v -0.446747 0.484070 0.002870 0.9568 0.6471 0.3765
v 0.142548 0.484070 0.002870 0.1137 0.0824 0.0706
v 0.163589 0.484070 0.002870 0.1137 0.0824 0.0706
v 0.186554 0.484070 0.002870 0.1137 0.0824 0.0706
v 0.446747 0.484070 0.002870 0.9529 0.6354 0.3804
v -0.209503 0.485992 0.002870 0.1059 0.0745 0.0627
v -0.232468 0.485993 0.002870 0.1137 0.0824 0.0706
v 0.209503 0.485992 0.002870 0.1176 0.0863 0.0745
v 0.232468 0.485992 0.002870 0.1137 0.0824 0.0706
v -0.100449 0.501282 0.002870 0.1098 0.0784 0.0667
v 0.100449 0.501282 0.002870 0.1059 0.0745 0.0627
v -0.035397 0.528076 0.002870 0.1176 0.0902 0.0745
v 0.035397 0.528076 0.002870 0.1098 0.0784 0.0667
v -0.155930 0.658203 0.002870 0.9215 0.5843 0.3333
v 0.155930 0.658203 0.002870 0.9137 0.5921 0.3372
v -0.161682 0.663940 0.002870 0.3372 0.1647 0.1020
v 0.161682 0.663940 0.002870 0.8980 0.5490 0.3216
v -0.167419 0.675415 0.002870 0.1412 0.0824 0.0824
v 0.167419 0.675415 0.002870 0.1373 0.0863 0.0902
v -0.171234 0.690735 0.002870 0.1922 0.1098 0.1059
v 0.171234 0.690735 0.002870 0.1961 0.1176 0.1098
v -0.173157 0.704102 0.002870 0.1922 0.1176 0.1020
v 0.173157 0.704102 0.002870 0.1922 0.1137 0.1020
v -0.173157 0.711731 0.002870 0.1804 0.1059 0.0824
v 0.178894 0.715576 0.002870 0.1608 0.0824 0.0667
v 0.186554 0.717468 0.002870 0.1412 0.0784 0.0588
v -0.201858 0.730896 0.002870 0.1686 0.0941 0.0784
v -0.199936 0.748108 0.002870 0.2314 0.1490 0.1294
v 0.198029 0.755737 0.002870 0.2392 0.1490 0.1294
v -0.066010 0.956665 0.002870 0.3451 0.3059 0.2235
v 0.066009 0.956665 0.002870 0.3490 0.3098 0.2275
v 0.000957 0.962402 0.002870 0.3216 0.2902 0.2078
v -0.004783 0.964294 0.002870 0.3372 0.2941 0.2157
v -0.010523 0.964294 0.002870 0.3412 0.2980 0.2196
v -0.020090 0.964294 0.002870 0.3294 0.2863 0.2078
v 0.004783 0.964294 0.002870 0.3451 0.3019 0.2235
v 0.010523 0.966187 0.002870 0.3412 0.2980 0.2196
v 0.020090 0.966187 0.002870 0.3412 0.2980 0.2196
v -0.117668 0.000000 0.004783 0.9451 0.8470 0.7608
v -0.044964 0.001923 0.004783 0.9647 0.8784 0.7921
v 0.044964 0.001923 0.004783 0.9019 0.8157 0.7333
v -0.043049 0.011505 0.004783 0.9529 0.8549 0.7686
v 0.043049 0.011505 0.004783 0.9490 0.8431 0.7568
v -0.041138 0.028717 0.004783 0.8902 0.7843 0.7020
v 0.041138 0.028717 0.004783 0.9294 0.8196 0.7255
v -0.041138 0.038269 0.004783 0.0902 0.0745 0.0667
v 0.041138 0.038269 0.004783 0.1255 0.1098 0.1020
v -0.039223 0.044006 0.004783 0.0667 0.0588 0.0588
v 0.039223 0.044006 0.004783 0.1216 0.1059 0.1098
v -0.043049 0.053589 0.004783 0.9764 0.8588 0.7725
v 0.043049 0.053589 0.004783 0.9804 0.9058 0.8117
v -0.043049 0.070801 0.004783 0.0706 0.0627 0.0588
v 0.043049 0.070801 0.004783 0.8470 0.7412 0.6628
v -0.041138 0.080383 0.004783 0.1176 0.0941 0.0824
v 0.041138 0.080383 0.004783 0.0980 0.0745 0.0745
v -0.131057 0.088013 0.004783 0.1686 0.1294 0.1176
v 0.131057 0.088013 0.004783 0.1686 0.1333 0.1176
v -0.062183 0.099518 0.004783 0.1059 0.0941 0.0902
v 0.062183 0.099518 0.004783 0.1098 0.0941 0.0863
v -0.064095 0.107147 0.004783 0.0902 0.0706 0.0588
v -0.079399 0.107147 0.004783 0.2157 0.1961 0.1804
v 0.064095 0.107147 0.004783 0.0824 0.0627 0.0510
v 0.079399 0.107147 0.004783 0.3647 0.3137 0.2823
v -0.044964 0.109070 0.004783 0.0980 0.0784 0.0627
v 0.044964 0.109070 0.004783 0.1098 0.0784 0.0667
v -0.098533 0.120544 0.004783 0.1255 0.0941 0.0902
v 0.098533 0.120544 0.004783 0.1294 0.0980 0.0863
v -0.096618 0.135864 0.004783 0.1490 0.1176 0.1059
v 0.096618 0.135864 0.004783 0.1490 0.1176 0.1059
v -0.043049 0.156891 0.004783 0.1176 0.0863 0.0745
v 0.043049 0.156891 0.004783 0.1176 0.0863 0.0784
v -0.092796 0.187500 0.004783 0.1216 0.0902 0.0824
v 0.092796 0.187500 0.004783 0.1255 0.0941 0.0863
v -0.090881 0.206635 0.004783 0.1255 0.0941 0.0863
v 0.090881 0.206635 0.004783 0.1294 0.0980 0.0902
v -0.088966 0.225769 0.004783 0.1333 0.1020 0.0941
v 0.088966 0.225769 0.004783 0.1373 0.1059 0.0941
v -0.016264 0.241089 0.004783 0.1098 0.0784 0.0627
v 0.016264 0.241089 0.004783 0.1255 0.0941 0.0824
v 0.000957 0.242996 0.004783 0.1098 0.0784 0.0667
v -0.110015 0.273621 0.004783 0.1255 0.0824 0.0745
v 0.110015 0.273621 0.004783 0.1216 0.0824 0.0745
v -0.110015 0.285095 0.004783 0.1255 0.0863 0.0784
v 0.110015 0.285095 0.004783 0.1176 0.0784 0.0706
v -0.110015 0.294647 0.004783 0.1176 0.0784 0.0706
v 0.110016 0.294647 0.004783 0.1137 0.0745 0.0667
v -0.108101 0.461121 0.004783 0.1098 0.0706 0.0627
v 0.108101 0.461121 0.004783 0.1020 0.0706 0.0588
v -0.123405 0.484070 0.004783 0.1098 0.0784 0.0667
v 0.123405 0.484070 0.004783 0.1137 0.0824 0.0706
v -0.035397 0.526184 0.004783 0.1176 0.0902 0.0706
v 0.035397 0.526184 0.004783 0.1020 0.0745 0.0627
v -0.010523 0.529968 0.004783 0.1490 0.1137 0.0902
v 0.010523 0.529968 0.004783 0.1647 0.1137 0.0902
v -0.039223 0.560608 0.004783 0.9647 0.6236 0.3608
v 0.039223 0.560608 0.004783 0.9686 0.6276 0.3647
v -0.148285 0.633301 0.004783 0.9607 0.6197 0.3568
v 0.148285 0.633301 0.004783 0.9607 0.6354 0.3686
v -0.178894 0.713684 0.004783 0.1686 0.0941 0.0784
v 0.190369 0.723206 0.004783 0.1961 0.1059 0.0824
v 0.192291 0.727051 0.004783 0.1961 0.1020 0.0863
v 0.194199 0.732788 0.004783 0.1451 0.0824 0.0667
v 0.192291 0.761475 0.004783 0.2432 0.1530 0.1294
v -0.186554 0.847595 0.004783 0.3255 0.2823 0.2039
v 0.186554 0.847595 0.004783 0.3294 0.2863 0.2078
v 0.117668 0.000000 0.004783 0.9372 0.8509 0.7608
v -0.159759 0.009583 0.006697 0.9529 0.8431 0.7529
v 0.159759 0.009583 0.006697 0.9568 0.8470 0.7608
v -0.041138 0.024872 0.006697 0.9058 0.8000 0.7176
v 0.041138 0.024872 0.006697 0.9294 0.8196 0.7333
v -0.163589 0.026794 0.006697 0.9058 0.8078 0.7255
v 0.163589 0.026794 0.006697 0.9098 0.8117 0.7255
v -0.041138 0.049744 0.006697 0.1137 0.0941 0.0902
v 0.041138 0.049744 0.006697 0.2000 0.1608 0.1490
v -0.041138 0.074616 0.006697 0.0824 0.0706 0.0667
v 0.041138 0.074616 0.006697 0.0275 0.0196 0.0314
v -0.043049 0.120544 0.006697 0.1333 0.1020 0.0902
v 0.043049 0.120544 0.006697 0.1333 0.1020 0.0902
v -0.098533 0.132019 0.006697 0.1451 0.1137 0.1020
v 0.098533 0.132019 0.006697 0.1412 0.1098 0.0980
v 0.043049 0.133942 0.006697 0.1373 0.1059 0.0902
v -0.043049 0.135864 0.006697 0.1333 0.0980 0.0902
v -0.079399 0.139679 0.006697 0.0902 0.0706 0.0549
v 0.079399 0.139679 0.006697 0.0941 0.0745 0.0588
v -0.041138 0.176025 0.006697 0.1216 0.0902 0.0784
v 0.041138 0.176025 0.006697 0.1137 0.0902 0.0784
v -0.039223 0.189423 0.006697 0.1255 0.0941 0.0824
v 0.039223 0.189423 0.006697 0.1216 0.0902 0.0745
v -0.037308 0.202820 0.006697 0.1294 0.0980 0.0863
v -0.033482 0.216217 0.006697 0.1255 0.0941 0.0824
v -0.027743 0.231506 0.006697 0.1216 0.0902 0.0784
v 0.029656 0.231506 0.006697 0.1255 0.0941 0.0824
v -0.085144 0.252563 0.006697 0.1294 0.0980 0.0902
v 0.085144 0.252563 0.006697 0.1373 0.1059 0.0941
v -0.113838 0.298492 0.006697 0.0824 0.0510 0.0392
v 0.113838 0.298492 0.006697 0.0980 0.0667 0.0549
v -0.395111 0.455383 0.006697 0.9843 0.6785 0.4039
v 0.395111 0.455383 0.006697 0.9764 0.6745 0.4000
v -0.393188 0.472595 0.006697 0.9451 0.6276 0.3725
v 0.393189 0.472595 0.006697 0.9451 0.6354 0.3765
v -0.351105 0.478332 0.006697 0.9921 0.6589 0.3804
v 0.351105 0.478333 0.006697 0.9725 0.6432 0.3608
v -0.385528 0.480255 0.006697 0.9294 0.6197 0.3804
v 0.385529 0.480255 0.006697 0.9490 0.6236 0.3568
v -0.104279 0.482178 0.006697 0.1098 0.0784 0.0667
v 0.104279 0.482178 0.006697 0.1059 0.0745 0.0627
v -0.354919 0.487915 0.006697 0.9607 0.6393 0.3765
v 0.354919 0.487915 0.006697 0.9607 0.6315 0.3490
v 0.000957 0.529968 0.006697 0.1725 0.1216 0.0941
v -0.048790 0.545288 0.006697 0.1412 0.1098 0.0863
v 0.048790 0.545288 0.006697 0.1373 0.1059 0.0863
v -0.067924 0.566345 0.006697 0.9804 0.6157 0.3451
v 0.067924 0.566345 0.006697 0.9647 0.6079 0.3294
v -0.157852 0.661987 0.006697 0.8000 0.5059 0.3176
v 0.157852 0.661987 0.006697 0.8745 0.5647 0.3216
v -0.186554 0.715576 0.006697 0.1530 0.0824 0.0667
v -0.190369 0.721313 0.006697 0.1922 0.1098 0.0902
v -0.192291 0.727051 0.006697 0.1882 0.1098 0.0902
v -0.194199 0.730896 0.006697 0.1608 0.0902 0.0824
v 0.190369 0.732788 0.006697 0.1608 0.0863 0.0667
v -0.194199 0.755737 0.006697 0.2471 0.1530 0.1373
v 0.188461 0.765320 0.006697 0.1961 0.1176 0.0980
v -0.117668 0.935608 0.006697 0.3216 0.2784 0.2000
v 0.117668 0.935608 0.006697 0.3216 0.2784 0.1922
v -0.157851 0.001923 0.008610 0.9451 0.8509 0.7647
v 0.157851 0.001923 0.008610 0.9764 0.8784 0.7882
v -0.163589 0.030609 0.008610 0.9058 0.8392 0.7608
v 0.163589 0.030609 0.008610 0.9019 0.8274 0.7372
v -0.052616 0.089935 0.008610 0.1412 0.1137 0.1020
v -0.115753 0.089935 0.008610 0.1216 0.1020 0.0902
v 0.052616 0.089935 0.008610 0.1451 0.1137 0.1020
v 0.115753 0.089935 0.008610 0.1216 0.1020 0.0902
v -0.073662 0.103333 0.008610 0.9568 0.8666 0.7882
v 0.073662 0.103333 0.008610 0.9058 0.8196 0.7451
v -0.043049 0.130127 0.008610 0.1373 0.0980 0.0902
v 0.043049 0.130127 0.008610 0.1333 0.1020 0.0863
v 0.062183 0.137756 0.008610 0.1020 0.0784 0.0667
v -0.062183 0.139679 0.008610 0.1059 0.0745 0.0627
v -0.077492 0.160736 0.008610 0.1294 0.0980 0.0863
v 0.079399 0.160736 0.008610 0.1255 0.0941 0.0824
v 0.037308 0.202820 0.008610 0.1255 0.0941 0.0784
v 0.035397 0.216217 0.008610 0.1216 0.0902 0.0784
v 0.085144 0.265961 0.008610 0.1137 0.0784 0.0706
v -0.117668 0.304230 0.008610 0.1333 0.0941 0.0863
v 0.117668 0.304230 0.008610 0.1255 0.0824 0.0745
v -0.119583 0.313782 0.008610 0.1294 0.0902 0.0824
v 0.119583 0.313782 0.008610 0.1255 0.0824 0.0745
v -0.389343 0.449646 0.008610 0.9372 0.6354 0.3921
v 0.389343 0.449646 0.008610 0.9843 0.6550 0.3725
v -0.379791 0.451538 0.008610 0.9529 0.6315 0.3765
v 0.379791 0.451538 0.008610 0.9529 0.6354 0.3804
v -0.370239 0.459198 0.008610 0.9607 0.6354 0.3765
v 0.370239 0.459198 0.008610 0.9490 0.6276 0.3843
v -0.398926 0.461121 0.008610 0.9882 0.6745 0.3961
v 0.398926 0.461121 0.008610 0.9921 0.6785 0.4000
v -0.360657 0.466858 0.008610 0.9960 0.6510 0.3608
v 0.360657 0.466858 0.008610 0.9804 0.6354 0.3568
v -0.370239 0.487915 0.008610 0.9607 0.6354 0.3686
v 0.370239 0.487915 0.008610 0.9686 0.6354 0.3725
v -0.023916 0.526184 0.008610 0.1255 0.0941 0.0745
v 0.023916 0.526184 0.008610 0.1216 0.0941 0.0706
v -0.037308 0.531922 0.008610 0.1294 0.1020 0.0784
v 0.037308 0.531921 0.008610 0.1255 0.0941 0.0824
v -0.190369 0.732788 0.008610 0.1647 0.0941 0.0784
v -0.188461 0.765320 0.008610 0.1882 0.1176 0.1020
v -0.190369 0.826538 0.008610 0.3333 0.2902 0.2078
v 0.190369 0.828430 0.008610 0.3255 0.2823 0.2039
v -0.154022 0.903076 0.008610 0.3216 0.2784 0.2000
v 0.154022 0.904968 0.008610 0.3490 0.3098 0.2314
v -0.090881 0.948975 0.008610 0.3333 0.2902 0.2118
v 0.090881 0.948975 0.008610 0.3333 0.2902 0.2118
v 0.060268 0.958557 0.008610 0.3294 0.2863 0.2000
v -0.060268 0.960449 0.008610 0.3490 0.3059 0.2275
v 0.098533 0.000000 0.010523 0.9451 0.8470 0.7608
v -0.144454 0.063141 0.010523 0.1922 0.1530 0.1333
v 0.144454 0.063141 0.010523 0.3961 0.3451 0.3059
v -0.132980 0.084198 0.010523 0.1412 0.1137 0.1020
v 0.132980 0.084198 0.010523 0.1490 0.1176 0.1098
v -0.121498 0.093750 0.010523 0.1530 0.1294 0.1176
v 0.121498 0.093750 0.010523 0.1530 0.1294 0.1176
v -0.069839 0.105255 0.010523 0.8941 0.8039 0.7255
v 0.069839 0.105255 0.010523 0.8862 0.8078 0.7294
v -0.062183 0.109070 0.010523 0.1059 0.0863 0.0745
v 0.062183 0.109070 0.010523 0.0824 0.0627 0.0510
v -0.081314 0.110992 0.010523 0.0667 0.0471 0.0431
v 0.081314 0.110992 0.010523 0.0471 0.0275 0.0275
v -0.060268 0.158813 0.010523 0.1216 0.0902 0.0784
v 0.062183 0.158813 0.010523 0.1294 0.0980 0.0863
v -0.077492 0.183685 0.010523 0.1294 0.0980 0.0863
v 0.077492 0.183685 0.010523 0.1333 0.1020 0.0902
v -0.085144 0.265961 0.010523 0.1098 0.0706 0.0627
v -0.119583 0.327179 0.010523 0.1255 0.0863 0.0784
v 0.119583 0.327179 0.010523 0.1255 0.0863 0.0784
v -0.115753 0.352051 0.010523 0.1255 0.0863 0.0784
v 0.115753 0.352051 0.010523 0.1255 0.0863 0.0784
v -0.360657 0.474518 0.010523 0.9882 0.6510 0.3725
v 0.360657 0.474518 0.010523 0.9764 0.6276 0.3568
v -0.381714 0.484070 0.010523 0.9529 0.6354 0.3804
v 0.381714 0.484070 0.010523 0.9647 0.6432 0.3804
v -0.025829 0.522339 0.010523 0.1059 0.0784 0.0667
v 0.025829 0.522339 0.010523 0.0941 0.0706 0.0549
v -0.052616 0.549133 0.010523 0.1373 0.1020 0.0824
v 0.052616 0.549133 0.010523 0.1333 0.0980 0.0784
v -0.152115 0.652466 0.010523 0.9294 0.5961 0.3412
v 0.152115 0.652466 0.010523 0.9372 0.6118 0.3529
v -0.201858 0.736633 0.010523 0.1451 0.0824 0.0667
v 0.201858 0.740417 0.010523 0.1608 0.0863 0.0627
v -0.201858 0.742371 0.010523 0.1765 0.1020 0.0784
v 0.199936 0.750000 0.010523 0.1961 0.1176 0.0941
v -0.190369 0.803589 0.010523 0.3490 0.3059 0.2235
v 0.190369 0.803589 0.010523 0.3059 0.2627 0.1843
v -0.098533 0.000000 0.010523 0.9411 0.8431 0.7568
v -0.046875 0.030609 0.012437 0.9019 0.8039 0.7255
v 0.046875 0.030609 0.012437 0.9098 0.8078 0.7255
v -0.046875 0.032532 0.012437 0.8902 0.7921 0.7137
v 0.046875 0.032532 0.012437 0.8941 0.7960 0.7137
v -0.148284 0.063141 0.012437 0.1333 0.0941 0.0980
v 0.148284 0.063141 0.012437 0.1255 0.0941 0.0863
v -0.131057 0.078461 0.012437 0.1294 0.1020 0.0980
v 0.131057 0.078461 0.012437 0.1333 0.1020 0.0941
v -0.062183 0.099518 0.012437 0.1137 0.0980 0.0902
v 0.062183 0.099518 0.012437 0.1137 0.0941 0.0863
v -0.062183 0.120544 0.012437 0.1412 0.1098 0.0980
v -0.081314 0.120544 0.012437 0.1294 0.0980 0.0863
v 0.062183 0.120544 0.012437 0.1373 0.1059 0.0941
v 0.081314 0.120544 0.012437 0.1373 0.1059 0.0941
v -0.062183 0.135864 0.012437 0.1373 0.1059 0.0980
v -0.081314 0.135864 0.012437 0.1451 0.1137 0.1020
v 0.062183 0.135864 0.012437 0.1373 0.1059 0.0941
v 0.081314 0.135864 0.012437 0.1451 0.1059 0.0980
v -0.058357 0.179871 0.012437 0.1255 0.0941 0.0824
v 0.060268 0.179871 0.012437 0.1294 0.0980 0.0863
v -0.056442 0.195160 0.012437 0.1255 0.0941 0.0824
v -0.075577 0.200897 0.012437 0.1333 0.1020 0.0902
v 0.075577 0.200897 0.012437 0.1333 0.1020 0.0902
v 0.073662 0.218140 0.012437 0.1216 0.1020 0.0863
v -0.073662 0.220032 0.012437 0.1333 0.1020 0.0902
v -0.110016 0.378845 0.012437 0.1255 0.0863 0.0784
v 0.110016 0.378845 0.012437 0.1333 0.0863 0.0863
v -0.368317 0.463043 0.012437 0.9647 0.6471 0.3804
v 0.368317 0.463043 0.012437 0.9607 0.6354 0.3804
v -0.398926 0.468781 0.012437 0.9529 0.6393 0.3882
v 0.398926 0.468781 0.012437 0.9529 0.6354 0.3765
v -0.391266 0.476410 0.012437 0.9215 0.6157 0.3686
v 0.391266 0.476410 0.012437 0.9333 0.6197 0.3608
v -0.364471 0.482178 0.012437 0.9607 0.6315 0.3725
v 0.364471 0.482178 0.012437 0.9647 0.6315 0.3686
v -0.081314 0.510864 0.012437 0.1059 0.0706 0.0627
v 0.081314 0.510864 0.012437 0.1098 0.0784 0.0667
v -0.010523 0.524231 0.012437 0.1294 0.0980 0.0745
v 0.010523 0.524231 0.012437 0.1294 0.1020 0.0784
v -0.027742 0.560608 0.012437 0.9607 0.6197 0.3568
v 0.027742 0.560608 0.012437 0.9607 0.6197 0.3568
v -0.154022 0.656250 0.012437 0.9176 0.5804 0.3372
v 0.154022 0.656250 0.012437 0.9215 0.5961 0.3451
v -0.157852 0.661987 0.012437 0.7529 0.4784 0.2863
v 0.157852 0.661987 0.012437 0.8549 0.5451 0.3372
v -0.163589 0.675415 0.012437 0.1490 0.0863 0.0863
v 0.163589 0.675415 0.012437 0.1490 0.0902 0.0863
v -0.085144 0.947083 0.012437 0.2902 0.2471 0.1647
v 0.085144 0.947083 0.012437 0.3176 0.2745 0.1961
v 0.085144 0.948975 0.012437 0.3294 0.2863 0.2078
v 0.150192 0.000000 0.012437 0.9490 0.8509 0.7725
v -0.150191 -0.000000 0.012437 0.9333 0.8353 0.7490
v -0.077492 0.000000 0.014350 0.9490 0.8509 0.7647
v 0.077492 0.000000 0.014350 0.9411 0.8431 0.7568
v -0.043049 0.036377 0.014350 0.0627 0.0510 0.0471
v 0.043049 0.036377 0.014350 0.0549 0.0510 0.0471
v -0.043049 0.042114 0.014350 0.0706 0.0549 0.0588
v 0.043049 0.042114 0.014350 0.1137 0.0980 0.0902
v -0.159759 0.045929 0.014350 0.1373 0.1059 0.0941
v 0.159759 0.045929 0.014350 0.1333 0.1020 0.0902
v -0.062183 0.130127 0.014350 0.1412 0.1098 0.0980
v -0.081314 0.130127 0.014350 0.1412 0.1098 0.0980
v 0.062183 0.130127 0.014350 0.1412 0.1098 0.0980
v 0.081314 0.130127 0.014350 0.1412 0.1098 0.0980
v 0.058357 0.195160 0.014350 0.1255 0.0941 0.0824
v -0.054531 0.210480 0.014350 0.1333 0.1020 0.0902
v 0.056442 0.210480 0.014350 0.1255 0.0980 0.0863
v -0.052616 0.225769 0.014350 0.1294 0.0980 0.0863
v 0.052616 0.225769 0.014350 0.1176 0.0980 0.0824
v -0.067924 0.250641 0.014350 0.1294 0.1020 0.0902
v 0.067924 0.250641 0.014350 0.1333 0.1020 0.0902
v -0.088966 0.265961 0.014350 0.0824 0.0588 0.0431
v 0.087059 0.265961 0.014350 0.0784 0.0588 0.0471
v -0.102364 0.411377 0.014350 0.1176 0.0863 0.0745
v 0.102364 0.411377 0.014350 0.1294 0.0902 0.0824
v -0.385528 0.447723 0.014350 0.9490 0.6315 0.3882
v 0.385529 0.447724 0.014350 0.9725 0.6393 0.3804
v -0.374054 0.453461 0.014350 0.9607 0.6315 0.3725
v -0.397003 0.453461 0.014350 0.9843 0.6941 0.4157
v 0.374054 0.453461 0.014350 0.9490 0.6315 0.3765
v 0.397003 0.453461 0.014350 0.9960 0.6941 0.4118
v -0.375976 0.482178 0.014350 0.9568 0.6393 0.3804
v 0.375977 0.482178 0.014350 0.9607 0.6315 0.3686
v 0.000957 0.522339 0.014350 0.1294 0.0941 0.0745
v -0.025829 0.526184 0.014350 0.1255 0.0980 0.0745
v 0.025829 0.526184 0.014350 0.1216 0.0902 0.0784
v -0.037308 0.535706 0.014350 0.1412 0.1059 0.0863
v 0.037308 0.535706 0.014350 0.1412 0.1059 0.0863
v -0.060268 0.549133 0.014350 0.1255 0.0824 0.0745
v 0.060268 0.549133 0.014350 0.1333 0.0941 0.0863
v -0.117668 0.593140 0.014350 0.9568 0.6236 0.3686
v 0.117668 0.593140 0.014350 0.9607 0.6315 0.3804
v -0.169327 0.690735 0.014350 0.1961 0.1176 0.1020
v 0.169327 0.690735 0.014350 0.2039 0.1176 0.1059
v -0.184631 0.740417 0.014350 0.1608 0.0941 0.0784
v 0.184631 0.740417 0.014350 0.1608 0.0902 0.0745
v 0.190369 0.744263 0.014350 0.1686 0.0941 0.0706
v -0.192291 0.751953 0.014350 0.1922 0.1176 0.0941
v 0.192291 0.755737 0.014350 0.2000 0.1216 0.0980
v -0.192291 0.784424 0.014350 0.3176 0.2745 0.1922
v 0.192291 0.784424 0.014350 0.3216 0.2784 0.1922
v 0.050701 0.960449 0.014350 0.3333 0.2902 0.2118
v -0.050701 0.962402 0.014350 0.3333 0.2902 0.2118
v -0.140624 0.000000 0.016264 0.9372 0.8392 0.7529
v -0.043049 0.047852 0.016264 0.1294 0.1059 0.0941
v 0.043049 0.047852 0.016264 0.1569 0.1333 0.1216
v -0.046875 0.051666 0.016264 0.8706 0.7960 0.7137
v 0.046875 0.051666 0.016264 0.1294 0.1137 0.0980
v -0.048790 0.084198 0.016264 0.1098 0.0941 0.0824
v 0.048790 0.084198 0.016264 0.1098 0.0902 0.0784
v -0.044964 0.246826 0.016264 0.1294 0.0980 0.0863
v 0.044964 0.246826 0.016264 0.1294 0.0980 0.0863
v -0.022003 0.250641 0.016264 0.1294 0.0980 0.0824
v 0.022003 0.250641 0.016264 0.1294 0.0980 0.0863
v -0.094711 0.449646 0.016264 0.1098 0.0784 0.0667
v -0.395111 0.449646 0.016264 0.9529 0.6550 0.4000
v 0.094711 0.449646 0.016264 0.1176 0.0784 0.0706
v 0.395111 0.449646 0.016264 0.9686 0.6706 0.3882
v -0.398926 0.457275 0.016264 0.9921 0.6863 0.4039
v 0.398926 0.457276 0.016264 0.9921 0.6824 0.4039
v -0.368317 0.468781 0.016264 0.9921 0.6471 0.3647
v 0.368317 0.468781 0.016264 0.9764 0.6315 0.3568
v -0.397003 0.472595 0.016264 0.9215 0.6236 0.3765
v 0.397003 0.472595 0.016264 0.9176 0.6157 0.3608
v -0.012437 0.516602 0.016264 0.0902 0.0706 0.0549
v 0.012437 0.516602 0.016264 0.0941 0.0745 0.0588
v -0.014350 0.558716 0.016264 0.9647 0.6236 0.3608
v 0.014350 0.558716 0.016264 0.9647 0.6236 0.3608
v -0.171234 0.704102 0.016264 0.2078 0.1255 0.1059
v 0.171234 0.704102 0.016264 0.1843 0.1020 0.0902
v -0.171234 0.711731 0.016264 0.1647 0.0941 0.0863
v -0.190369 0.742371 0.016264 0.1569 0.0941 0.0784
v -0.180801 0.750000 0.016264 0.1843 0.1020 0.0863
v 0.180801 0.751953 0.016264 0.1725 0.1020 0.0824
v 0.186554 0.767212 0.016264 0.1922 0.1137 0.0902
v -0.192291 0.769165 0.016264 0.2863 0.2353 0.1725
v 0.192291 0.769165 0.016264 0.2627 0.2039 0.1490
v -0.194199 0.774902 0.016264 0.3176 0.2745 0.1882
v 0.194199 0.774902 0.016264 0.3216 0.2784 0.1922
v -0.163589 0.887756 0.016264 0.3647 0.3216 0.2432
v 0.163589 0.887756 0.016264 0.3137 0.2706 0.1922
v 0.140624 0.000000 0.016264 0.9372 0.8509 0.7686
v -0.064095 0.000000 0.018177 0.9411 0.8431 0.7568
v 0.064095 0.000000 0.018177 0.9411 0.8470 0.7529
v -0.044964 0.038269 0.018177 0.0510 0.0431 0.0353
v 0.044964 0.038269 0.018177 0.0549 0.0510 0.0510
v -0.046875 0.053589 0.018177 0.9176 0.8235 0.7294
v 0.046875 0.053589 0.018177 0.1216 0.1059 0.0980
v -0.048790 0.072723 0.018177 0.8745 0.7882 0.7216
v 0.048790 0.072723 0.018177 0.8902 0.7843 0.7059
v -0.132980 0.076538 0.018177 0.1373 0.1137 0.1059
v 0.132980 0.076538 0.018177 0.1373 0.1137 0.1020
v -0.121498 0.082275 0.018177 0.0941 0.0745 0.0667
v 0.121498 0.082275 0.018177 0.0980 0.0902 0.0745
v -0.123405 0.089935 0.018177 0.1608 0.1255 0.1176
v 0.123405 0.089935 0.018177 0.1451 0.1255 0.1137
v 0.000957 0.252563 0.018177 0.1216 0.0902 0.0784
v 0.066009 0.264038 0.018177 0.1020 0.0784 0.0745
v -0.400848 0.463043 0.018177 0.9843 0.6589 0.4000
v 0.400848 0.463043 0.018177 0.9686 0.6550 0.3843
v -0.370239 0.476410 0.018177 0.9607 0.6471 0.3765
v 0.370239 0.476410 0.018177 0.9647 0.6276 0.3686
v -0.387451 0.480255 0.018177 0.9451 0.6354 0.3882
v 0.387451 0.480255 0.018177 0.9804 0.6471 0.3843
v -0.083229 0.497467 0.018177 0.1098 0.0784 0.0667
v 0.083229 0.497467 0.018177 0.1098 0.0824 0.0706
v -0.081314 0.514710 0.018177 0.0824 0.0667 0.0510
v 0.081314 0.514709 0.018177 0.0863 0.0667 0.0549
v -0.012437 0.518494 0.018177 0.1059 0.0745 0.0627
v 0.012437 0.518494 0.018177 0.1059 0.0784 0.0667
v -0.071747 0.533814 0.018177 0.1255 0.0863 0.0784
v 0.071747 0.533813 0.018177 0.1294 0.0863 0.0784
v -0.069839 0.539551 0.018177 0.1216 0.0824 0.0745
v 0.069839 0.539551 0.018177 0.1294 0.0902 0.0824
v -0.066010 0.547241 0.018177 0.1216 0.0863 0.0706
v 0.066009 0.547241 0.018177 0.1294 0.0902 0.0824
v 0.000957 0.558716 0.018177 0.9647 0.6236 0.3608
v 0.171234 0.711731 0.018177 0.1608 0.0941 0.0902
v -0.186554 0.767212 0.018177 0.1922 0.1098 0.0902
v -0.131058 0.922180 0.018177 0.3098 0.2667 0.1882
v 0.131058 0.922180 0.018177 0.3216 0.2784 0.2000
v -0.083229 0.950928 0.018177 0.3372 0.2941 0.2157
v 0.081314 0.950928 0.018177 0.3451 0.3019 0.2235
v 0.056442 0.000000 0.020090 0.9294 0.8313 0.7529
v -0.056442 0.000000 0.020090 0.9529 0.8549 0.7764
v -0.048790 0.032532 0.020090 0.5333 0.4784 0.4432
v 0.048790 0.032532 0.020090 0.1098 0.0824 0.0745
v -0.046875 0.034454 0.020090 0.0745 0.0549 0.0431
v 0.046875 0.034454 0.020090 0.0588 0.0549 0.0549
v -0.044964 0.045929 0.020090 0.0980 0.0824 0.0745
v 0.044964 0.045929 0.020090 0.1020 0.0863 0.0745
v -0.046875 0.076538 0.020090 0.0706 0.0588 0.0588
v 0.046875 0.076538 0.020090 0.0824 0.0549 0.0549
v -0.138717 0.078461 0.020090 0.1294 0.1098 0.0980
v 0.138717 0.078461 0.020090 0.1333 0.1137 0.1020
v -0.119583 0.080383 0.020090 0.1294 0.1137 0.1098
v 0.119583 0.080383 0.020090 0.1333 0.1137 0.1020
v -0.098533 0.095673 0.020090 0.1569 0.1373 0.1255
v 0.098533 0.095673 0.020090 0.1490 0.1333 0.1216
v -0.067924 0.264038 0.020090 0.0980 0.0745 0.0667
v -0.090881 0.265961 0.020090 0.0706 0.0510 0.0392
v 0.090881 0.265961 0.020090 0.0745 0.0549 0.0392
v -0.389343 0.447723 0.020090 0.9333 0.6236 0.3843
v 0.389343 0.447724 0.020090 0.9882 0.6432 0.3725
v -0.379791 0.449646 0.020090 0.9725 0.6354 0.3725
v 0.379791 0.449646 0.020090 0.9411 0.6276 0.3804
v -0.398926 0.455383 0.020090 0.9882 0.6863 0.4039
v 0.398926 0.455383 0.020090 0.9882 0.6941 0.3961
v -0.372131 0.457275 0.020090 0.9529 0.6432 0.3804
v 0.372131 0.457276 0.020090 0.9607 0.6354 0.3725
v -0.398926 0.464935 0.020090 0.9686 0.6510 0.3961
v 0.398926 0.464935 0.020090 0.9529 0.6432 0.3804
v -0.087059 0.476410 0.020090 0.1137 0.0824 0.0706
v 0.087059 0.476410 0.020090 0.1098 0.0784 0.0667
v 0.000957 0.508972 0.020090 0.0941 0.0706 0.0588
v -0.081314 0.516602 0.020090 0.1020 0.0745 0.0627
v 0.081314 0.516602 0.020090 0.1059 0.0706 0.0588
v -0.075577 0.528076 0.020090 0.1176 0.0863 0.0745
v 0.075577 0.528076 0.020090 0.1294 0.0902 0.0824
v -0.025829 0.529968 0.020090 0.1373 0.1020 0.0824
v 0.025829 0.529968 0.020090 0.1255 0.0980 0.0745
v -0.039223 0.539551 0.020090 0.1373 0.1098 0.0863
v 0.039223 0.539551 0.020090 0.1373 0.1059 0.0863
v -0.161682 0.673462 0.020090 0.1020 0.0588 0.0588
v 0.161682 0.673462 0.020090 0.1216 0.0706 0.0863
v -0.176987 0.711731 0.020090 0.0667 0.0196 0.0196
v 0.176987 0.711731 0.020090 0.1961 0.1255 0.1098
v -0.184631 0.742371 0.020090 0.1725 0.0980 0.0863
v 0.184631 0.742371 0.020090 0.2000 0.1176 0.0980
v -0.182724 0.759583 0.020090 0.1765 0.1098 0.0902
v 0.182724 0.761475 0.020090 0.1843 0.1059 0.0863
v -0.108101 0.939453 0.020090 0.3294 0.2863 0.2078
v 0.108101 0.939453 0.020090 0.3216 0.2784 0.2000
v -0.037308 0.962402 0.020090 0.3216 0.2784 0.2000
v 0.037308 0.962402 0.020090 0.3372 0.2941 0.2157
v 0.127227 0.000000 0.022003 0.9451 0.8470 0.7608
v -0.127227 0.000000 0.022003 0.9411 0.8431 0.7568
v -0.048790 0.001923 0.022003 0.9764 0.8784 0.7921
v 0.048790 0.001923 0.022003 0.9372 0.8509 0.7686
v -0.046875 0.009583 0.022003 0.9490 0.8549 0.7608
v 0.046875 0.009583 0.022003 0.9490 0.8509 0.7725
v 0.046875 0.264038 0.022003 0.0745 0.0549 0.0431
v -0.046875 0.264069 0.022003 0.0902 0.0706 0.0549
v -0.092796 0.271698 0.022003 0.1020 0.0667 0.0549
v 0.092796 0.271698 0.022003 0.1020 0.0627 0.0549
v -0.393188 0.474518 0.022003 0.9294 0.6236 0.3765
v 0.393188 0.474518 0.022003 0.9647 0.6354 0.3804
v -0.079399 0.522339 0.022003 0.1098 0.0784 0.0588
v 0.079399 0.522339 0.022003 0.1176 0.0784 0.0706
v -0.054531 0.562500 0.022003 0.9686 0.6276 0.3608
v 0.054531 0.562500 0.022003 0.9686 0.6276 0.3647
v -0.131058 0.610352 0.022003 0.9607 0.6276 0.3725
v 0.131058 0.610352 0.022003 0.9607 0.6354 0.3765
v -0.152115 0.673462 0.022003 0.8902 0.5725 0.3216
v 0.152115 0.673462 0.022003 0.2039 0.1412 0.1255
v -0.184631 0.715576 0.022003 0.1647 0.0941 0.0706
v 0.184631 0.715576 0.022003 0.1686 0.0941 0.0745
v -0.178894 0.753845 0.022003 0.1882 0.1059 0.0863
v 0.178894 0.753845 0.022003 0.2039 0.1176 0.1020
v -0.176987 0.767212 0.022003 0.2039 0.1333 0.1059
v 0.176987 0.767212 0.022003 0.2039 0.1216 0.0980
v -0.043049 0.024872 0.023916 0.9019 0.8039 0.7255
v 0.043049 0.024872 0.023916 0.9098 0.8117 0.7333
v -0.044964 0.028717 0.023916 0.8941 0.7921 0.7137
v 0.044964 0.028717 0.023916 0.8862 0.7921 0.7059
v -0.044964 0.042114 0.023916 0.0824 0.0667 0.0627
v 0.044964 0.042114 0.023916 0.0706 0.0667 0.0588
v -0.046875 0.047852 0.023916 0.1255 0.1176 0.1059
v 0.046875 0.047852 0.023916 0.0902 0.0745 0.0706
v -0.154021 0.057404 0.023916 0.1412 0.1098 0.0980
v 0.154021 0.057404 0.023916 0.1412 0.1059 0.0941
v -0.123405 0.076538 0.023916 0.1490 0.1294 0.1176
v 0.123405 0.076538 0.023916 0.1569 0.1373 0.1255
v -0.125320 0.078461 0.023916 0.1608 0.1412 0.1294
v 0.125320 0.078461 0.023916 0.1569 0.1373 0.1255
v -0.079399 0.089935 0.023916 0.1333 0.1137 0.1020
v 0.079399 0.089935 0.023916 0.1294 0.1098 0.0980
v -0.092796 0.283173 0.023916 0.1176 0.0784 0.0706
v 0.092796 0.283173 0.023916 0.1176 0.0784 0.0706
v 0.092796 0.294647 0.023916 0.1098 0.0745 0.0667
v -0.092796 0.294678 0.023916 0.1098 0.0706 0.0627
v -0.385528 0.449646 0.023916 0.9490 0.6315 0.3804
v 0.385529 0.449646 0.023916 0.9686 0.6354 0.3725
v -0.377869 0.453461 0.023916 0.9215 0.6236 0.3804
v -0.395111 0.453461 0.023916 0.9804 0.6589 0.4000
v 0.377869 0.453461 0.023916 0.9647 0.6393 0.3804
v 0.395111 0.453461 0.023916 0.9843 0.6706 0.3882
v -0.398926 0.461121 0.023916 0.9804 0.6667 0.4039
v 0.398926 0.461121 0.023916 0.9882 0.6667 0.3843
v -0.374054 0.464935 0.023916 0.9843 0.6510 0.3647
v 0.374054 0.464935 0.023916 0.9607 0.6315 0.3647
v -0.381714 0.476410 0.023916 0.9568 0.6393 0.3804
v 0.381714 0.476410 0.023916 0.9568 0.6315 0.3765
v -0.087059 0.573975 0.023916 0.9529 0.6197 0.3647
v 0.087059 0.573975 0.023916 0.9529 0.6276 0.3686
v -0.155930 0.673462 0.023916 0.0980 0.0549 0.0784
v 0.155930 0.673462 0.023916 0.1451 0.0980 0.0941
v -0.192291 0.729004 0.023916 0.2000 0.1216 0.1020
v 0.192291 0.729004 0.023916 0.1922 0.1098 0.0902
v -0.190369 0.734741 0.023916 0.1804 0.1059 0.0863
v 0.190369 0.734741 0.023916 0.1843 0.1098 0.0902
v -0.171234 0.870544 0.023916 0.2980 0.2549 0.1725
v 0.171234 0.870544 0.023916 0.3216 0.2823 0.2039
v -0.102364 0.935608 0.023916 0.2863 0.2510 0.1686
v -0.102364 0.937500 0.023916 0.2863 0.2510 0.1686
v 0.102364 0.937500 0.023916 0.3294 0.2941 0.2039
v 0.000957 0.960449 0.023916 0.3137 0.2823 0.1961
v 0.002870 0.960449 0.023916 0.3255 0.2863 0.2078
v -0.012437 0.962402 0.023916 0.3451 0.3019 0.2235
v -0.023916 0.962402 0.023916 0.3412 0.2980 0.2118
v 0.023916 0.962402 0.023916 0.3333 0.2902 0.2118
v -0.173156 0.007660 0.025829 0.9607 0.8509 0.7568
v 0.173156 0.007660 0.025829 0.9490 0.8470 0.7568
v -0.175063 0.026794 0.025829 0.9098 0.8157 0.7294
v 0.175063 0.026794 0.025829 0.9098 0.8078 0.7176
v -0.173156 0.028717 0.025829 0.8157 0.7412 0.6628
v 0.173156 0.028717 0.025829 0.9019 0.8117 0.7216
v -0.046875 0.040192 0.025829 0.0824 0.0667 0.0627
v 0.046875 0.040192 0.025829 0.0784 0.0627 0.0588
v -0.048790 0.049744 0.025829 0.5490 0.5059 0.4628
v 0.048790 0.049744 0.025829 0.0902 0.0745 0.0706
v -0.050701 0.068878 0.025829 0.8941 0.7921 0.7059
v 0.050701 0.068878 0.025829 0.9294 0.8274 0.7529
v -0.050701 0.072723 0.025829 0.8941 0.7843 0.7020
v 0.050701 0.072723 0.025829 0.8862 0.7921 0.7294
v 0.000957 0.264038 0.025829 0.1216 0.0824 0.0745
v 0.023916 0.264038 0.025829 0.1176 0.0863 0.0745
v 0.069839 0.264038 0.025829 0.0627 0.0431 0.0275
v -0.023916 0.264069 0.025829 0.1176 0.0863 0.0745
v -0.098533 0.298492 0.025829 0.1059 0.0745 0.0588
v 0.098533 0.298492 0.025829 0.0980 0.0627 0.0588
v -0.106186 0.313782 0.025829 0.1216 0.0824 0.0745
v 0.106186 0.313782 0.025829 0.1255 0.0863 0.0784
v -0.391266 0.451538 0.025829 0.9843 0.6510 0.3843
v 0.391266 0.451538 0.025829 0.9882 0.6550 0.3804
v -0.397003 0.466858 0.025829 0.9451 0.6393 0.3882
v 0.397003 0.466858 0.025829 0.9607 0.6393 0.3725
v -0.375976 0.470673 0.025829 0.9764 0.6432 0.3725
v 0.375977 0.470673 0.025829 0.9647 0.6354 0.3647
v -0.060268 0.505127 0.025829 0.1059 0.0745 0.0588
v 0.060268 0.505127 0.025829 0.1098 0.0784 0.0667
v -0.010523 0.522339 0.025829 0.1255 0.0941 0.0824
v 0.010523 0.522339 0.025829 0.1216 0.0902 0.0784
v -0.043049 0.541504 0.025829 0.1412 0.1059 0.0863
v 0.043049 0.541504 0.025829 0.1373 0.0980 0.0824
v -0.163589 0.690735 0.025829 0.1569 0.0980 0.0902
v 0.163589 0.690735 0.025829 0.1333 0.0902 0.0902
v -0.150192 0.694519 0.025829 0.8823 0.5569 0.3137
v 0.150192 0.694519 0.025829 0.7020 0.4667 0.3412
v -0.150192 0.707947 0.025829 0.8196 0.5176 0.2745
v 0.150192 0.707947 0.025829 0.4078 0.2627 0.1686
v -0.190369 0.721313 0.025829 0.1843 0.1020 0.0863
v 0.190369 0.721313 0.025829 0.1922 0.1059 0.0941
v -0.184631 0.742371 0.025829 0.2000 0.1176 0.1059
v 0.184631 0.742371 0.025829 0.1961 0.1176 0.0980
v -0.176987 0.761475 0.025829 0.1922 0.1176 0.0941
v 0.176987 0.761475 0.025829 0.1961 0.1216 0.0980
v -0.073662 0.952820 0.025829 0.3372 0.2941 0.2157
v 0.073662 0.952820 0.025829 0.3412 0.2980 0.2196
v -0.004783 0.962402 0.025829 0.3372 0.2941 0.2157
v 0.004783 0.962402 0.025829 0.3372 0.2941 0.2078
v 0.012437 0.964294 0.025829 0.3294 0.2863 0.2078
v 0.104278 0.000000 0.027742 0.9411 0.8431 0.7568
v -0.104278 0.000000 0.027742 0.9411 0.8431 0.7568
v 0.169326 0.001923 0.027742 0.9764 0.8902 0.7960
v -0.169326 0.001923 0.027742 0.9176 0.8235 0.7372
v -0.173156 0.028717 0.027742 0.7333 0.6667 0.5961
v 0.173156 0.028717 0.027742 0.8745 0.8000 0.7137
v -0.048790 0.038269 0.027742 0.0824 0.0588 0.0549
v 0.048790 0.038269 0.027742 0.0784 0.0627 0.0627
v -0.140624 0.074616 0.027742 0.1294 0.0980 0.0902
v 0.140624 0.074616 0.027742 0.1451 0.1059 0.1020
v -0.102363 0.080383 0.027742 0.1490 0.1255 0.1176
v 0.102363 0.080383 0.027742 0.1412 0.1216 0.1098
v -0.064095 0.088013 0.027742 0.1530 0.1216 0.1137
v 0.064095 0.088013 0.027742 0.1294 0.1098 0.0941
v -0.102363 0.091858 0.027742 0.1530 0.1255 0.1255
v 0.102363 0.091858 0.027742 0.1686 0.1451 0.1333
v -0.069839 0.264038 0.027742 0.0627 0.0431 0.0314
v -0.102363 0.304230 0.027742 0.1216 0.0863 0.0627
v 0.102363 0.304230 0.027742 0.1176 0.0784 0.0706
v -0.106186 0.325256 0.027742 0.1216 0.0824 0.0745
v 0.104278 0.325256 0.027742 0.1255 0.0863 0.0784
v -0.385528 0.453461 0.027742 0.9960 0.6510 0.3568
v 0.385529 0.453461 0.027742 0.9843 0.6471 0.3608
v -0.379791 0.459198 0.027742 0.9960 0.6550 0.3647
v -0.395111 0.459198 0.027742 0.9647 0.6432 0.3921
v 0.379791 0.459198 0.027742 0.9764 0.6354 0.3647
v 0.395111 0.459198 0.027742 0.9843 0.6550 0.3686
v -0.387451 0.472595 0.027742 0.9529 0.6393 0.3765
v 0.387451 0.472595 0.027742 0.9647 0.6393 0.3686
v 0.000957 0.514710 0.027742 0.1137 0.0824 0.0706
v -0.025829 0.531921 0.027742 0.1373 0.1098 0.0863
v 0.025829 0.531921 0.027742 0.1373 0.1059 0.0863
v -0.163589 0.704102 0.027742 0.1804 0.1059 0.0902
v 0.163589 0.704102 0.027742 0.1333 0.0863 0.0863
v -0.154022 0.705994 0.027742 0.6589 0.3804 0.2000
v 0.154022 0.705994 0.027742 0.2235 0.1569 0.1216
v -0.148285 0.711731 0.027742 0.8196 0.5059 0.2706
v 0.148285 0.711731 0.027742 0.7412 0.4667 0.2667
v -0.163589 0.713684 0.027742 0.1373 0.0863 0.0706
v 0.163589 0.713684 0.027742 0.1137 0.0706 0.0706
v -0.198029 0.729004 0.027742 0.2078 0.1294 0.1098
v 0.198029 0.729004 0.027742 0.2078 0.1216 0.1020
v -0.198029 0.734741 0.027742 0.2000 0.1176 0.0980
v 0.198029 0.734741 0.027742 0.1922 0.1137 0.0941
v -0.178894 0.753845 0.027742 0.2000 0.1176 0.0980
v 0.178894 0.753845 0.027742 0.1882 0.1059 0.0863
v -0.142548 0.906921 0.027742 0.3019 0.2588 0.1882
v 0.142548 0.908813 0.027742 0.3176 0.2745 0.2000
v -0.100449 0.939453 0.027742 0.3255 0.2941 0.2118
v 0.100449 0.939453 0.027742 0.3059 0.2627 0.1843
v -0.169326 0.044006 0.029655 0.1333 0.0941 0.0863
v 0.169326 0.044006 0.029655 0.1333 0.0902 0.0863
v -0.136794 0.066986 0.029655 0.1333 0.1020 0.0941
v -0.052616 0.068878 0.029655 0.8941 0.7843 0.6980
v 0.052616 0.068878 0.029655 0.9058 0.8078 0.7294
v 0.136794 0.068878 0.029655 0.1412 0.1098 0.0980
v -0.102363 0.078461 0.029655 0.1412 0.1216 0.1059
v 0.102363 0.078461 0.029655 0.1412 0.1255 0.1137
v -0.129150 0.084198 0.029655 0.1412 0.1176 0.1020
v 0.129150 0.084198 0.029655 0.1333 0.1137 0.1020
v -0.075577 0.093750 0.029655 0.1765 0.1530 0.1412
v 0.075577 0.093750 0.029655 0.1608 0.1451 0.1451
v -0.098533 0.348236 0.029655 0.1176 0.0863 0.0745
v 0.098533 0.348236 0.029655 0.1294 0.0902 0.0824
v -0.079399 0.432404 0.029655 0.1137 0.0863 0.0627
v 0.079399 0.432404 0.029655 0.1176 0.0784 0.0706
v -0.385528 0.457275 0.029655 0.9921 0.6550 0.3608
v -0.391266 0.457275 0.029655 0.9725 0.6471 0.3725
v 0.385529 0.457276 0.029656 0.9843 0.6354 0.3568
v 0.391266 0.457276 0.029656 0.9921 0.6550 0.3647
v -0.387451 0.461121 0.029655 0.9725 0.6471 0.3804
v 0.387451 0.461121 0.029656 0.9921 0.6471 0.3686
v -0.391266 0.464935 0.029655 0.9411 0.6354 0.3843
v 0.391266 0.464935 0.029656 0.9921 0.6510 0.3725
v -0.381714 0.466858 0.029655 0.9764 0.6510 0.3765
v 0.381714 0.466858 0.029656 0.9607 0.6354 0.3765
v -0.064095 0.491730 0.029655 0.1098 0.0784 0.0667
v 0.064095 0.491730 0.029655 0.1137 0.0824 0.0706
v -0.062183 0.507019 0.029655 0.0863 0.0549 0.0431
v 0.062183 0.507019 0.029655 0.0941 0.0706 0.0588
v -0.140625 0.627563 0.029655 0.9607 0.6276 0.3647
v 0.140625 0.627563 0.029655 0.9568 0.6354 0.3686
v -0.155930 0.692627 0.029655 0.0902 0.0431 0.0431
v 0.155930 0.692627 0.029655 0.2157 0.1333 0.1098
v -0.176987 0.851440 0.029655 0.3098 0.2667 0.1882
v 0.176987 0.851440 0.029655 0.3098 0.2667 0.1882
v -0.046875 0.036377 0.031570 0.0824 0.0627 0.0549
v 0.046875 0.036377 0.031570 0.0902 0.0745 0.0706
v -0.167418 0.042114 0.031570 0.1216 0.0863 0.0745
v 0.167419 0.042114 0.031570 0.1294 0.0902 0.0824
v -0.064095 0.088013 0.031570 0.1569 0.1255 0.1137
v 0.064095 0.088013 0.031570 0.1373 0.1098 0.0980
v -0.069839 0.466858 0.031570 0.1098 0.0784 0.0667
v 0.069839 0.466858 0.031570 0.1098 0.0784 0.0667
v -0.010523 0.526184 0.031570 0.1294 0.0980 0.0824
v 0.010523 0.526184 0.031570 0.1294 0.1020 0.0824
v -0.048790 0.539551 0.031570 0.1176 0.0824 0.0627
v 0.048790 0.539551 0.031570 0.1294 0.0902 0.0784
v -0.157852 0.707947 0.031570 0.5647 0.3451 0.2235
v 0.157852 0.707947 0.031570 0.4550 0.2902 0.1843
v -0.169327 0.713684 0.031570 0.1098 0.0667 0.0588
v 0.169327 0.713684 0.031570 0.1373 0.0824 0.0745
v -0.150192 0.717468 0.031570 0.8470 0.5216 0.2784
v -0.155930 0.717468 0.031570 0.1255 0.0863 0.0784
v 0.150192 0.717468 0.031570 0.1765 0.1137 0.0980
v 0.155930 0.717468 0.031570 0.1216 0.0824 0.0745
v -0.201858 0.730896 0.031570 0.2196 0.1373 0.1176
v 0.201858 0.730896 0.031570 0.2078 0.1255 0.1098
v -0.194199 0.738525 0.031570 0.2235 0.1490 0.1333
v -0.201858 0.738525 0.031570 0.2353 0.1569 0.1373
v 0.194199 0.738525 0.031570 0.2157 0.1294 0.1098
v 0.201858 0.738525 0.031570 0.2432 0.1490 0.1333
v -0.184631 0.742371 0.031570 0.1961 0.1176 0.0980
v 0.184631 0.742371 0.031570 0.1765 0.1020 0.0824
v -0.121498 0.926025 0.031570 0.3294 0.2863 0.2078
v 0.121498 0.926025 0.031570 0.3333 0.2902 0.2118
v -0.100449 0.941345 0.031570 0.3451 0.3019 0.2157
v 0.098534 0.941345 0.031570 0.3412 0.2980 0.2118
v 0.161681 0.000000 0.031570 0.9490 0.8509 0.7725
v -0.161681 0.000000 0.031570 0.9333 0.8353 0.7490
v 0.083229 0.000000 0.033482 0.9372 0.8431 0.7490
v -0.083229 0.000000 0.033482 0.9333 0.8509 0.7608
v -0.050701 0.047852 0.033482 0.1216 0.1059 0.1020
v 0.050701 0.047852 0.033482 0.0902 0.0745 0.0706
v -0.129150 0.072723 0.033482 0.1216 0.1020 0.0824
v 0.129150 0.072723 0.033482 0.1333 0.1176 0.1020
v -0.048790 0.264038 0.033482 0.0627 0.0431 0.0275
v 0.046875 0.264038 0.033482 0.0392 0.0235 0.0118
v -0.071747 0.265961 0.033482 0.0863 0.0549 0.0431
v 0.071747 0.265961 0.033482 0.0706 0.0510 0.0353
v -0.094711 0.300384 0.033482 0.1137 0.0745 0.0667
v 0.094711 0.300385 0.033482 0.1176 0.0784 0.0706
v -0.096618 0.306122 0.033482 0.1176 0.0824 0.0667
v 0.096618 0.306122 0.033482 0.1255 0.0863 0.0784
v -0.098533 0.313782 0.033482 0.1137 0.0784 0.0588
v 0.098533 0.313782 0.033482 0.1216 0.0824 0.0745
v -0.098533 0.325256 0.033482 0.1176 0.0824 0.0667
v 0.098533 0.325256 0.033482 0.1255 0.0863 0.0784
v -0.088966 0.376923 0.033482 0.1137 0.0784 0.0706
v 0.088966 0.376923 0.033482 0.1255 0.0863 0.0784
v -0.062183 0.510864 0.033482 0.1059 0.0745 0.0627
v 0.062183 0.510864 0.033482 0.1098 0.0784 0.0667
v 0.000957 0.516602 0.033482 0.1216 0.0902 0.0784
v -0.058357 0.520447 0.033482 0.1176 0.0824 0.0627
v 0.058357 0.520447 0.033482 0.1294 0.0902 0.0824
v -0.054531 0.528076 0.033482 0.1176 0.0863 0.0627
v 0.054531 0.528076 0.033482 0.1294 0.0902 0.0784
v -0.052616 0.533814 0.033482 0.1176 0.0863 0.0745
v 0.052616 0.533813 0.033482 0.1294 0.0902 0.0824
v -0.037308 0.560608 0.033482 0.9725 0.6315 0.3686
v 0.037308 0.560608 0.033482 0.9764 0.6354 0.3647
v -0.146362 0.648621 0.033482 0.9568 0.6236 0.3608
v 0.146362 0.648621 0.033482 0.9568 0.6315 0.3647
v -0.159760 0.711731 0.033482 0.1176 0.0824 0.0745
v 0.159759 0.711731 0.033482 0.1176 0.0824 0.0706
v -0.178894 0.751953 0.033482 0.2157 0.1333 0.1137
v 0.178894 0.751953 0.033482 0.2235 0.1294 0.1137
v -0.180801 0.830383 0.033482 0.3019 0.2706 0.1922
v 0.180801 0.830383 0.033482 0.3019 0.2588 0.1725
v 0.060268 0.954712 0.033482 0.3294 0.2863 0.2078
v -0.060268 0.956665 0.033482 0.3137 0.2706 0.1922
v 0.150192 0.000000 0.035397 0.9411 0.8549 0.7725
v -0.140624 0.065063 0.035397 0.1137 0.0941 0.0824
v 0.140624 0.065064 0.035397 0.1333 0.0980 0.0902
v -0.127227 0.070801 0.035397 0.1530 0.1294 0.1216
v 0.127227 0.070801 0.035397 0.4314 0.3921 0.3608
v -0.131057 0.078461 0.035397 0.1098 0.0784 0.0784
v 0.131057 0.078461 0.035397 0.0980 0.0863 0.0745
v -0.083229 0.080383 0.035397 0.1137 0.0980 0.0863
v 0.083229 0.080383 0.035397 0.1098 0.0941 0.0824
v -0.081314 0.082275 0.035397 0.1176 0.0980 0.0902
v 0.081314 0.082275 0.035397 0.1255 0.1098 0.0980
v -0.090881 0.296570 0.035397 0.0667 0.0510 0.0392
v 0.090881 0.296570 0.035397 0.0980 0.0627 0.0549
v -0.041138 0.499390 0.035397 0.1020 0.0667 0.0549
v 0.041138 0.499390 0.035397 0.1098 0.0784 0.0667
v -0.060268 0.514710 0.035397 0.1137 0.0824 0.0706
v 0.060268 0.514709 0.035397 0.1255 0.0863 0.0784
v -0.027742 0.533813 0.035397 0.1451 0.1098 0.0902
v 0.027742 0.533813 0.035397 0.1412 0.1137 0.0902
v -0.144455 0.696472 0.035397 0.9333 0.6079 0.3412
v 0.144455 0.696472 0.035397 0.9529 0.6118 0.3490
v -0.175064 0.713684 0.035397 0.1176 0.0667 0.0588
v 0.175064 0.713684 0.035397 0.2471 0.1530 0.1137
v -0.157852 0.717468 0.035397 0.1176 0.0784 0.0745
v 0.157852 0.717468 0.035397 0.1176 0.0784 0.0706
v -0.194199 0.725159 0.035397 0.2000 0.1216 0.1020
v 0.194199 0.725159 0.035397 0.2078 0.1255 0.1059
v -0.196121 0.738525 0.035397 0.2275 0.1530 0.1333
v 0.196121 0.738525 0.035397 0.2275 0.1451 0.1255
v -0.173157 0.767212 0.035397 0.2078 0.1294 0.1098
v 0.173157 0.767212 0.035397 0.2235 0.1333 0.1098
v -0.176987 0.771057 0.035397 0.1843 0.1176 0.0941
v 0.176987 0.771057 0.035397 0.2000 0.1255 0.1020
v -0.180801 0.807434 0.035397 0.3059 0.2627 0.1843
v 0.180801 0.809326 0.035397 0.3333 0.3019 0.2118
v -0.115753 0.924133 0.035397 0.3176 0.2863 0.2039
v 0.115753 0.924133 0.035397 0.3255 0.2823 0.2000
v -0.117668 0.926025 0.035397 0.3059 0.2706 0.1922
v 0.115753 0.926025 0.035397 0.3294 0.2863 0.2078
v -0.150191 0.000000 0.035397 0.9372 0.8431 0.7490
v -0.069839 0.000000 0.037308 0.9451 0.8470 0.7608
v 0.069839 0.000000 0.037308 0.9411 0.8431 0.7568
v -0.046875 0.047852 0.037308 0.1216 0.1059 0.1020
v 0.046875 0.047852 0.037308 0.0941 0.0784 0.0706
v -0.157851 0.053589 0.037308 0.1451 0.1059 0.0980
v 0.157851 0.053589 0.037308 0.1451 0.1059 0.0980
v -0.146362 0.068878 0.037308 0.1294 0.1020 0.0902
v 0.146362 0.068878 0.037308 0.1490 0.1294 0.1176
v -0.069839 0.078461 0.037308 0.1137 0.0902 0.0863
v 0.069839 0.078461 0.037308 0.1294 0.1020 0.0902
v -0.066010 0.084198 0.037308 0.1373 0.1059 0.0980
v 0.066010 0.084198 0.037308 0.1216 0.0902 0.0824
v -0.079399 0.089935 0.037308 0.1725 0.1412 0.1412
v 0.079399 0.089935 0.037308 0.1647 0.1451 0.1294
v -0.073662 0.269775 0.037308 0.0941 0.0627 0.0510
v 0.073662 0.269775 0.037308 0.0980 0.0667 0.0549
v -0.088966 0.332916 0.037308 0.1098 0.0745 0.0627
v 0.088966 0.332916 0.037308 0.1137 0.0824 0.0706
v -0.079399 0.403717 0.037308 0.1098 0.0824 0.0667
v 0.079399 0.403717 0.037308 0.1176 0.0863 0.0745
v -0.044964 0.485992 0.037308 0.0941 0.0627 0.0510
v 0.044964 0.485992 0.037308 0.1137 0.0824 0.0706
v -0.104279 0.587402 0.037308 0.9568 0.6315 0.3725
v 0.104279 0.587402 0.037308 0.9647 0.6354 0.3843
v -0.146362 0.671570 0.037308 0.9568 0.6236 0.3608
v 0.146362 0.671570 0.037308 0.9607 0.6354 0.3765
v -0.152115 0.705994 0.037308 0.9058 0.5961 0.3686
v 0.152115 0.705994 0.037308 0.9137 0.5921 0.3568
v -0.148285 0.707947 0.037308 0.8902 0.5764 0.3412
v 0.148285 0.707947 0.037308 0.5451 0.3765 0.2667
v -0.146362 0.711731 0.037308 0.8588 0.5294 0.2863
v 0.146362 0.711731 0.037308 0.2235 0.1490 0.1216
v -0.148285 0.717468 0.037308 0.8470 0.5216 0.2863
v 0.148285 0.717468 0.037308 0.1882 0.1216 0.1020
v -0.152115 0.719421 0.037308 0.5530 0.3372 0.2039
v 0.152115 0.719421 0.037308 0.1294 0.0863 0.0706
v -0.186554 0.742371 0.037308 0.2000 0.1255 0.1020
v 0.186554 0.742371 0.037308 0.1765 0.1020 0.0784
v -0.175064 0.759583 0.037308 0.2078 0.1255 0.1059
v 0.175064 0.759583 0.037308 0.2078 0.1333 0.1098
v -0.184631 0.790222 0.037308 0.3216 0.2784 0.2000
v 0.184631 0.790222 0.037308 0.3333 0.2902 0.2118
v -0.152115 0.891602 0.037308 0.3137 0.2706 0.1843
v 0.152115 0.891602 0.037308 0.3059 0.2627 0.1843
v -0.134887 0.000000 0.039223 0.9372 0.8392 0.7529
v 0.134887 0.000000 0.039223 0.9372 0.8509 0.7608
v 0.060268 0.000000 0.039223 0.9372 0.8392 0.7529
v -0.060268 0.000000 0.039223 0.9411 0.8431 0.7647
v -0.108100 0.086121 0.039223 0.1255 0.1098 0.0980
v 0.108101 0.086121 0.039223 0.1294 0.1098 0.0980
v -0.023916 0.264038 0.039223 0.1059 0.0745 0.0627
v 0.023916 0.264038 0.039223 0.0902 0.0706 0.0549
v 0.073662 0.281250 0.039223 0.1098 0.0784 0.0667
v -0.073662 0.281281 0.039223 0.1176 0.0824 0.0627
v -0.073662 0.292725 0.039223 0.1059 0.0706 0.0549
v 0.073662 0.292725 0.039223 0.1098 0.0745 0.0627
v -0.096618 0.302307 0.039223 0.1020 0.0784 0.0667
v 0.096618 0.302307 0.039223 0.1137 0.0784 0.0667
v -0.098533 0.306122 0.039223 0.1098 0.0706 0.0627
v 0.098533 0.306122 0.039223 0.1137 0.0745 0.0667
v -0.100448 0.313782 0.039223 0.1020 0.0706 0.0588
v 0.100448 0.313782 0.039223 0.1059 0.0745 0.0667
v -0.043049 0.503235 0.039223 0.0824 0.0627 0.0510
v 0.043049 0.503235 0.039223 0.1020 0.0706 0.0588
v 0.000957 0.516602 0.039223 0.1137 0.0941 0.0784
v -0.012437 0.526184 0.039223 0.1412 0.1137 0.0902
v 0.012437 0.526184 0.039223 0.1412 0.1098 0.0902
v -0.020090 0.558716 0.039223 0.9725 0.6315 0.3608
v 0.020090 0.558716 0.039223 0.9764 0.6354 0.3647
v -0.157852 0.707947 0.039223 0.6628 0.4432 0.2980
v 0.157852 0.707947 0.039223 0.7647 0.5176 0.3216
v -0.159760 0.711731 0.039223 0.0980 0.0784 0.0667
v 0.159759 0.711731 0.039223 0.0980 0.0745 0.0667
v -0.157852 0.717468 0.039223 0.1137 0.0784 0.0706
v -0.159760 0.717468 0.039223 0.1216 0.0824 0.0745
v 0.157852 0.717468 0.039223 0.1255 0.0863 0.0784
v 0.159759 0.717468 0.039223 0.1255 0.0863 0.0784
v -0.182724 0.719421 0.039223 0.1373 0.0667 0.0667
v 0.182724 0.719421 0.039223 0.1725 0.1098 0.1059
v -0.144455 0.721313 0.039223 0.9098 0.5686 0.3176
v 0.144455 0.721313 0.039223 0.8941 0.5961 0.3529
v -0.198029 0.730896 0.039223 0.2235 0.1451 0.1255
v 0.198029 0.730896 0.039223 0.2157 0.1373 0.1216
v -0.198029 0.734741 0.039223 0.2392 0.1608 0.1373
v 0.198029 0.734741 0.039223 0.2275 0.1451 0.1255
v -0.184631 0.774902 0.039223 0.3333 0.2863 0.2000
v 0.184631 0.774902 0.039223 0.3059 0.2588 0.1804
v -0.186554 0.780640 0.039223 0.3294 0.2902 0.2039
v 0.186554 0.780640 0.039223 0.3176 0.2745 0.1882
v -0.115753 0.926025 0.039223 0.3059 0.2627 0.1804
v 0.113838 0.927979 0.039223 0.3372 0.2941 0.2078
v -0.052616 0.001923 0.041138 0.9725 0.8745 0.7882
v 0.052616 0.001923 0.041138 0.8862 0.7960 0.7216
v -0.048790 0.009583 0.041138 0.9411 0.8431 0.7568
v 0.048790 0.009583 0.041138 0.9451 0.8470 0.7647
v -0.131057 0.066986 0.041138 0.1020 0.0902 0.0824
v 0.131057 0.066986 0.041138 0.1020 0.0863 0.0784
v -0.132980 0.068878 0.041138 0.1020 0.0863 0.0784
v 0.132980 0.068878 0.041138 0.1059 0.0902 0.0745
v -0.085144 0.076538 0.041138 0.1216 0.1059 0.0941
v 0.085144 0.076538 0.041138 0.1294 0.1098 0.1020
v 0.000957 0.264038 0.041138 0.1059 0.0745 0.0627
v -0.092796 0.298492 0.041138 0.1137 0.0745 0.0667
v 0.092796 0.298492 0.041138 0.1098 0.0745 0.0667
v -0.100448 0.323364 0.041138 0.1137 0.0824 0.0706
v 0.100448 0.323364 0.041138 0.1255 0.0863 0.0784
v -0.081314 0.344391 0.041138 0.1059 0.0667 0.0588
v 0.081314 0.344391 0.041138 0.1137 0.0784 0.0667
v -0.046875 0.459198 0.041138 0.1098 0.0706 0.0627
v 0.046875 0.459198 0.041138 0.1176 0.0824 0.0627
v -0.020090 0.495544 0.041138 0.1059 0.0824 0.0627
v -0.033482 0.495544 0.041138 0.0706 0.0549 0.0431
v 0.020090 0.495544 0.041138 0.1059 0.0745 0.0627
v 0.033482 0.495544 0.041138 0.0745 0.0549 0.0392
v -0.039223 0.499390 0.041138 0.0667 0.0510 0.0353
v 0.039223 0.499390 0.041138 0.0667 0.0471 0.0353
v -0.043049 0.507019 0.041138 0.1137 0.0824 0.0706
v 0.043049 0.507019 0.041138 0.1216 0.0863 0.0784
v -0.031570 0.531921 0.041138 0.1333 0.1020 0.0902
v 0.031570 0.531921 0.041138 0.1686 0.1216 0.1020
v 0.000957 0.558716 0.041138 0.9764 0.6276 0.3608
v -0.069839 0.570190 0.041138 0.9647 0.6236 0.3608
v 0.069839 0.570190 0.041138 0.9647 0.6236 0.3608
v -0.132980 0.910706 0.041138 0.3176 0.2745 0.1922
v 0.132980 0.910706 0.041138 0.3372 0.2941 0.2078
v -0.044964 0.956665 0.041138 0.3216 0.2784 0.1922
v 0.044964 0.956665 0.041138 0.3255 0.2823 0.2039
v -0.044964 0.024872 0.043049 0.9058 0.8000 0.7294
v 0.044964 0.024872 0.043049 0.9137 0.8117 0.7294
v -0.046875 0.028717 0.043049 0.6824 0.6197 0.5647
v 0.046875 0.028717 0.043049 0.2941 0.2588 0.2275
v -0.058357 0.063141 0.043049 0.1412 0.1294 0.1137
v 0.058357 0.063141 0.043049 0.1098 0.0980 0.0863
v -0.073662 0.074616 0.043049 0.1137 0.0980 0.0863
v 0.073662 0.074616 0.043049 0.1255 0.1020 0.0941
v -0.083229 0.078461 0.043049 0.1216 0.1059 0.0980
v 0.083229 0.078461 0.043049 0.1294 0.1098 0.0980
v -0.050701 0.264038 0.043049 0.0627 0.0431 0.0314
v 0.050701 0.264038 0.043049 0.0510 0.0353 0.0235
v -0.041138 0.512756 0.043049 0.1294 0.0980 0.0824
v 0.041138 0.512756 0.043049 0.1333 0.0980 0.0902
v 0.000957 0.514709 0.043049 0.1176 0.0941 0.0784
v -0.033482 0.520447 0.043049 0.1176 0.0824 0.0745
v -0.037308 0.520447 0.043049 0.1137 0.0824 0.0667
v 0.033482 0.520447 0.043049 0.1255 0.0902 0.0784
v 0.037308 0.520447 0.043049 0.1294 0.0941 0.0863
v -0.033482 0.526184 0.043049 0.1255 0.0941 0.0824
v 0.033482 0.526184 0.043049 0.1530 0.1137 0.0902
v -0.188461 0.723206 0.043049 0.2118 0.1176 0.1020
v 0.188461 0.723206 0.043049 0.2078 0.1176 0.0980
v -0.188461 0.738525 0.043049 0.2353 0.1608 0.1373
v 0.188461 0.738525 0.043049 0.2353 0.1530 0.1333
v -0.178894 0.746216 0.043049 0.2196 0.1412 0.1216
v 0.178894 0.746216 0.043049 0.1882 0.1137 0.0980
v -0.113838 0.927979 0.043049 0.3451 0.3019 0.2196
v 0.111931 0.927979 0.043049 0.3372 0.2941 0.2078
v -0.087059 0.943237 0.043049 0.3294 0.2863 0.2078
v 0.085144 0.943237 0.043049 0.3372 0.2941 0.2078
v -0.157851 0.053589 0.044964 0.1373 0.0980 0.0941
v 0.157851 0.053589 0.044964 0.1451 0.1098 0.1020
v -0.150191 0.066986 0.044964 0.0863 0.0588 0.0549
v 0.150192 0.066986 0.044964 0.1137 0.0941 0.0824
v -0.110015 0.070801 0.044964 0.8509 0.7647 0.6980
v 0.110015 0.070801 0.044964 0.8392 0.7490 0.6824
v -0.073662 0.359711 0.044964 0.1137 0.0745 0.0667
v 0.073662 0.359711 0.044964 0.1176 0.0784 0.0706
v -0.050701 0.430511 0.044964 0.1137 0.0784 0.0588
v 0.050701 0.430511 0.044964 0.1216 0.0824 0.0745
v -0.022003 0.482178 0.044964 0.1098 0.0784 0.0667
v 0.022003 0.482178 0.044964 0.1059 0.0745 0.0627
v -0.033482 0.489807 0.044964 0.0667 0.0510 0.0392
v 0.033482 0.489807 0.044964 0.0745 0.0549 0.0431
v -0.020090 0.499390 0.044964 0.1020 0.0706 0.0588
v -0.027742 0.499390 0.044964 0.0824 0.0667 0.0510
v 0.020090 0.499390 0.044964 0.1020 0.0706 0.0588
v 0.027742 0.499390 0.044964 0.0824 0.0667 0.0510
v -0.043049 0.505127 0.044964 0.1059 0.0824 0.0667
v 0.043049 0.505127 0.044964 0.1176 0.0863 0.0745
v 0.000957 0.512756 0.044964 0.1255 0.0941 0.0745
v -0.012437 0.522339 0.044964 0.1490 0.1098 0.0902
v 0.014350 0.522339 0.044964 0.1569 0.1137 0.0902
v -0.140625 0.713684 0.044964 0.9058 0.5686 0.3137
v 0.140625 0.713684 0.044964 0.9255 0.5961 0.3333
v -0.163589 0.717468 0.044964 0.1373 0.0863 0.0627
v 0.163589 0.717468 0.044964 0.1176 0.0706 0.0627
v -0.176987 0.751953 0.044964 0.2314 0.1490 0.1294
v 0.175064 0.751953 0.044964 0.1686 0.1020 0.0745
v -0.159760 0.872437 0.044964 0.2941 0.2510 0.1647
v 0.159759 0.874390 0.044964 0.3059 0.2706 0.1882
v -0.127228 0.908813 0.044964 0.3176 0.2745 0.1961
v -0.129150 0.910706 0.044964 0.2980 0.2588 0.1804
v 0.127228 0.910706 0.044964 0.3176 0.2784 0.1961
v 0.129150 0.910706 0.044964 0.3294 0.2902 0.2118
v 0.000957 0.956665 0.044964 0.3333 0.2902 0.2078
v 0.002870 0.956665 0.044964 0.3098 0.2667 0.1882
v -0.014350 0.958557 0.044964 0.3216 0.2784 0.2000
v -0.027742 0.958557 0.044964 0.3137 0.2823 0.2000
v 0.027742 0.958557 0.044964 0.3294 0.2863 0.2078
v 0.111930 0.000000 0.046875 0.9411 0.8431 0.7568
v -0.111930 0.000000 0.046875 0.9411 0.8431 0.7568
v -0.056442 0.063141 0.046875 0.8627 0.7725 0.6785
v 0.056442 0.063141 0.046875 0.1725 0.1530 0.1373
v -0.110015 0.080383 0.046875 0.1882 0.1608 0.1490
v 0.110015 0.080383 0.046875 0.1725 0.1490 0.1412
v -0.077492 0.294647 0.046875 0.0902 0.0588 0.0510
v 0.075577 0.294647 0.046875 0.0980 0.0667 0.0549
v -0.094711 0.302307 0.046875 0.1255 0.0863 0.0784
v 0.094711 0.302307 0.046875 0.1176 0.0824 0.0667
v -0.098533 0.304230 0.046875 0.1255 0.0863 0.0784
v 0.098533 0.304230 0.046875 0.1255 0.0863 0.0745
v -0.100448 0.308044 0.046875 0.1255 0.0902 0.0706
v 0.100448 0.308044 0.046875 0.1294 0.0902 0.0784
v -0.102363 0.313782 0.046875 0.1216 0.0863 0.0784
v 0.102363 0.313782 0.046875 0.1294 0.0902 0.0824
v -0.092796 0.332916 0.046875 0.1176 0.0863 0.0667
v 0.092796 0.332916 0.046875 0.1294 0.0902 0.0706
v -0.069839 0.373108 0.046875 0.1137 0.0745 0.0549
v 0.067924 0.373108 0.046875 0.1216 0.0824 0.0745
v -0.023916 0.457275 0.046875 0.1059 0.0745 0.0627
v 0.023916 0.457275 0.046875 0.0863 0.0667 0.0510
v -0.027742 0.489807 0.046875 0.0588 0.0431 0.0353
v 0.027742 0.489807 0.046875 0.0706 0.0549 0.0431
v -0.041138 0.491730 0.046875 0.0863 0.0588 0.0510
v 0.041138 0.491730 0.046875 0.0784 0.0588 0.0510
v 0.000957 0.493652 0.046875 0.1176 0.0902 0.0667
v -0.020090 0.505127 0.046875 0.1137 0.0824 0.0706
v -0.023916 0.505127 0.046875 0.1020 0.0745 0.0627
v 0.020090 0.505127 0.046875 0.1059 0.0745 0.0627
v 0.023916 0.505127 0.046875 0.0980 0.0745 0.0627
v -0.016264 0.518494 0.046875 0.1294 0.0941 0.0745
v 0.016264 0.518494 0.046875 0.1373 0.1020 0.0824
v -0.192291 0.729004 0.046875 0.2000 0.1255 0.1098
v 0.192291 0.729004 0.046875 0.2157 0.1412 0.1216
v -0.192291 0.734741 0.046875 0.2039 0.1294 0.1137
v 0.192291 0.734741 0.046875 0.2157 0.1412 0.1294
v -0.171234 0.761475 0.046875 0.2275 0.1451 0.1255
v 0.171234 0.761475 0.046875 0.1961 0.1176 0.0902
v -0.167419 0.769165 0.046875 0.2000 0.1255 0.1020
v 0.167419 0.769165 0.046875 0.1804 0.1059 0.0824
v -0.004783 0.958557 0.046875 0.3333 0.2902 0.2118
v 0.006697 0.958557 0.046875 0.3333 0.2902 0.2039
v 0.014350 0.958557 0.046875 0.3255 0.2823 0.2039
v -0.154021 0.049744 0.048790 0.1882 0.1530 0.1373
v 0.154021 0.049744 0.048790 0.2471 0.2157 0.1882
v -0.111930 0.066986 0.048790 0.1216 0.1020 0.0941
v 0.111930 0.066986 0.048790 0.1216 0.1020 0.0902
v -0.136794 0.072723 0.048790 0.1020 0.0902 0.0863
v 0.136794 0.072723 0.048790 0.1020 0.0863 0.0784
v -0.085144 0.084198 0.048790 0.1373 0.1176 0.1059
v 0.085144 0.084198 0.048790 0.1333 0.1137 0.1020
v -0.050701 0.269775 0.048790 0.1020 0.0745 0.0588
v 0.050701 0.269775 0.048790 0.1059 0.0745 0.0627
v -0.066009 0.382660 0.048790 0.1176 0.0784 0.0706
v 0.064095 0.384583 0.048790 0.1137 0.0863 0.0745
v -0.035397 0.432404 0.048790 0.0824 0.0627 0.0510
v 0.035397 0.432404 0.048790 0.0863 0.0627 0.0510
v -0.035397 0.468781 0.048790 0.0588 0.0431 0.0314
v 0.035397 0.468781 0.048790 0.0549 0.0392 0.0314
v 0.000957 0.480255 0.048790 0.1137 0.0824 0.0706
v 0.000957 0.497467 0.048790 0.0941 0.0745 0.0588
v 0.000957 0.508972 0.048790 0.1216 0.0902 0.0745
v -0.041138 0.510864 0.048790 0.1608 0.1255 0.1059
v 0.041138 0.510864 0.048790 0.1255 0.0941 0.0824
v -0.018177 0.512756 0.048790 0.1176 0.0863 0.0745
v 0.018177 0.512756 0.048790 0.1137 0.0863 0.0627
v -0.117668 0.602722 0.048790 0.9568 0.6236 0.3686
v 0.117668 0.602722 0.048790 0.9607 0.6354 0.3765
v -0.152115 0.723206 0.048790 0.1216 0.0627 0.0549
v 0.152115 0.723206 0.048790 0.2157 0.1255 0.1020
v -0.150191 0.061249 0.050701 0.1765 0.1216 0.1098
v 0.150191 0.061249 0.050701 0.0824 0.0667 0.0667
v -0.071747 0.078461 0.050701 0.1098 0.0902 0.0824
v 0.071747 0.078461 0.050701 0.1098 0.0941 0.0824
v -0.025829 0.264038 0.050701 0.0902 0.0706 0.0549
v 0.025829 0.264038 0.050701 0.1059 0.0745 0.0627
v 0.050701 0.281250 0.050701 0.1098 0.0784 0.0667
v -0.050701 0.281281 0.050701 0.1059 0.0745 0.0627
v -0.050701 0.292725 0.050701 0.0863 0.0667 0.0549
v 0.050701 0.292725 0.050701 0.1020 0.0706 0.0588
v -0.100448 0.321442 0.050701 0.1255 0.0863 0.0784
v 0.100448 0.321442 0.050701 0.1294 0.0902 0.0824
v -0.083229 0.344391 0.050701 0.1137 0.0824 0.0706
v 0.083229 0.344391 0.050701 0.1294 0.0941 0.0745
v -0.052616 0.401794 0.050701 0.1137 0.0784 0.0706
v 0.050701 0.401794 0.050701 0.1176 0.0863 0.0745
v -0.037308 0.411377 0.050701 0.0980 0.0667 0.0549
v 0.037308 0.411377 0.050701 0.0941 0.0706 0.0588
v 0.000957 0.457275 0.050701 0.1176 0.0784 0.0706
v -0.041138 0.470673 0.050701 0.0706 0.0549 0.0431
v 0.041138 0.470673 0.050701 0.0588 0.0471 0.0392
v -0.043049 0.493652 0.050701 0.1216 0.0902 0.0824
v 0.043049 0.493652 0.050701 0.1294 0.0902 0.0824
v 0.000957 0.503235 0.050701 0.1137 0.0863 0.0627
v -0.027742 0.510864 0.050701 0.1137 0.0824 0.0706
v 0.027742 0.510864 0.050701 0.1647 0.1294 0.1098
v -0.033482 0.514710 0.050701 0.1686 0.1255 0.1098
v 0.033482 0.514709 0.050701 0.1765 0.1373 0.1176
v -0.171234 0.719421 0.050701 0.1725 0.0902 0.0745
v 0.171234 0.721313 0.050701 0.1098 0.0627 0.0706
v -0.180801 0.742371 0.050701 0.2039 0.1294 0.1059
v 0.180801 0.742371 0.050701 0.2039 0.1255 0.1059
v -0.165497 0.853333 0.050701 0.3137 0.2706 0.1922
v 0.165497 0.855225 0.050701 0.3098 0.2667 0.1804
v -0.142548 0.893494 0.050701 0.3216 0.2784 0.1961
v 0.142548 0.893494 0.050701 0.3372 0.2941 0.2078
v -0.127228 0.912659 0.050701 0.3647 0.3176 0.2275
v 0.127228 0.912659 0.050701 0.3412 0.2980 0.2078
v 0.088966 0.000000 0.052616 0.9411 0.8470 0.7529
v -0.088966 0.000000 0.052616 0.9411 0.8470 0.7608
v 0.176986 0.001923 0.052616 0.9804 0.8980 0.8039
v -0.176986 0.001923 0.052616 0.9255 0.8274 0.7490
v -0.180800 0.007660 0.052616 0.9568 0.8431 0.7490
v 0.180800 0.007660 0.052616 0.9529 0.8431 0.7568
v -0.180800 0.024872 0.052616 0.9058 0.8157 0.7255
v 0.180800 0.024872 0.052616 0.9137 0.8078 0.7255
v -0.178893 0.028717 0.052616 0.7412 0.6980 0.6432
v 0.178893 0.028717 0.052616 0.7490 0.7020 0.6471
v -0.146362 0.055512 0.052616 0.9411 0.8745 0.8000
v 0.146362 0.055512 0.052616 0.9764 0.8902 0.8157
v -0.136794 0.061249 0.052616 0.8588 0.7686 0.6980
v 0.136794 0.061249 0.052616 0.8980 0.8117 0.7412
v -0.090881 0.070801 0.052616 0.1530 0.1255 0.1098
v 0.090881 0.070801 0.052616 0.1412 0.1216 0.1098
v 0.000957 0.264038 0.052616 0.1059 0.0745 0.0627
v -0.075577 0.357788 0.052616 0.1098 0.0745 0.0667
v 0.075577 0.357788 0.052616 0.1098 0.0784 0.0667
v -0.052616 0.384583 0.052616 0.1137 0.0824 0.0706
v 0.052616 0.384583 0.052616 0.1216 0.0902 0.0784
v -0.037308 0.409454 0.052616 0.1020 0.0745 0.0627
v 0.037308 0.409454 0.052616 0.0980 0.0706 0.0627
v -0.025829 0.428589 0.052616 0.0980 0.0784 0.0627
v 0.025829 0.428589 0.052616 0.0902 0.0706 0.0549
v -0.046875 0.432404 0.052616 0.0745 0.0549 0.0431
v 0.046875 0.432404 0.052616 0.0706 0.0549 0.0431
v -0.035397 0.436249 0.052616 0.0588 0.0431 0.0353
v 0.035397 0.436249 0.052616 0.0627 0.0471 0.0353
v -0.035397 0.443909 0.052616 0.0471 0.0314 0.0275
v 0.035397 0.443909 0.052616 0.0510 0.0353 0.0235
v -0.029655 0.470673 0.052616 0.0588 0.0431 0.0353
v 0.029655 0.470673 0.052616 0.0627 0.0471 0.0353
v -0.150192 0.705994 0.052616 0.2078 0.1255 0.0863
v 0.150192 0.705994 0.052616 0.1333 0.0902 0.0824
v -0.144455 0.707947 0.052616 0.4314 0.2823 0.2235
v 0.146362 0.707947 0.052616 0.2235 0.1490 0.1059
v -0.142548 0.711731 0.052616 0.1922 0.1255 0.1098
v 0.144455 0.711731 0.052616 0.1569 0.1059 0.0824
v -0.144455 0.717468 0.052616 0.1686 0.1137 0.1020
v -0.150192 0.717468 0.052616 0.1569 0.1020 0.0902
v 0.146362 0.717468 0.052616 0.1490 0.1020 0.0863
v 0.150192 0.719421 0.052616 0.1647 0.1059 0.0863
v -0.138718 0.730896 0.052616 0.9176 0.5843 0.3333
v 0.138718 0.730896 0.052616 0.9843 0.6471 0.3843
v -0.165497 0.776794 0.052616 0.2588 0.2039 0.1451
v 0.165497 0.776794 0.052616 0.2118 0.1569 0.1176
v -0.136795 0.893494 0.052616 0.3255 0.2863 0.2039
v 0.136795 0.893494 0.052616 0.3294 0.2863 0.2000
v 0.067924 0.945190 0.052616 0.3294 0.2863 0.2078
v -0.069839 0.947083 0.052616 0.3137 0.2823 0.2000
v 0.169326 0.000000 0.052616 0.9764 0.8784 0.8000
v -0.169326 0.000000 0.052616 0.9176 0.8196 0.7333
v -0.155929 0.000000 0.054531 0.9333 0.8392 0.7451
v -0.173156 0.040192 0.054531 0.1412 0.0980 0.0902
v 0.173156 0.040192 0.054531 0.1451 0.1059 0.1020
v -0.138717 0.066986 0.054531 0.5176 0.4628 0.4157
v 0.138717 0.066986 0.054531 0.0392 0.0392 0.0431
v -0.088966 0.072723 0.054531 0.1451 0.1216 0.1098
v 0.088966 0.072723 0.054531 0.1294 0.1098 0.0980
v -0.088966 0.078461 0.054531 0.1255 0.1020 0.0902
v 0.088966 0.078461 0.054531 0.0941 0.0745 0.0706
v -0.077492 0.298492 0.054531 0.1176 0.0784 0.0706
v 0.077492 0.298492 0.054531 0.1059 0.0784 0.0549
v 0.090881 0.308044 0.054531 0.1216 0.0863 0.0706
v -0.092796 0.308075 0.054531 0.1137 0.0824 0.0706
v -0.094711 0.309967 0.054531 0.1176 0.0863 0.0667
v 0.094711 0.309967 0.054531 0.1216 0.0824 0.0745
v -0.094711 0.311859 0.054531 0.1216 0.0902 0.0706
v 0.094711 0.311859 0.054531 0.1255 0.0863 0.0745
v -0.094711 0.313782 0.054531 0.1176 0.0863 0.0667
v 0.094711 0.313782 0.054531 0.1294 0.0902 0.0824
v -0.092796 0.330994 0.054531 0.1216 0.0902 0.0784
v 0.092796 0.330994 0.054531 0.1294 0.0902 0.0824
v -0.046875 0.409454 0.054531 0.0588 0.0392 0.0275
v 0.046875 0.409454 0.054531 0.0667 0.0471 0.0353
v -0.037308 0.411377 0.054531 0.0706 0.0510 0.0392
v -0.046875 0.411377 0.054531 0.0549 0.0392 0.0314
v 0.037308 0.411377 0.054531 0.0706 0.0510 0.0392
v 0.046875 0.411377 0.054531 0.0784 0.0510 0.0392
v -0.025829 0.432404 0.054531 0.0745 0.0549 0.0431
v 0.025829 0.432404 0.054531 0.0784 0.0588 0.0471
v -0.043049 0.436249 0.054531 0.0745 0.0588 0.0510
v 0.043049 0.436249 0.054531 0.0784 0.0588 0.0510
v -0.029655 0.443909 0.054531 0.0471 0.0314 0.0235
v -0.043049 0.443909 0.054531 0.0588 0.0392 0.0392
v 0.029655 0.443909 0.054531 0.0471 0.0314 0.0275
v 0.043049 0.443909 0.054531 0.0667 0.0510 0.0431
v -0.025829 0.493652 0.054531 0.0941 0.0745 0.0588
v 0.025829 0.493652 0.054531 0.1137 0.0941 0.0824
v -0.154022 0.707947 0.054531 0.0902 0.0588 0.0588
v 0.154022 0.707947 0.054531 0.1137 0.0824 0.0824
v -0.155930 0.711731 0.054531 0.0706 0.0667 0.0667
v 0.155930 0.711731 0.054531 0.0745 0.0706 0.0824
v -0.154022 0.717468 0.054531 0.1294 0.0902 0.0824
v 0.154022 0.717468 0.054531 0.1373 0.0980 0.0863
v -0.175064 0.750000 0.054531 0.2196 0.1451 0.1294
v 0.175064 0.750000 0.054531 0.2118 0.1294 0.1098
v -0.169327 0.811218 0.054531 0.3294 0.2863 0.2078
v 0.169327 0.813171 0.054531 0.3490 0.3059 0.2275
v -0.169327 0.834229 0.054531 0.2863 0.2432 0.1647
v 0.167419 0.834229 0.054531 0.3019 0.2588 0.1804
v -0.136795 0.893494 0.054531 0.2784 0.2432 0.1647
v 0.136795 0.893494 0.054531 0.3451 0.3019 0.2157
v 0.155929 0.000000 0.054531 0.9372 0.8509 0.7686
v 0.073662 0.000000 0.056442 0.9372 0.8431 0.7490
v -0.073662 0.000000 0.056442 0.9451 0.8470 0.7608
v -0.165496 0.047852 0.056442 0.1686 0.1216 0.1059
v 0.165496 0.047852 0.056442 0.2118 0.1765 0.1569
v -0.079399 0.068878 0.056442 0.1255 0.0980 0.0863
v 0.079399 0.068878 0.056442 0.1216 0.1020 0.0902
v -0.075577 0.074616 0.056442 0.1137 0.0824 0.0745
v 0.075577 0.074616 0.056442 0.1176 0.0980 0.0863
v -0.025829 0.267853 0.056442 0.1098 0.0784 0.0627
v 0.025829 0.267853 0.056442 0.1137 0.0824 0.0706
v -0.092796 0.317627 0.056442 0.1176 0.0863 0.0706
v 0.092796 0.317627 0.056442 0.1255 0.0863 0.0784
v -0.071747 0.371185 0.056442 0.1098 0.0863 0.0706
v 0.071747 0.371185 0.056442 0.1098 0.0784 0.0667
v -0.025829 0.409454 0.056442 0.0941 0.0745 0.0627
v 0.025829 0.409454 0.056442 0.0902 0.0706 0.0588
v -0.025829 0.411377 0.056442 0.0902 0.0667 0.0549
v -0.037308 0.411377 0.056442 0.0667 0.0471 0.0353
v -0.046875 0.411377 0.056442 0.0588 0.0431 0.0314
v 0.025829 0.411377 0.056442 0.0902 0.0667 0.0549
v 0.037308 0.411377 0.056442 0.0745 0.0549 0.0431
v 0.046875 0.411377 0.056442 0.0706 0.0510 0.0392
v 0.000957 0.428589 0.056442 0.1137 0.0824 0.0706
v -0.029655 0.436249 0.056442 0.0549 0.0392 0.0314
v 0.029655 0.436249 0.056442 0.0588 0.0431 0.0314
v -0.044964 0.470673 0.056442 0.1294 0.0941 0.0863
v 0.044964 0.470673 0.056442 0.1333 0.0980 0.0863
v -0.048790 0.564453 0.056442 0.9647 0.6315 0.3686
v 0.048790 0.564453 0.056442 0.9647 0.6315 0.3686
v -0.127228 0.623718 0.056442 0.9607 0.6276 0.3647
v 0.127228 0.623718 0.056442 0.9568 0.6354 0.3647
v -0.161682 0.723206 0.056442 0.1530 0.0863 0.0667
v 0.161682 0.723206 0.056442 0.1686 0.0941 0.0784
v -0.175064 0.725159 0.056442 0.1843 0.1020 0.0902
v 0.175064 0.725159 0.056442 0.1490 0.0824 0.0784
v -0.146362 0.732788 0.056442 0.5490 0.3333 0.2118
v 0.146362 0.732788 0.056442 0.2353 0.1451 0.1137
v -0.182724 0.738525 0.056442 0.1647 0.0980 0.0941
v 0.182724 0.738525 0.056442 0.2000 0.1255 0.1176
v -0.169327 0.759583 0.056442 0.2000 0.1255 0.1020
v 0.169327 0.759583 0.056442 0.2000 0.1255 0.1098
v 0.165497 0.769165 0.056442 0.1725 0.0980 0.0745
v -0.171234 0.776794 0.056442 0.2471 0.1961 0.1451
v 0.171234 0.776794 0.056442 0.2902 0.2471 0.1686
v -0.123405 0.912659 0.056442 0.3529 0.3098 0.2235
v 0.123405 0.914551 0.056442 0.3176 0.2863 0.2000
v -0.142547 0.000000 0.058357 0.9372 0.8431 0.7490
v 0.142547 0.000000 0.058357 0.9372 0.8509 0.7608
v 0.064095 0.000000 0.058357 0.9372 0.8392 0.7529
v -0.064095 0.000000 0.058357 0.9490 0.8509 0.7647
v -0.052616 0.045929 0.058357 0.1137 0.0824 0.0784
v -0.159759 0.045929 0.058357 0.8235 0.7529 0.6863
v 0.052616 0.045929 0.058357 0.1686 0.1294 0.1216
v 0.159759 0.045929 0.058357 0.8549 0.8000 0.7255
v -0.092796 0.066986 0.058357 0.1176 0.1020 0.0902
v 0.092796 0.066986 0.058357 0.1216 0.1020 0.0902
v -0.115753 0.074616 0.058357 0.1059 0.0863 0.0745
v 0.115753 0.074616 0.058357 0.1098 0.0941 0.0824
v 0.000957 0.267853 0.058357 0.1137 0.0824 0.0706
v -0.025829 0.279358 0.058357 0.1059 0.0667 0.0588
v 0.025829 0.279358 0.058357 0.1137 0.0824 0.0706
v -0.025829 0.290832 0.058357 0.1020 0.0706 0.0588
v 0.025829 0.290833 0.058357 0.1059 0.0706 0.0588
v -0.052616 0.292725 0.058357 0.0863 0.0627 0.0510
v 0.052616 0.292725 0.058357 0.0824 0.0627 0.0510
v -0.085144 0.342499 0.058357 0.1255 0.0941 0.0824
v 0.085144 0.342499 0.058357 0.1333 0.0941 0.0863
v -0.067924 0.382660 0.058357 0.1176 0.0824 0.0706
v 0.067924 0.384583 0.058357 0.1176 0.0863 0.0706
v -0.025829 0.401794 0.058357 0.1098 0.0784 0.0667
v 0.025829 0.401794 0.058357 0.1176 0.0863 0.0745
v -0.027742 0.411377 0.058357 0.0706 0.0510 0.0392
v -0.046875 0.411377 0.058357 0.0627 0.0431 0.0314
v 0.027742 0.411377 0.058357 0.0706 0.0510 0.0392
v 0.046875 0.411377 0.058357 0.0706 0.0510 0.0392
v -0.027742 0.470673 0.058357 0.0824 0.0627 0.0510
v 0.027742 0.470673 0.058357 0.1098 0.0902 0.0745
v -0.041138 0.495544 0.058357 0.1725 0.1412 0.1176
v 0.041138 0.495544 0.058357 0.1255 0.0980 0.0824
v -0.085144 0.581665 0.058357 0.9568 0.6315 0.3725
v 0.085144 0.581665 0.058357 0.9568 0.6393 0.3804
v -0.180801 0.732788 0.058357 0.1843 0.1098 0.0902
v 0.180801 0.732788 0.058357 0.1961 0.1216 0.0980
v -0.136795 0.742371 0.058357 0.9255 0.5921 0.3294
v 0.136795 0.742371 0.058357 0.8980 0.5843 0.3412
v -0.165497 0.769165 0.058357 0.1882 0.1137 0.0980
v -0.175064 0.780640 0.058357 0.3255 0.2823 0.1961
v 0.175064 0.780640 0.058357 0.3255 0.2784 0.1922
v -0.175064 0.795959 0.058357 0.3176 0.2745 0.1961
v 0.173157 0.795959 0.058357 0.3176 0.2745 0.1882
v -0.148285 0.874390 0.058357 0.3098 0.2667 0.1843
v 0.148285 0.874390 0.058357 0.3294 0.2863 0.2039
v -0.134888 0.895447 0.058357 0.3176 0.2784 0.1922
v 0.134888 0.895447 0.058357 0.3137 0.2706 0.1882
v -0.096619 0.931763 0.058357 0.3372 0.2941 0.2078
v 0.094711 0.931763 0.058357 0.3137 0.2823 0.2000
v -0.054531 0.000000 0.060268 0.9804 0.8902 0.7960
v 0.054531 0.000000 0.060268 0.8706 0.7764 0.7020
v -0.050701 0.007660 0.060268 0.9451 0.8549 0.7686
v 0.050701 0.007660 0.060268 0.9451 0.8588 0.7764
v -0.064095 0.057404 0.060268 0.1255 0.0941 0.0863
v 0.064095 0.057404 0.060268 0.1569 0.1255 0.1176
v 0.000957 0.279358 0.060268 0.1137 0.0745 0.0667
v -0.077492 0.306122 0.060268 0.1098 0.0745 0.0667
v 0.077492 0.306122 0.060268 0.1098 0.0824 0.0588
v -0.087059 0.327179 0.060268 0.1176 0.0863 0.0745
v 0.087059 0.327179 0.060268 0.1216 0.0863 0.0745
v -0.077492 0.355865 0.060268 0.1255 0.0941 0.0824
v 0.077492 0.355865 0.060268 0.1373 0.0980 0.0902
v -0.025829 0.384582 0.060268 0.1216 0.0902 0.0784
v 0.025829 0.384582 0.060268 0.1255 0.0941 0.0824
v -0.027742 0.411377 0.060268 0.0667 0.0471 0.0353
v 0.027742 0.411377 0.060268 0.0706 0.0510 0.0392
v -0.046875 0.438171 0.060268 0.1451 0.1020 0.0902
v 0.046875 0.438171 0.060268 0.1294 0.0902 0.0784
v -0.046875 0.445801 0.060268 0.1255 0.0863 0.0784
v 0.046875 0.445801 0.060268 0.1216 0.0863 0.0784
v -0.029655 0.495544 0.060268 0.1373 0.0980 0.0863
v -0.035397 0.495544 0.060268 0.2000 0.1569 0.1451
v 0.029655 0.495544 0.060268 0.1843 0.1451 0.1373
v 0.035397 0.495544 0.060268 0.2039 0.1608 0.1490
v -0.132980 0.644775 0.060268 0.9607 0.6276 0.3647
v 0.132980 0.644775 0.060268 0.9607 0.6315 0.3686
v -0.132980 0.688782 0.060268 0.9607 0.6315 0.3568
v 0.132980 0.688782 0.060268 0.9647 0.6354 0.3608
v -0.131058 0.707947 0.060268 0.9176 0.5921 0.3333
v 0.131058 0.707947 0.060268 0.9176 0.5921 0.3333
v -0.134888 0.751953 0.060268 0.9255 0.5882 0.3294
v 0.134888 0.751953 0.060268 0.6236 0.3961 0.2392
v -0.131058 0.759583 0.060268 0.9294 0.5921 0.3372
v -0.176987 0.786377 0.060268 0.3294 0.2863 0.2000
v 0.176987 0.786377 0.060268 0.3372 0.2941 0.2078
v -0.144455 0.874390 0.060268 0.3098 0.2667 0.1922
v 0.144455 0.874390 0.060268 0.3294 0.2863 0.2000
v -0.052616 0.948975 0.060268 0.3098 0.2784 0.1961
v 0.050701 0.948975 0.060268 0.3216 0.2784 0.2000
v -0.117668 0.000000 0.062183 0.9411 0.8431 0.7568
v 0.117668 0.000000 0.062183 0.9451 0.8470 0.7608
v -0.048790 0.024872 0.062183 0.8862 0.7804 0.6980
v 0.048790 0.024872 0.062183 0.9058 0.7921 0.7098
v -0.050701 0.028717 0.062183 0.6315 0.5647 0.5098
v 0.050701 0.028717 0.062183 0.4235 0.3647 0.3294
v -0.117668 0.061249 0.062183 0.9019 0.8039 0.7294
v 0.117668 0.061249 0.062183 0.8941 0.8039 0.7333
v -0.083229 0.065064 0.062183 0.1176 0.0980 0.0863
v 0.083229 0.065064 0.062183 0.1216 0.1020 0.0902
v 0.090881 0.066986 0.062183 0.1137 0.0941 0.0824
v -0.092796 0.068878 0.062183 0.1176 0.1059 0.0902
v 0.000957 0.290833 0.062183 0.1020 0.0706 0.0588
v -0.052616 0.384583 0.062183 0.1255 0.0941 0.0824
v 0.052616 0.384583 0.062183 0.1176 0.0980 0.0824
v 0.000957 0.401794 0.062183 0.1176 0.0863 0.0745
v -0.050701 0.434326 0.062183 0.1647 0.1255 0.1098
v 0.050701 0.434326 0.062183 0.1647 0.1216 0.1059
v -0.027742 0.445801 0.062183 0.0706 0.0549 0.0431
v 0.027742 0.445801 0.062183 0.0980 0.0784 0.0667
v -0.043049 0.472595 0.062183 0.1804 0.1373 0.1216
v 0.043049 0.472595 0.062183 0.1530 0.1176 0.0980
v -0.134888 0.667725 0.062183 0.9647 0.6315 0.3686
v 0.134888 0.667725 0.062183 0.9529 0.6276 0.3608
v -0.129150 0.725159 0.062183 0.9843 0.6393 0.3686
v 0.129150 0.725159 0.062183 0.9725 0.6276 0.3608
v -0.152115 0.732788 0.062183 0.1176 0.0745 0.0745
v 0.152115 0.732788 0.062183 0.2039 0.1255 0.1020
v -0.144455 0.746216 0.062183 0.8431 0.5294 0.2980
v -0.173157 0.746216 0.062183 0.1804 0.1098 0.0941
v 0.144455 0.746216 0.062183 0.1765 0.1098 0.0863
v 0.173157 0.746216 0.062183 0.2157 0.1412 0.1216
v -0.140625 0.755737 0.062183 0.9137 0.5843 0.3176
v -0.138718 0.763428 0.062183 0.9176 0.5764 0.3255
v -0.142548 0.874390 0.062183 0.2902 0.2471 0.1686
v 0.142548 0.874390 0.062183 0.3098 0.2706 0.2000
v -0.119583 0.068878 0.064094 0.2471 0.2118 0.1765
v 0.119583 0.068878 0.064095 0.3882 0.3451 0.3098
v -0.054531 0.296570 0.064095 0.1137 0.0745 0.0667
v 0.054531 0.296570 0.064095 0.1059 0.0745 0.0627
v -0.079399 0.338654 0.064095 0.1176 0.0863 0.0745
v 0.079399 0.338654 0.064095 0.1255 0.0902 0.0784
v 0.071747 0.369263 0.064095 0.1333 0.0941 0.0863
v -0.071747 0.369293 0.064095 0.1216 0.0902 0.0784
v 0.000957 0.384583 0.064095 0.1255 0.0941 0.0824
v -0.052616 0.411377 0.064095 0.0627 0.0431 0.0314
v 0.052616 0.411377 0.064095 0.0627 0.0431 0.0314
v -0.048790 0.413269 0.064095 0.0784 0.0588 0.0471
v -0.050701 0.413269 0.064095 0.0745 0.0549 0.0471
v -0.052616 0.413269 0.064095 0.0588 0.0275 0.0196
v 0.048790 0.413269 0.064095 0.0824 0.0627 0.0510
v 0.050701 0.413269 0.064095 0.0745 0.0549 0.0431
v 0.052616 0.413269 0.064095 0.0588 0.0314 0.0235
v -0.023916 0.434326 0.064095 0.1137 0.0902 0.0784
v 0.023916 0.434326 0.064095 0.1176 0.0980 0.0863
v -0.027742 0.438171 0.064095 0.1059 0.0863 0.0745
v 0.027742 0.438171 0.064095 0.1176 0.0941 0.0863
v -0.029655 0.472595 0.064095 0.1176 0.0824 0.0706
v 0.029655 0.472595 0.064095 0.1804 0.1490 0.1294
v -0.025829 0.562500 0.064095 0.9725 0.6236 0.3568
v 0.025829 0.562500 0.064095 0.9725 0.6471 0.3804
v -0.129150 0.740417 0.064094 0.9451 0.6118 0.3451
v 0.129150 0.740417 0.064095 0.9333 0.6039 0.3529
v 0.140625 0.753845 0.064095 0.1804 0.1098 0.0902
v -0.165497 0.757690 0.064094 0.1804 0.1137 0.1059
v 0.165497 0.757690 0.064095 0.2078 0.1294 0.1176
v -0.129150 0.765320 0.064094 0.9294 0.5961 0.3412
v -0.142548 0.767212 0.064094 0.1961 0.1373 0.1059
v -0.132980 0.771057 0.064094 0.9215 0.5843 0.3372
v -0.136795 0.772949 0.064094 0.2784 0.1804 0.1216
v -0.154022 0.855225 0.064094 0.3216 0.2784 0.2000
v 0.154022 0.855225 0.064095 0.3137 0.2706 0.1922
v -0.033482 0.948975 0.064095 0.3255 0.2823 0.2039
v 0.031570 0.948975 0.064095 0.3294 0.2863 0.2078
v -0.140624 0.055512 0.066009 0.9529 0.8706 0.7960
v 0.140624 0.055512 0.066010 0.9568 0.8745 0.8000
v -0.027742 0.292725 0.066010 0.1020 0.0706 0.0588
v 0.027742 0.292725 0.066010 0.1098 0.0824 0.0588
v -0.073662 0.319519 0.066010 0.1216 0.0902 0.0784
v 0.073662 0.319519 0.066010 0.1216 0.0824 0.0745
v -0.073662 0.353973 0.066010 0.1216 0.0902 0.0784
v 0.073662 0.353973 0.066010 0.1294 0.0902 0.0824
v -0.025829 0.411377 0.066009 0.0863 0.0588 0.0510
v 0.027742 0.411377 0.066010 0.0784 0.0588 0.0471
v -0.037308 0.472595 0.066009 0.2039 0.1647 0.1451
v 0.037308 0.472595 0.066010 0.2157 0.1647 0.1569
v 0.000957 0.560608 0.066009 0.9647 0.6236 0.3608
v -0.140625 0.711731 0.066009 0.1373 0.0941 0.0863
v 0.140625 0.711731 0.066010 0.1176 0.0784 0.0706
v -0.161682 0.736633 0.066009 0.1882 0.1098 0.0902
v 0.161682 0.736633 0.066010 0.2000 0.1255 0.1020
v -0.169327 0.742371 0.066009 0.1961 0.1137 0.0941
v 0.169327 0.742371 0.066010 0.1961 0.1216 0.0980
v -0.127228 0.750000 0.066009 0.9372 0.6039 0.3412
v -0.146362 0.759583 0.066009 0.1569 0.1020 0.0902
v -0.161682 0.767212 0.066009 0.1804 0.1255 0.0902
v 0.161682 0.767212 0.066010 0.1882 0.1294 0.0941
v -0.163589 0.778687 0.066009 0.3176 0.2784 0.2000
v 0.163589 0.778687 0.066010 0.3294 0.2863 0.2000
v -0.150192 0.855225 0.066009 0.3176 0.2745 0.1961
v 0.150192 0.855225 0.066010 0.3294 0.2863 0.2039
v -0.142548 0.876282 0.066009 0.2980 0.2549 0.1765
v 0.142548 0.876282 0.066010 0.2941 0.2510 0.1686
v 0.000957 0.948975 0.066009 0.3372 0.2941 0.2157
v 0.002870 0.948975 0.066009 0.3294 0.2863 0.2039
v -0.004783 0.950928 0.066009 0.3059 0.2745 0.1922
v -0.016264 0.950928 0.066009 0.3294 0.2863 0.2000
v 0.006697 0.950928 0.066009 0.3333 0.2902 0.2039
v 0.016264 0.950928 0.066009 0.3294 0.2863 0.2078
v -0.081314 0.068878 0.067924 0.1020 0.0863 0.0745
v 0.081314 0.068878 0.067924 0.0980 0.0824 0.0706
v -0.094711 0.072723 0.067924 0.1098 0.0941 0.0863
v 0.094711 0.072723 0.067924 0.1098 0.0941 0.0824
v 0.000957 0.292725 0.067924 0.1020 0.0706 0.0588
v -0.069839 0.334839 0.067924 0.1137 0.0824 0.0706
v 0.069839 0.334839 0.067924 0.1255 0.0863 0.0784
v -0.067924 0.378845 0.067924 0.1373 0.1098 0.0902
v 0.067924 0.378845 0.067924 0.1530 0.1137 0.1059
v -0.023916 0.409454 0.067924 0.0784 0.0588 0.0471
v 0.023916 0.409454 0.067924 0.0784 0.0588 0.0471
v -0.023916 0.413269 0.067924 0.0902 0.0706 0.0588
v -0.025829 0.413269 0.067924 0.0863 0.0627 0.0510
v 0.023916 0.413269 0.067924 0.0941 0.0745 0.0588
v 0.025829 0.413269 0.067924 0.0863 0.0667 0.0549
v -0.044964 0.438171 0.067924 0.1882 0.1530 0.1294
v 0.044964 0.438171 0.067924 0.1608 0.1294 0.1137
v -0.031570 0.445801 0.067924 0.1294 0.0941 0.0824
v -0.044964 0.445801 0.067924 0.1765 0.1412 0.1216
v 0.031570 0.445801 0.067924 0.1882 0.1490 0.1412
v 0.044964 0.445801 0.067924 0.1569 0.1176 0.1059
v -0.146362 0.705994 0.067924 0.1098 0.0706 0.0627
v 0.146362 0.705994 0.067924 0.1020 0.0706 0.0627
v -0.142548 0.707947 0.067924 0.1176 0.0784 0.0706
v 0.142548 0.707947 0.067924 0.1020 0.0706 0.0627
v -0.142548 0.717468 0.067924 0.1451 0.1020 0.0863
v 0.142548 0.717468 0.067924 0.1412 0.0980 0.0902
v -0.146362 0.719421 0.067924 0.1373 0.1020 0.0824
v 0.146362 0.719421 0.067924 0.1412 0.0980 0.0902
v 0.127228 0.748108 0.067924 0.8706 0.5569 0.3255
v 0.152115 0.750000 0.067924 0.1765 0.1059 0.0824
v -0.152115 0.751953 0.067924 0.1530 0.1059 0.0941
v -0.159760 0.753845 0.067924 0.1843 0.1137 0.0980
v 0.159759 0.753845 0.067924 0.1882 0.1176 0.1020
v 0.146362 0.757690 0.067924 0.1569 0.0941 0.0824
v -0.125320 0.759583 0.067924 0.9333 0.6000 0.3372
v -0.157852 0.763428 0.067924 0.1686 0.1137 0.0902
v 0.150192 0.763428 0.067924 0.1569 0.0980 0.0824
v 0.157852 0.763428 0.067924 0.1804 0.1137 0.0980
v -0.150192 0.765320 0.067924 0.1686 0.1294 0.1020
v -0.125320 0.767212 0.067924 0.9255 0.5921 0.3412
v -0.165497 0.780640 0.067924 0.2941 0.2510 0.1725
v 0.165497 0.780640 0.067924 0.3059 0.2627 0.1843
v -0.161682 0.813171 0.067924 0.2902 0.2510 0.1725
v 0.161682 0.815063 0.067924 0.3137 0.2706 0.1922
v -0.157852 0.834229 0.067924 0.3059 0.2627 0.1804
v 0.157852 0.834229 0.067924 0.3137 0.2706 0.1922
v -0.148285 0.855225 0.067924 0.2863 0.2510 0.1725
v 0.148285 0.855225 0.067924 0.2823 0.2392 0.1608
v -0.129150 0.897339 0.067924 0.3137 0.2823 0.1922
v 0.129150 0.897339 0.067924 0.3294 0.2863 0.2039
v 0.094711 0.000000 0.069839 0.9451 0.8470 0.7608
v -0.094711 0.000000 0.069839 0.9451 0.8509 0.7568
v -0.054531 0.304230 0.069839 0.1176 0.0784 0.0706
v 0.054531 0.304230 0.069839 0.1137 0.0824 0.0706
v -0.067924 0.365448 0.069839 0.1216 0.0824 0.0745
v 0.067924 0.365448 0.069839 0.1333 0.0941 0.0863
v -0.027742 0.384583 0.069839 0.1255 0.0941 0.0784
v 0.027742 0.384582 0.069839 0.1294 0.0980 0.0824
v -0.031570 0.438171 0.069839 0.1922 0.1569 0.1451
v 0.031570 0.438171 0.069839 0.1882 0.1530 0.1412
v -0.037308 0.445801 0.069839 0.2078 0.1647 0.1490
v 0.037308 0.445801 0.069839 0.2000 0.1608 0.1530
v -0.152115 0.707947 0.069839 0.0941 0.0667 0.0588
v 0.152115 0.707947 0.069839 0.0902 0.0706 0.0667
v -0.154022 0.711731 0.069839 0.0863 0.0784 0.0745
v 0.154022 0.711731 0.069839 0.0980 0.0863 0.0902
v -0.152115 0.717468 0.069839 0.1333 0.1020 0.0863
v 0.152115 0.717468 0.069839 0.1412 0.1020 0.0941
v 0.138718 0.751953 0.069839 0.0980 0.0784 0.0667
v -0.140625 0.769165 0.069839 0.2000 0.1530 0.1137
v -0.125320 0.774902 0.069839 0.9098 0.5686 0.3372
v -0.127228 0.778687 0.069839 0.4157 0.2706 0.1725
v -0.167419 0.784424 0.069839 0.2823 0.2392 0.1686
v 0.167419 0.784424 0.069839 0.2902 0.2471 0.1686
v -0.154022 0.834229 0.069839 0.2980 0.2549 0.1765
v 0.154022 0.836121 0.069839 0.3098 0.2667 0.1843
v 0.077492 0.933716 0.069839 0.3255 0.2823 0.2039
v -0.079399 0.935608 0.069839 0.3216 0.2823 0.2039
v -0.098533 0.061249 0.071747 0.9529 0.8588 0.7725
v 0.098533 0.061249 0.071747 0.8509 0.7608 0.6902
v -0.027742 0.294647 0.071747 0.0824 0.0510 0.0392
v 0.027742 0.294647 0.071747 0.0980 0.0667 0.0549
v -0.064095 0.350128 0.071747 0.1137 0.0863 0.0627
v 0.064095 0.350128 0.071747 0.1294 0.0902 0.0824
v -0.050701 0.380768 0.071747 0.1216 0.0941 0.0745
v 0.050701 0.380768 0.071747 0.1294 0.0902 0.0824
v 0.000957 0.384582 0.071747 0.1294 0.0980 0.0745
v -0.048790 0.413269 0.071747 0.0902 0.0706 0.0588
v 0.048790 0.413269 0.071747 0.0941 0.0745 0.0627
v -0.048790 0.436249 0.071747 0.1843 0.1490 0.1373
v 0.048790 0.436249 0.071747 0.1608 0.1255 0.1098
v -0.037308 0.438171 0.071747 0.2157 0.1725 0.1569
v 0.037308 0.438171 0.071747 0.2000 0.1608 0.1530
v -0.098534 0.596985 0.071747 0.9568 0.6315 0.3725
v 0.098534 0.596985 0.071747 0.9647 0.6393 0.3725
v -0.167419 0.790222 0.071747 0.3216 0.2784 0.1961
v 0.167419 0.790222 0.071747 0.3098 0.2667 0.1882
v -0.165497 0.799744 0.071747 0.3176 0.2784 0.2000
v 0.165497 0.799744 0.071747 0.3255 0.2823 0.2000
v -0.155930 0.815063 0.071747 0.3137 0.2706 0.1922
v 0.155930 0.815063 0.071747 0.3255 0.2863 0.2039
v -0.152115 0.834229 0.071747 0.2863 0.2510 0.1725
v 0.152115 0.836121 0.071747 0.2980 0.2549 0.1765
v -0.106186 0.916443 0.071747 0.3137 0.2706 0.1843
v 0.079399 0.000000 0.073662 0.9333 0.8392 0.7451
v -0.079399 0.000000 0.073662 0.9451 0.8470 0.7608
v -0.123405 0.057404 0.073662 0.9372 0.8470 0.7568
v 0.123405 0.057404 0.073662 0.9490 0.8588 0.7764
v -0.098533 0.066986 0.073662 0.2784 0.2314 0.2039
v 0.098533 0.066986 0.073662 0.6980 0.6157 0.5608
v -0.054531 0.315704 0.073662 0.1137 0.0745 0.0706
v 0.054531 0.315704 0.073662 0.1216 0.0824 0.0745
v -0.060268 0.363525 0.073662 0.1216 0.0902 0.0784
v 0.060268 0.363525 0.073662 0.1255 0.0980 0.0824
v -0.064095 0.373108 0.073662 0.1176 0.0863 0.0745
v 0.064095 0.373108 0.073662 0.1294 0.0941 0.0784
v -0.029655 0.413269 0.073662 0.0980 0.0784 0.0627
v -0.048790 0.413269 0.073662 0.0863 0.0706 0.0549
v -0.050701 0.413269 0.073662 0.0667 0.0431 0.0314
v 0.031570 0.413269 0.073662 0.0902 0.0706 0.0588
v 0.048790 0.413269 0.073662 0.0863 0.0667 0.0549
v 0.050701 0.413269 0.073662 0.0667 0.0431 0.0314
v -0.027742 0.436249 0.073662 0.1608 0.1333 0.1216
v 0.027742 0.436249 0.073662 0.1882 0.1569 0.1412
v -0.117668 0.721313 0.073662 0.9725 0.6354 0.3529
v 0.117668 0.721313 0.073662 0.9921 0.6628 0.3765
v 0.129150 0.748108 0.073662 0.4353 0.2941 0.1765
v -0.121498 0.750000 0.073662 0.9333 0.6000 0.3451
v -0.154022 0.815063 0.073662 0.2902 0.2510 0.1804
v 0.154022 0.815063 0.073662 0.3333 0.2902 0.2118
v -0.148285 0.857178 0.073662 0.2941 0.2588 0.1686
v 0.148285 0.857178 0.073662 0.3490 0.3059 0.2275
v 0.104279 0.918396 0.073662 0.3176 0.2745 0.1961
v 0.144454 0.000000 0.075577 0.9490 0.8509 0.7647
v -0.157851 0.045929 0.075577 0.8706 0.7960 0.7294
v 0.157851 0.045929 0.075577 0.8627 0.7960 0.7216
v -0.071747 0.053589 0.075577 0.1412 0.1098 0.1020
v 0.071747 0.053589 0.075577 0.0824 0.0667 0.0667
v 0.000957 0.294647 0.075577 0.0902 0.0588 0.0431
v -0.052616 0.330994 0.075577 0.1137 0.0863 0.0745
v 0.052616 0.330994 0.075577 0.1294 0.0902 0.0824
v -0.048790 0.375031 0.075577 0.1176 0.0863 0.0706
v 0.048790 0.375031 0.075577 0.1255 0.0941 0.0824
v -0.050701 0.411377 0.075577 0.0784 0.0588 0.0510
v 0.050701 0.411377 0.075577 0.0784 0.0588 0.0471
v -0.029655 0.413269 0.075577 0.0941 0.0745 0.0588
v -0.039223 0.413269 0.075577 0.0980 0.0784 0.0667
v 0.029655 0.413269 0.075577 0.0902 0.0706 0.0588
v 0.039223 0.413269 0.075577 0.0980 0.0784 0.0627
v -0.039223 0.436249 0.075577 0.2157 0.1725 0.1569
v 0.039223 0.436249 0.075577 0.2157 0.1765 0.1686
v -0.060268 0.575928 0.075577 0.9882 0.6393 0.3725
v 0.060268 0.575928 0.075577 0.9882 0.6589 0.3843
v -0.117668 0.702209 0.075577 0.9176 0.5882 0.3333
v 0.117668 0.702209 0.075577 0.9529 0.6276 0.3529
v 0.117668 0.736633 0.075577 0.9294 0.6118 0.3529
v -0.117668 0.738525 0.075577 0.9451 0.6197 0.3529
v -0.119583 0.759583 0.075577 0.9372 0.5921 0.3412
v -0.117668 0.769165 0.075577 0.9255 0.5961 0.3372
v -0.129150 0.774902 0.075577 0.1882 0.1490 0.1098
v -0.115753 0.776794 0.075577 0.9255 0.5921 0.3412
v -0.115753 0.782532 0.075577 0.7490 0.4784 0.2980
v -0.159760 0.786377 0.075577 0.3019 0.2588 0.1804
v -0.161682 0.786377 0.075577 0.2823 0.2392 0.1647
v 0.159759 0.786377 0.075577 0.2941 0.2510 0.1765
v 0.161682 0.786377 0.075577 0.2980 0.2549 0.1804
v -0.159760 0.799744 0.075577 0.3137 0.2745 0.1922
v 0.159759 0.799744 0.075577 0.3490 0.3019 0.2157
v -0.144454 0.000000 0.075577 0.9333 0.8392 0.7451
v 0.157851 0.000000 0.077492 0.9411 0.8549 0.7647
v -0.157851 0.000000 0.077492 0.9294 0.8353 0.7412
v -0.165496 0.047852 0.077492 0.1451 0.1176 0.1098
v 0.165496 0.047852 0.077492 0.1412 0.1176 0.1059
v -0.083229 0.066986 0.077492 0.1098 0.0863 0.0784
v 0.083229 0.066986 0.077492 0.0745 0.0549 0.0549
v -0.029655 0.302307 0.077492 0.1098 0.0824 0.0588
v 0.029655 0.302307 0.077492 0.1098 0.0784 0.0667
v -0.048790 0.348236 0.077492 0.1176 0.0863 0.0745
v 0.048790 0.348236 0.077492 0.1294 0.0902 0.0824
v -0.048790 0.363525 0.077492 0.1176 0.0902 0.0667
v 0.048790 0.363525 0.077492 0.1255 0.0941 0.0824
v -0.027742 0.380768 0.077492 0.1216 0.0902 0.0706
v 0.027742 0.380768 0.077492 0.1294 0.0980 0.0863
v -0.029655 0.411377 0.077492 0.0941 0.0706 0.0588
v 0.029655 0.411377 0.077492 0.0863 0.0667 0.0510
v -0.027742 0.413269 0.077492 0.1137 0.0824 0.0706
v -0.039223 0.413269 0.077492 0.0902 0.0745 0.0588
v 0.027742 0.413269 0.077492 0.0980 0.0706 0.0588
v 0.039223 0.413269 0.077492 0.0941 0.0745 0.0627
v 0.115753 0.746216 0.077492 0.9137 0.5804 0.3294
v 0.142548 0.748108 0.077492 0.1059 0.0627 0.0627
v 0.148285 0.751953 0.077492 0.0863 0.0510 0.0549
v -0.157852 0.761475 0.077492 0.2235 0.1882 0.1294
v -0.163589 0.765320 0.077492 0.2549 0.2432 0.1765
v 0.163589 0.767212 0.077492 0.3412 0.2941 0.2000
v -0.157852 0.784424 0.077492 0.3137 0.2706 0.1961
v 0.157852 0.784424 0.077492 0.2980 0.2588 0.1843
v -0.159760 0.792114 0.077492 0.3216 0.2745 0.1961
v -0.161682 0.792114 0.077492 0.3216 0.2784 0.1922
v 0.159759 0.792114 0.077492 0.3255 0.2784 0.1922
v 0.163589 0.792114 0.077492 0.3216 0.2784 0.2000
v -0.157852 0.799744 0.077492 0.2667 0.2235 0.1451
v 0.157852 0.801697 0.077492 0.3372 0.2941 0.2157
v 0.132980 0.880127 0.077492 0.3216 0.2784 0.2000
v -0.058357 0.937500 0.077492 0.3137 0.2823 0.2000
v 0.056442 0.937500 0.077492 0.3137 0.2823 0.2000
v 0.123405 0.000000 0.077492 0.9451 0.8470 0.7608
v -0.123405 0.000000 0.077492 0.9411 0.8470 0.7568
v 0.067924 0.000000 0.079399 0.9294 0.8353 0.7412
v -0.067924 0.000000 0.079399 0.9294 0.8431 0.7608
v -0.173156 0.038269 0.079399 0.1412 0.0980 0.0902
v 0.173156 0.038269 0.079399 0.1412 0.1020 0.0980
v -0.060268 0.042114 0.079399 0.1255 0.0941 0.0824
v -0.062183 0.042114 0.079399 0.1373 0.1020 0.0902
v 0.060268 0.042114 0.079399 0.1255 0.0902 0.0824
v 0.062183 0.042114 0.079399 0.1216 0.0902 0.0824
v -0.092796 0.055512 0.079399 0.9764 0.8862 0.8000
v 0.090881 0.055512 0.079399 0.8862 0.8000 0.7255
v 0.000957 0.302307 0.079399 0.1098 0.0784 0.0667
v 0.000957 0.380768 0.079399 0.1216 0.0902 0.0784
v -0.039223 0.411377 0.079399 0.0863 0.0667 0.0549
v 0.039223 0.411377 0.079399 0.0902 0.0667 0.0549
v -0.039223 0.415192 0.079399 0.0980 0.0706 0.0471
v 0.039223 0.415192 0.079399 0.1176 0.0784 0.0706
v -0.117668 0.684998 0.079399 0.9647 0.6236 0.3529
v 0.117668 0.684998 0.079399 0.9647 0.6354 0.3608
v 0.150192 0.757690 0.079399 0.1020 0.0588 0.0588
v -0.150192 0.761475 0.079399 0.2118 0.1765 0.1176
v 0.152115 0.761475 0.079399 0.1412 0.0824 0.0784
v 0.157852 0.763428 0.079399 0.1490 0.0902 0.0549
v -0.163589 0.774902 0.079399 0.3216 0.2784 0.2000
v 0.163589 0.774902 0.079399 0.3529 0.3059 0.2275
v -0.159760 0.792114 0.079399 0.2667 0.2275 0.1530
v 0.159759 0.792114 0.079399 0.3137 0.2627 0.1882
v -0.152115 0.836121 0.079399 0.3176 0.2745 0.1961
v 0.152115 0.836121 0.079399 0.3176 0.2745 0.1882
v -0.132980 0.878174 0.079399 0.2863 0.2549 0.1725
v -0.167419 0.000000 0.079399 0.9137 0.8157 0.7294
v 0.167419 0.000000 0.079399 0.9607 0.8627 0.7764
v 0.060268 0.000000 0.081314 0.9137 0.8117 0.7216
v -0.060268 0.000000 0.081314 0.9411 0.8627 0.7882
v -0.175063 0.001923 0.081314 0.9333 0.8353 0.7529
v 0.175063 0.001923 0.081314 0.9804 0.8862 0.7960
v -0.178893 0.007660 0.081314 0.9529 0.8431 0.7568
v 0.178893 0.007660 0.081314 0.9529 0.8470 0.7568
v -0.178893 0.024872 0.081314 0.9019 0.8157 0.7412
v 0.178893 0.024872 0.081314 0.9215 0.8157 0.7294
v -0.175063 0.026794 0.081314 0.8745 0.8235 0.7568
v 0.175063 0.026795 0.081314 0.9098 0.8353 0.7490
v -0.085144 0.049744 0.081314 0.9843 0.9098 0.8274
v -0.146362 0.049744 0.081314 0.9686 0.8862 0.8039
v 0.085144 0.049744 0.081314 0.9529 0.8588 0.7843
v 0.146362 0.049744 0.081314 0.9686 0.8902 0.8078
v -0.079399 0.053589 0.081314 0.7686 0.7216 0.6667
v 0.079399 0.053589 0.081314 0.8902 0.8000 0.7059
v -0.088966 0.061249 0.081314 0.1059 0.0863 0.0824
v 0.088966 0.061249 0.081314 0.2627 0.2157 0.1882
v -0.029655 0.313782 0.081314 0.1176 0.0863 0.0745
v 0.029655 0.313782 0.081314 0.1176 0.0863 0.0745
v -0.027742 0.375031 0.081314 0.1176 0.0863 0.0745
v 0.027742 0.375031 0.081314 0.1255 0.0941 0.0824
v -0.108101 0.617981 0.081314 0.9607 0.6276 0.3647
v 0.108101 0.617981 0.081314 0.9568 0.6315 0.3647
v -0.140625 0.707947 0.081314 0.1137 0.0784 0.0667
v 0.140625 0.707947 0.081314 0.1020 0.0706 0.0588
v -0.138718 0.711731 0.081314 0.1294 0.0941 0.0745
v 0.138718 0.711731 0.081314 0.1176 0.0784 0.0706
v -0.140625 0.717468 0.081314 0.1373 0.1020 0.0824
v 0.140625 0.717468 0.081314 0.1451 0.0941 0.0863
v 0.132980 0.746216 0.081314 0.0980 0.0667 0.0549
v 0.117668 0.748108 0.081314 0.8078 0.5137 0.2941
v -0.140625 0.763428 0.081314 0.2078 0.1725 0.1176
v -0.056442 0.005737 0.083229 0.9607 0.8549 0.7725
v 0.056442 0.005737 0.083229 0.9647 0.8549 0.7686
v -0.056442 0.028717 0.083229 0.5019 0.4550 0.4118
v -0.058357 0.028717 0.083229 0.1098 0.0980 0.0824
v 0.056442 0.028717 0.083229 0.1922 0.1412 0.1137
v 0.058357 0.028717 0.083229 0.0902 0.0667 0.0549
v -0.106186 0.055512 0.083229 0.9647 0.8666 0.7882
v 0.106186 0.055512 0.083229 0.9529 0.8588 0.7764
v -0.029655 0.329102 0.083229 0.1098 0.0784 0.0667
v 0.029655 0.329102 0.083229 0.1176 0.0863 0.0745
v -0.027742 0.363525 0.083229 0.1255 0.0941 0.0824
v 0.027742 0.363525 0.083229 0.1255 0.0941 0.0824
v -0.144455 0.705994 0.083229 0.1059 0.0745 0.0627
v 0.144455 0.705994 0.083229 0.1020 0.0706 0.0627
v -0.148285 0.707947 0.083229 0.1059 0.0706 0.0667
v 0.148285 0.707947 0.083229 0.1020 0.0745 0.0706
v -0.150192 0.711731 0.083229 0.0863 0.0784 0.0706
v 0.150192 0.711731 0.083229 0.1098 0.0902 0.1020
v -0.148285 0.715576 0.083229 0.1294 0.1020 0.0902
v -0.144455 0.717468 0.083229 0.1333 0.1059 0.0824
v 0.144455 0.717468 0.083229 0.1412 0.0980 0.0824
v 0.148285 0.717468 0.083229 0.1333 0.0980 0.0824
v -0.111931 0.746216 0.083229 0.9255 0.5961 0.3451
v -0.117668 0.751953 0.083229 0.9058 0.5725 0.3255
v -0.113838 0.761475 0.083229 0.9098 0.5764 0.3216
v -0.110016 0.769165 0.083229 0.9137 0.5764 0.3255
v -0.108101 0.776794 0.083229 0.9058 0.5764 0.3333
v -0.119583 0.778687 0.083229 0.1569 0.1216 0.0941
v -0.106186 0.780640 0.083229 0.8941 0.5647 0.3255
v -0.106186 0.786377 0.083229 0.2157 0.1490 0.1137
v -0.157852 0.801697 0.083229 0.3019 0.2706 0.1882
v 0.157852 0.801697 0.083229 0.3451 0.3019 0.2157
v -0.037308 0.939453 0.083229 0.3216 0.2902 0.2078
v 0.002870 0.939453 0.083229 0.3372 0.2941 0.2078
v 0.004783 0.939453 0.083229 0.3216 0.2784 0.2000
v 0.035397 0.939453 0.083229 0.3255 0.2823 0.1961
v 0.102363 0.000000 0.085144 0.9411 0.8431 0.7568
v -0.102363 0.000000 0.085144 0.9411 0.8470 0.7451
v -0.054531 0.024872 0.085144 0.8784 0.7725 0.6785
v 0.054531 0.024872 0.085144 0.9098 0.7882 0.6941
v 0.000957 0.311859 0.085144 0.1098 0.0824 0.0627
v -0.027742 0.346313 0.085144 0.1098 0.0784 0.0667
v 0.027742 0.346313 0.085144 0.1216 0.0902 0.0784
v 0.000957 0.375031 0.085144 0.1216 0.0902 0.0784
v -0.031570 0.572083 0.085144 0.9647 0.6236 0.3529
v 0.031570 0.572083 0.085144 0.9882 0.6432 0.3647
v -0.115753 0.663940 0.085144 0.9647 0.6276 0.3568
v 0.115753 0.663940 0.085144 0.9647 0.6354 0.3608
v -0.102364 0.702209 0.085144 0.9804 0.6354 0.3529
v 0.102364 0.702209 0.085144 0.9372 0.6118 0.3490
v -0.100449 0.719421 0.085144 0.9882 0.6432 0.3608
v 0.100449 0.719421 0.085144 0.9529 0.6197 0.3568
v -0.100449 0.734741 0.085144 0.9333 0.6079 0.3490
v -0.131058 0.769165 0.085144 0.2000 0.1608 0.1137
v 0.152115 0.786377 0.085144 0.3216 0.2784 0.2039
v -0.152115 0.815063 0.085144 0.3019 0.2627 0.1843
v 0.152115 0.815063 0.085144 0.3412 0.2980 0.2196
v -0.111931 0.901184 0.085144 0.2863 0.2588 0.1765
v 0.110016 0.903076 0.085144 0.3137 0.2823 0.2000
v -0.087059 0.920288 0.085144 0.3255 0.2941 0.2039
v 0.085144 0.920288 0.085144 0.3333 0.2902 0.2118
v -0.020090 0.939453 0.085144 0.3294 0.2863 0.2078
v 0.000957 0.939453 0.085144 0.3372 0.2941 0.2118
v 0.018177 0.939453 0.085144 0.3294 0.2863 0.2078
v -0.006697 0.941345 0.085144 0.3176 0.2745 0.1961
v 0.008610 0.941345 0.085144 0.3294 0.2863 0.2000
v 0.000957 0.327179 0.087059 0.1059 0.0784 0.0627
v 0.000957 0.346313 0.087059 0.1216 0.0902 0.0784
v 0.000957 0.361633 0.087059 0.1255 0.0941 0.0824
v -0.113838 0.640991 0.087059 0.9607 0.6276 0.3647
v 0.113838 0.640991 0.087059 0.9529 0.6276 0.3608
v 0.102364 0.736633 0.087059 0.9176 0.6039 0.3451
v -0.098534 0.744263 0.087059 0.9255 0.6000 0.3412
v 0.121498 0.746216 0.087059 0.1059 0.0667 0.0588
v 0.102364 0.750000 0.087059 0.9098 0.5764 0.3255
v -0.108101 0.782532 0.087059 0.1333 0.0980 0.0784
v -0.148285 0.788269 0.087059 0.2980 0.2510 0.1725
v -0.155930 0.794006 0.087059 0.2510 0.2118 0.1333
v 0.157852 0.794006 0.087059 0.2784 0.2353 0.1608
v 0.136795 0.860962 0.087059 0.3059 0.2627 0.1843
v -0.142547 0.000000 0.088966 0.9333 0.8392 0.7451
v 0.142547 0.000000 0.088966 0.9451 0.8470 0.7608
v -0.131057 0.051666 0.088966 0.9647 0.8862 0.7921
v 0.131057 0.051666 0.088966 0.9686 0.8862 0.8039
v 0.000957 0.570190 0.088966 0.9607 0.6197 0.3490
v -0.108101 0.750000 0.088966 0.1647 0.0980 0.0863
v -0.098534 0.751953 0.088966 0.8000 0.5019 0.2941
v -0.106186 0.763428 0.088966 0.2275 0.1255 0.0902
v -0.104279 0.769165 0.088966 0.2314 0.1216 0.0706
v -0.100449 0.772949 0.088966 0.1490 0.0980 0.0824
v -0.136795 0.859070 0.088966 0.3098 0.2784 0.1882
v 0.090881 0.000000 0.090881 0.9333 0.8392 0.7451
v -0.090881 0.000000 0.090881 0.9451 0.8470 0.7608
v -0.071747 0.593140 0.090881 0.9568 0.6236 0.3608
v 0.071747 0.593140 0.090881 0.9607 0.6354 0.3686
v -0.098534 0.684998 0.090881 0.9686 0.6276 0.3568
v 0.098534 0.684998 0.090881 0.9451 0.6197 0.3529
v -0.092796 0.700256 0.090881 0.9294 0.5882 0.3412
v 0.092796 0.700256 0.090881 0.9098 0.5961 0.3255
v -0.090881 0.715576 0.090881 0.9764 0.6510 0.3686
v 0.090881 0.715576 0.090881 0.9490 0.6197 0.3529
v 0.134888 0.744263 0.090881 0.1020 0.0706 0.0627
v 0.142548 0.744263 0.090881 0.1020 0.0706 0.0588
v 0.106186 0.750000 0.090881 0.8117 0.5255 0.3137
v -0.113838 0.751953 0.090881 0.2353 0.1294 0.0941
v -0.111931 0.759583 0.090881 0.1569 0.0863 0.0745
v -0.119583 0.774902 0.090881 0.1647 0.1294 0.0980
v -0.098534 0.778687 0.090881 0.1373 0.0863 0.0706
v -0.096619 0.784424 0.090881 0.1451 0.0902 0.0745
v -0.096619 0.788269 0.090881 0.1686 0.1098 0.0902
v 0.131057 0.000000 0.092796 0.9451 0.8470 0.7608
v -0.088966 0.045929 0.092796 0.9411 0.8666 0.8000
v -0.152114 0.045929 0.092796 0.8117 0.7412 0.6863
v 0.088966 0.045929 0.092796 0.9568 0.8784 0.7960
v 0.152114 0.045929 0.092796 0.7372 0.6745 0.6315
v 0.148285 0.748108 0.092796 0.0863 0.0549 0.0824
v 0.150192 0.753845 0.092796 0.1176 0.0745 0.0745
v -0.150192 0.755737 0.092796 0.2432 0.2078 0.1412
v -0.159760 0.755737 0.092796 0.2510 0.2196 0.1569
v 0.150192 0.755737 0.092796 0.1098 0.0706 0.0627
v 0.154022 0.757690 0.092796 0.1255 0.0824 0.0745
v 0.159759 0.757690 0.092796 0.1373 0.0824 0.0784
v 0.165497 0.761475 0.092796 0.3490 0.2941 0.2039
v -0.131057 0.000000 0.092796 0.9372 0.8431 0.7490
v 0.150192 0.000000 0.094711 0.9451 0.8470 0.7608
v -0.085144 0.727051 0.094711 0.9921 0.6667 0.3725
v 0.085144 0.727051 0.094711 0.9921 0.6667 0.3686
v -0.087059 0.732788 0.094711 0.9921 0.6550 0.3686
v 0.087059 0.732788 0.094711 0.9607 0.6276 0.3529
v -0.087059 0.738525 0.094711 0.9333 0.6079 0.3451
v 0.087059 0.740417 0.094711 0.9215 0.5961 0.3372
v 0.123405 0.744263 0.094711 0.1020 0.0706 0.0588
v -0.087059 0.746216 0.094711 0.9176 0.5921 0.3333
v -0.087059 0.751953 0.094711 0.8706 0.5608 0.3451
v -0.140625 0.759583 0.094711 0.2275 0.1961 0.1373
v -0.165497 0.761475 0.094711 0.3059 0.2745 0.2039
v -0.165497 0.769165 0.094711 0.3255 0.2745 0.2000
v 0.165497 0.769165 0.094711 0.3608 0.3176 0.2471
v -0.110016 0.778687 0.094711 0.1608 0.1255 0.0902
v -0.115753 0.882019 0.094711 0.2980 0.2549 0.1765
v 0.113838 0.883972 0.094711 0.3255 0.2823 0.2039
v -0.064095 0.924133 0.094711 0.3098 0.2745 0.1922
v 0.062183 0.924133 0.094711 0.3333 0.2902 0.2118
v -0.150192 0.000000 0.094711 0.9372 0.8431 0.7451
v -0.083229 0.047852 0.096619 0.1647 0.1373 0.1137
v 0.083229 0.047852 0.096619 0.1530 0.1333 0.1216
v -0.113838 0.049744 0.096619 0.9804 0.8980 0.8157
v 0.113838 0.049744 0.096619 0.9764 0.9058 0.8157
v -0.088966 0.686890 0.096619 0.9568 0.6079 0.3529
v 0.088966 0.686890 0.096619 0.9333 0.6157 0.3372
v -0.092796 0.702209 0.096619 0.9255 0.5725 0.3255
v 0.092796 0.702209 0.096619 0.9255 0.5961 0.3216
v -0.136795 0.707947 0.096619 0.1059 0.0706 0.0627
v 0.136795 0.707947 0.096619 0.1059 0.0745 0.0667
v -0.134888 0.711731 0.096619 0.1216 0.0824 0.0745
v 0.134888 0.711731 0.096619 0.1255 0.0863 0.0784
v -0.092796 0.715576 0.096619 0.9529 0.6157 0.3608
v 0.092796 0.715576 0.096619 0.9725 0.6354 0.3568
v -0.136795 0.717468 0.096619 0.1412 0.1020 0.0863
v 0.136795 0.717468 0.096619 0.1412 0.1020 0.0902
v 0.108101 0.748108 0.096619 0.0980 0.0706 0.0510
v -0.131058 0.765320 0.096619 0.2196 0.1843 0.1255
v -0.159760 0.774902 0.096619 0.3451 0.2980 0.2118
v 0.161682 0.774902 0.096619 0.3451 0.3019 0.2196
v 0.140625 0.792114 0.096619 0.3294 0.2863 0.2078
v -0.148285 0.803589 0.096619 0.3059 0.2627 0.1843
v 0.150192 0.803589 0.096619 0.3216 0.2784 0.2000
v 0.136795 0.839966 0.096619 0.3137 0.2706 0.1922
v -0.115753 0.000000 0.098534 0.9372 0.8470 0.7568
v 0.081314 0.000000 0.098534 0.9333 0.8313 0.7412
v -0.081314 0.000000 0.098534 0.9333 0.8470 0.7647
v 0.115753 0.000000 0.098534 0.9451 0.8470 0.7608
v -0.157851 0.047852 0.098534 0.1451 0.1255 0.1137
v 0.157851 0.047852 0.098534 0.1373 0.1176 0.1059
v -0.140625 0.705994 0.098534 0.1059 0.0745 0.0627
v 0.140625 0.705994 0.098534 0.1059 0.0745 0.0627
v -0.144455 0.707947 0.098534 0.1098 0.0706 0.0549
v 0.146362 0.707947 0.098534 0.0824 0.0627 0.0667
v -0.144455 0.715576 0.098534 0.1373 0.1020 0.0941
v -0.140625 0.717468 0.098534 0.1412 0.1020 0.0941
v 0.140625 0.717468 0.098534 0.1412 0.1059 0.0863
v 0.146362 0.717468 0.098534 0.1412 0.1020 0.0824
v -0.085144 0.727051 0.098534 0.9921 0.6589 0.3725
v 0.085144 0.727051 0.098534 0.9882 0.6667 0.3686
v -0.096619 0.748108 0.098534 0.1176 0.0784 0.0706
v 0.087059 0.750000 0.098534 0.9176 0.5843 0.3333
v -0.108101 0.763428 0.098534 0.1255 0.0784 0.0667
v -0.102364 0.771057 0.098534 0.1294 0.0784 0.0745
v -0.100449 0.778687 0.098534 0.1373 0.0824 0.0706
v -0.102364 0.782532 0.098534 0.1412 0.0902 0.0745
v -0.136795 0.795959 0.098534 0.2863 0.2432 0.1725
v 0.146362 0.797852 0.098534 0.2941 0.2510 0.1725
v -0.136795 0.838013 0.098534 0.2863 0.2510 0.1686
v -0.092796 0.904968 0.098534 0.3098 0.2784 0.1882
v 0.090881 0.904968 0.098534 0.3137 0.2823 0.2000
v -0.041138 0.926025 0.098534 0.3098 0.2784 0.1961
v -0.157851 0.001923 0.100449 0.9176 0.8196 0.7333
v 0.157851 0.001923 0.100449 0.9647 0.8588 0.7764
v -0.146362 0.711731 0.100449 0.1020 0.0863 0.0745
v 0.146362 0.711731 0.100449 0.1255 0.0941 0.0863
v -0.073662 0.732788 0.100449 0.9843 0.6550 0.3725
v 0.073662 0.732788 0.100449 0.9843 0.6510 0.3568
v -0.073662 0.736633 0.100449 0.9882 0.6432 0.3608
v 0.073662 0.736633 0.100449 0.9843 0.6315 0.3568
v -0.073662 0.742371 0.100449 0.9176 0.5882 0.3372
v 0.073662 0.742371 0.100449 0.9137 0.5843 0.3333
v -0.073662 0.746216 0.100449 0.8823 0.5686 0.3255
v -0.104279 0.746216 0.100449 0.1137 0.0745 0.0667
v 0.092796 0.755737 0.100449 0.2157 0.1333 0.0863
v -0.121498 0.771057 0.100449 0.2039 0.1686 0.1137
v -0.152115 0.780640 0.100449 0.3490 0.3059 0.2275
v 0.154022 0.780640 0.100449 0.3412 0.2941 0.2196
v -0.144455 0.797852 0.100449 0.2392 0.2078 0.1373
v 0.004783 0.926025 0.100449 0.3333 0.2902 0.2118
v 0.006697 0.926025 0.100449 0.3176 0.2745 0.1961
v 0.039223 0.926025 0.100449 0.3176 0.2863 0.2039
v -0.022003 0.927979 0.100449 0.3098 0.2784 0.1922
v -0.075577 0.038269 0.102364 0.1294 0.0980 0.0902
v 0.075577 0.038269 0.102364 0.1294 0.0980 0.0902
v -0.079399 0.614197 0.102364 0.9607 0.6276 0.3608
v 0.079399 0.614197 0.102364 0.9686 0.6393 0.3647
v -0.079399 0.677307 0.102364 0.9255 0.5961 0.3333
v 0.079399 0.677307 0.102364 0.8823 0.5725 0.3176
v -0.088966 0.688782 0.102364 0.5686 0.3412 0.2196
v 0.088966 0.688782 0.102364 0.7725 0.4863 0.3216
v -0.108101 0.748108 0.102364 0.1216 0.0784 0.0667
v -0.088966 0.750000 0.102364 0.1412 0.0863 0.0745
v -0.075577 0.751953 0.102364 0.9098 0.5804 0.3294
v -0.110016 0.751953 0.102364 0.1255 0.0745 0.0667
v 0.094711 0.755737 0.102364 0.1098 0.0706 0.0627
v -0.110016 0.757690 0.102364 0.1294 0.0784 0.0667
v -0.006697 0.927979 0.102364 0.3412 0.2980 0.2196
v 0.000957 0.927979 0.102364 0.3294 0.2863 0.2000
v 0.010523 0.927979 0.102364 0.3333 0.2902 0.2039
v 0.022003 0.927979 0.102364 0.3294 0.2863 0.2000
v 0.136794 0.000000 0.104279 0.9451 0.8470 0.7608
v 0.106186 0.000000 0.104279 0.9372 0.8392 0.7529
v 0.073662 0.000000 0.104279 0.8980 0.7960 0.7098
v -0.073662 0.000000 0.104279 0.9333 0.8588 0.7843
v -0.106186 0.000000 0.104279 0.9372 0.8431 0.7490
v -0.071747 0.026795 0.104279 0.8470 0.7764 0.6902
v -0.163589 0.026794 0.104279 0.8941 0.8392 0.7686
v 0.071747 0.026795 0.104279 0.9019 0.8157 0.7294
v 0.163589 0.026795 0.104279 0.8980 0.8078 0.7294
v -0.163589 0.038269 0.104279 0.1294 0.0902 0.0863
v 0.163589 0.038269 0.104279 0.1216 0.0902 0.0824
v -0.102363 0.045929 0.104279 0.9058 0.8196 0.7451
v -0.136794 0.045929 0.104279 0.9255 0.8353 0.7647
v 0.102363 0.045929 0.104279 0.9098 0.8274 0.7529
v 0.136794 0.045929 0.104279 0.9411 0.8549 0.7686
v -0.037308 0.587402 0.104279 0.9686 0.6276 0.3568
v 0.037308 0.587402 0.104279 0.9686 0.6393 0.3647
v -0.088966 0.665833 0.104279 0.9647 0.6276 0.3568
v 0.088966 0.665833 0.104279 0.9804 0.6471 0.3686
v -0.090881 0.715576 0.104279 0.2275 0.1490 0.1059
v 0.090881 0.715576 0.104279 0.7843 0.4902 0.2627
v -0.087059 0.725159 0.104279 0.2471 0.1216 0.0863
v 0.087059 0.725159 0.104279 0.6902 0.4039 0.2432
v -0.062183 0.732788 0.104279 0.9921 0.6471 0.3686
v -0.075577 0.732788 0.104279 0.9607 0.6471 0.3804
v 0.062183 0.732788 0.104279 0.9804 0.6745 0.3843
v 0.077492 0.732788 0.104279 0.9843 0.6471 0.3608
v 0.125320 0.744263 0.104279 0.1059 0.0745 0.0627
v 0.073662 0.748108 0.104279 0.9255 0.5882 0.3255
v -0.111931 0.774902 0.104279 0.1882 0.1490 0.1020
v -0.119583 0.862915 0.104279 0.2941 0.2627 0.1804
v 0.117668 0.864807 0.104279 0.3098 0.2667 0.1882
v -0.136794 0.000000 0.104279 0.9372 0.8392 0.7529
v -0.163589 0.003845 0.106186 0.9529 0.8549 0.7686
v 0.163589 0.003845 0.106186 0.9686 0.8666 0.7764
v -0.071747 0.005737 0.106186 0.9647 0.8588 0.7764
v 0.071747 0.005737 0.106186 0.9647 0.8706 0.7764
v -0.071747 0.024872 0.106186 0.9098 0.7921 0.7020
v -0.165496 0.024872 0.106186 0.8980 0.8117 0.7176
v 0.071747 0.024872 0.106186 0.8823 0.7725 0.6785
v 0.165496 0.024872 0.106186 0.9098 0.8117 0.7294
v -0.092796 0.704102 0.106186 0.1412 0.0980 0.0784
v 0.092796 0.704102 0.106186 0.2353 0.1608 0.1333
v -0.050701 0.725159 0.106186 0.9725 0.6236 0.3608
v 0.050701 0.725159 0.106186 0.9843 0.6941 0.3882
v -0.058357 0.736633 0.106186 0.9568 0.6157 0.3568
v 0.058357 0.736633 0.106186 0.9804 0.6393 0.3608
v -0.060268 0.742371 0.106186 0.9098 0.5804 0.3294
v 0.132980 0.742371 0.106186 0.1098 0.0706 0.0627
v 0.060268 0.744263 0.106186 0.9019 0.5843 0.3372
v 0.113838 0.746216 0.106186 0.0980 0.0667 0.0549
v -0.060268 0.748108 0.106186 0.9098 0.5764 0.3216
v -0.106186 0.769165 0.106186 0.1373 0.0824 0.0706
v -0.136795 0.820801 0.106186 0.2902 0.2588 0.1765
v 0.136795 0.820801 0.106186 0.3059 0.2627 0.1843
v 0.121498 0.000000 0.108101 0.9490 0.8509 0.7647
v -0.121498 0.000000 0.108101 0.9411 0.8431 0.7568
v -0.165496 0.009583 0.108101 0.9529 0.8470 0.7568
v 0.165496 0.009583 0.108101 0.9568 0.8509 0.7647
v 0.000957 0.585449 0.108101 0.9725 0.6315 0.3529
v -0.085144 0.639038 0.108101 0.9686 0.6354 0.3725
v 0.085144 0.639038 0.108101 0.9647 0.6432 0.3568
v -0.064095 0.677307 0.108101 0.8902 0.5686 0.3176
v 0.066009 0.677307 0.108101 0.9137 0.5882 0.3216
v -0.081314 0.681152 0.108101 0.7020 0.4392 0.2706
v 0.081314 0.681152 0.108101 0.7412 0.4902 0.2784
v -0.048790 0.698364 0.108101 0.8980 0.5804 0.3216
v 0.048790 0.698364 0.108101 0.7804 0.4667 0.2667
v -0.046875 0.713684 0.108101 0.9490 0.6197 0.3412
v 0.046875 0.713684 0.108101 0.9882 0.7020 0.3921
v -0.064095 0.730896 0.108101 0.9921 0.6471 0.3725
v 0.064095 0.730896 0.108101 0.8627 0.5843 0.3490
v 0.138718 0.742371 0.108101 0.1137 0.0745 0.0667
v -0.077492 0.750000 0.108101 0.7686 0.4863 0.2941
v 0.060268 0.750000 0.108101 0.9255 0.5882 0.3333
v -0.062183 0.751953 0.108101 0.9255 0.5921 0.3372
v 0.100449 0.753845 0.108101 0.0980 0.0667 0.0549
v -0.104279 0.774902 0.108101 0.1412 0.0863 0.0706
v -0.104279 0.780640 0.108101 0.1490 0.0941 0.0824
v -0.069839 0.908813 0.108101 0.3098 0.2667 0.1882
v 0.067924 0.908813 0.108101 0.3098 0.2784 0.1961
v -0.121498 0.045929 0.110016 0.9058 0.8235 0.7529
v 0.121498 0.045929 0.110016 0.9411 0.8588 0.7843
v -0.100448 0.047852 0.110016 0.1569 0.1333 0.1216
v 0.100448 0.047852 0.110016 0.1608 0.1373 0.1255
v -0.064095 0.675415 0.110016 0.8941 0.5843 0.3255
v 0.064095 0.675415 0.110016 0.9255 0.6000 0.3294
v -0.054531 0.686890 0.110016 0.8706 0.5686 0.3059
v 0.054531 0.686890 0.110016 0.5333 0.2784 0.1686
v -0.088966 0.692627 0.110016 0.0824 0.0588 0.0588
v 0.088966 0.692627 0.110016 0.0784 0.0549 0.0706
v -0.037308 0.713684 0.110016 0.9804 0.6393 0.3686
v 0.037308 0.713684 0.110016 0.9568 0.6315 0.3568
v -0.079399 0.727051 0.110016 0.2549 0.1686 0.1176
v 0.079399 0.727051 0.110016 0.3608 0.2000 0.1176
v -0.039223 0.732788 0.110016 0.9607 0.6276 0.3647
v 0.039223 0.732788 0.110016 0.9137 0.5882 0.3294
v 0.142548 0.744263 0.110016 0.0980 0.0627 0.0627
v 0.044964 0.746216 0.110016 0.9411 0.6118 0.3372
v -0.088966 0.748108 0.110016 0.1216 0.0784 0.0706
v -0.150192 0.750000 0.110016 0.2627 0.2353 0.1608
v -0.159760 0.750000 0.110016 0.2745 0.2432 0.1725
v 0.079399 0.750000 0.110016 0.1255 0.0824 0.0667
v 0.144455 0.750000 0.110016 0.1176 0.0784 0.0706
v 0.148285 0.751953 0.110016 0.1294 0.0941 0.0745
v 0.154022 0.751953 0.110016 0.1961 0.1569 0.1176
v 0.159759 0.751953 0.110016 0.2745 0.2314 0.1686
v -0.140625 0.753845 0.110016 0.2471 0.2157 0.1451
v 0.144455 0.753845 0.110016 0.1216 0.0863 0.0706
v -0.108101 0.763428 0.110016 0.1373 0.0824 0.0706
v -0.140625 0.788269 0.110016 0.3372 0.2980 0.2196
v 0.142548 0.788269 0.110016 0.3490 0.3059 0.2275
v -0.096619 0.887756 0.110016 0.3098 0.2784 0.1961
v 0.094711 0.887756 0.110016 0.3255 0.2823 0.2039
v -0.140624 0.047852 0.111931 0.1530 0.1333 0.1216
v 0.140624 0.047852 0.111931 0.1530 0.1333 0.1216
v -0.048790 0.684998 0.111931 0.9215 0.6039 0.3490
v 0.048790 0.684998 0.111931 0.9804 0.6510 0.3647
v -0.041138 0.698364 0.111931 0.9451 0.6157 0.3451
v 0.041138 0.698364 0.111931 0.9960 0.6706 0.3725
v -0.131058 0.711731 0.111931 0.1255 0.0863 0.0784
v 0.131058 0.711731 0.111931 0.1216 0.0824 0.0745
v -0.054531 0.725159 0.111931 0.9882 0.6315 0.3568
v 0.054531 0.725159 0.111931 0.7843 0.4980 0.3137
v -0.043049 0.744263 0.111931 0.9529 0.6197 0.3568
v -0.094711 0.748108 0.111931 0.1216 0.0784 0.0706
v 0.071747 0.748108 0.111931 0.1373 0.0980 0.0745
v 0.083229 0.751953 0.111931 0.1059 0.0745 0.0588
v -0.163589 0.755737 0.111931 0.2823 0.2588 0.1961
v 0.163589 0.755737 0.111931 0.3216 0.2902 0.2078
v -0.131058 0.759583 0.111931 0.2432 0.2078 0.1412
v -0.123405 0.801697 0.111931 0.3098 0.2706 0.1922
v 0.125320 0.801697 0.111931 0.3098 0.2667 0.1922
v -0.132980 0.811218 0.111931 0.3098 0.2667 0.1922
v 0.134888 0.811218 0.111931 0.3137 0.2706 0.1843
v 0.100448 0.000000 0.113838 0.9255 0.8274 0.7412
v -0.100448 0.000000 0.113838 0.9490 0.8509 0.7647
v -0.142547 0.001923 0.113838 0.9215 0.8235 0.7372
v 0.142547 0.001923 0.113838 0.9529 0.8549 0.7686
v -0.067925 0.679199 0.113838 0.8431 0.5451 0.3059
v 0.067924 0.679199 0.113838 0.8000 0.5019 0.3019
v -0.083229 0.686890 0.113838 0.1137 0.0745 0.0706
v 0.083229 0.686890 0.113838 0.4118 0.2353 0.1569
v -0.136795 0.705994 0.113838 0.1059 0.0745 0.0667
v 0.136795 0.705994 0.113838 0.1020 0.0706 0.0588
v -0.132980 0.707947 0.113838 0.1059 0.0745 0.0627
v -0.142548 0.707947 0.113838 0.1098 0.0745 0.0627
v 0.132980 0.707947 0.113838 0.1059 0.0745 0.0627
v 0.142548 0.707947 0.113838 0.1098 0.0745 0.0667
v -0.050701 0.713684 0.113838 0.9411 0.6039 0.3294
v 0.050701 0.713684 0.113838 0.2471 0.1843 0.1294
v -0.142548 0.715576 0.113838 0.1373 0.0941 0.0784
v -0.132980 0.717468 0.113838 0.1373 0.1020 0.0824
v -0.136795 0.717468 0.113838 0.1373 0.1020 0.0824
v 0.132980 0.717468 0.113838 0.1373 0.1020 0.0824
v 0.136795 0.717468 0.113838 0.1412 0.1059 0.0863
v 0.142548 0.717468 0.113838 0.1412 0.1020 0.0863
v -0.098534 0.748108 0.113838 0.1216 0.0745 0.0627
v 0.027742 0.748108 0.113838 0.9882 0.6589 0.3843
v -0.044964 0.751953 0.113838 0.9333 0.6000 0.3451
v 0.033482 0.753845 0.113838 0.9804 0.6276 0.3647
v -0.050701 0.759583 0.113838 0.8823 0.5608 0.3372
v -0.165497 0.761475 0.113838 0.3176 0.2863 0.2078
v 0.165497 0.761475 0.113838 0.3529 0.3098 0.2275
v -0.121498 0.767212 0.113838 0.2196 0.1843 0.1255
v -0.129150 0.805481 0.113838 0.2196 0.1843 0.1255
v 0.131058 0.805481 0.113838 0.2863 0.2432 0.1647
v -0.000957 0.822693 0.113838 0.8627 0.5490 0.3176
v -0.004783 0.822693 0.113838 0.8666 0.5569 0.3372
v -0.008610 0.822693 0.113838 0.8666 0.5569 0.3294
v -0.012437 0.822693 0.113838 0.8902 0.5608 0.3176
v -0.014350 0.822693 0.113838 0.8862 0.5608 0.3176
v -0.018177 0.822693 0.113838 0.8980 0.5608 0.3137
v -0.119583 0.843750 0.113838 0.2980 0.2549 0.1765
v 0.119583 0.843750 0.113838 0.3098 0.2667 0.1882
v -0.044964 0.910706 0.113838 0.3059 0.2745 0.1843
v 0.043049 0.910706 0.113838 0.3255 0.2863 0.2078
v 0.004783 0.912659 0.113838 0.3294 0.2863 0.2078
v 0.006697 0.912659 0.113838 0.3098 0.2745 0.1922
v -0.121498 0.047852 0.115753 0.1333 0.1137 0.1020
v 0.121498 0.047852 0.115753 0.1333 0.1176 0.1059
v -0.058357 0.688782 0.115753 0.0980 0.0196 0.0078
v 0.058357 0.688782 0.115753 0.1451 0.0941 0.0745
v -0.083229 0.694519 0.115753 0.1412 0.0941 0.0706
v 0.083229 0.694519 0.115753 0.0275 0.0196 0.0392
v -0.050701 0.700256 0.115753 0.8980 0.5804 0.3137
v 0.050701 0.700256 0.115753 0.2118 0.1451 0.1098
v -0.144455 0.711731 0.115753 0.1216 0.0863 0.0627
v 0.144455 0.711731 0.115753 0.1294 0.0863 0.0706
v -0.083229 0.717468 0.115753 0.2275 0.1490 0.0941
v 0.083229 0.717468 0.115753 0.0863 0.0667 0.0588
v -0.058357 0.723206 0.115753 0.3568 0.2000 0.1333
v 0.058357 0.723206 0.115753 0.2627 0.1725 0.1216
v -0.067925 0.727051 0.115753 0.2039 0.1373 0.1098
v 0.067924 0.727051 0.115753 0.2275 0.1569 0.1098
v 0.119583 0.746216 0.115753 0.1098 0.0706 0.0627
v -0.029655 0.748108 0.115753 0.9686 0.6197 0.3529
v -0.081314 0.750000 0.115753 0.1098 0.0706 0.0627
v -0.100449 0.750000 0.115753 0.1216 0.0784 0.0627
v 0.104279 0.750000 0.115753 0.0980 0.0667 0.0549
v -0.035397 0.751953 0.115753 0.9607 0.6197 0.3568
v 0.048790 0.751953 0.115753 0.9215 0.5843 0.3333
v -0.066010 0.753845 0.115753 0.5530 0.3451 0.2118
v -0.106186 0.757690 0.115753 0.1373 0.0824 0.0706
v 0.088966 0.757690 0.115753 0.0980 0.0667 0.0588
v 0.025829 0.763428 0.115753 0.9411 0.5921 0.3490
v -0.161682 0.767212 0.115753 0.3412 0.2980 0.2196
v 0.161682 0.767212 0.115753 0.3529 0.3098 0.2314
v -0.039223 0.769165 0.115753 0.8862 0.5608 0.3176
v -0.106186 0.771057 0.115753 0.1451 0.0902 0.0784
v -0.113838 0.772949 0.115753 0.2039 0.1686 0.1137
v -0.023916 0.912659 0.115753 0.3137 0.2823 0.2039
v 0.023916 0.912659 0.115753 0.3176 0.2863 0.2039
v -0.006697 0.914551 0.115753 0.3372 0.2941 0.2157
v 0.002870 0.914551 0.115753 0.3255 0.2823 0.1961
v 0.010523 0.914551 0.115753 0.3333 0.2902 0.2118
v -0.096618 0.038269 0.117668 0.1412 0.1098 0.0980
v -0.144454 0.038269 0.117668 0.1412 0.1098 0.1020
v 0.096618 0.038269 0.117668 0.1490 0.1137 0.1020
v 0.144454 0.038269 0.117668 0.1412 0.1098 0.0980
v -0.043049 0.608459 0.117668 0.9725 0.6315 0.3529
v 0.043049 0.608459 0.117668 0.9725 0.6432 0.3686
v -0.025829 0.696472 0.117668 0.9843 0.6432 0.3725
v 0.025829 0.696472 0.117668 0.9333 0.6079 0.3451
v -0.085144 0.705994 0.117668 0.1922 0.1176 0.0863
v 0.085144 0.705994 0.117668 0.0392 0.0314 0.0431
v -0.022003 0.713684 0.117668 0.9647 0.6354 0.3608
v 0.022003 0.713684 0.117668 0.9529 0.6276 0.3608
v -0.020090 0.729004 0.117668 0.9843 0.6432 0.3647
v 0.020090 0.729004 0.117668 0.9843 0.6589 0.3843
v -0.016264 0.744263 0.117668 0.9647 0.6236 0.3529
v 0.016264 0.744263 0.117668 0.9804 0.6315 0.3647
v -0.102364 0.751953 0.117668 0.1216 0.0784 0.0627
v -0.104279 0.753845 0.117668 0.1333 0.0784 0.0667
v 0.014350 0.755737 0.117668 0.9607 0.6197 0.3490
v 0.020090 0.757690 0.117668 0.9647 0.6157 0.3568
v -0.029655 0.763428 0.117668 0.9568 0.6118 0.3451
v -0.035397 0.765320 0.117668 0.9255 0.6000 0.3412
v 0.014350 0.769165 0.117668 0.9568 0.5961 0.3333
v 0.018177 0.772949 0.117668 0.9098 0.5764 0.3255
v -0.106186 0.776794 0.117668 0.1490 0.1020 0.0784
v -0.031570 0.782532 0.117668 0.8823 0.5569 0.3059
v -0.002870 0.809326 0.117668 0.9451 0.6000 0.3412
v -0.018177 0.809326 0.117668 0.9490 0.6039 0.3451
v -0.022003 0.809326 0.117668 0.9372 0.6000 0.3372
v 0.000957 0.809326 0.117668 0.9411 0.5961 0.3451
v 0.004783 0.809326 0.117668 0.9294 0.5882 0.3333
v -0.123405 0.001923 0.119583 0.9333 0.8353 0.7490
v 0.123405 0.001923 0.119583 0.9411 0.8431 0.7568
v -0.144454 0.005737 0.119583 0.9607 0.8549 0.7647
v 0.144454 0.005737 0.119583 0.9607 0.8549 0.7725
v -0.144454 0.026794 0.119583 0.9215 0.8196 0.7294
v 0.144454 0.026795 0.119583 0.8706 0.7725 0.6902
v -0.071747 0.686890 0.119583 0.0706 0.0392 0.0392
v 0.071747 0.686890 0.119583 0.0471 0.0353 0.0353
v 0.000957 0.711731 0.119583 0.9647 0.6354 0.3608
v -0.058357 0.713684 0.119583 0.1137 0.0745 0.0667
v 0.058357 0.713684 0.119583 0.2157 0.1373 0.0941
v -0.071747 0.715576 0.119583 0.1569 0.0980 0.0667
v 0.071747 0.715576 0.119583 0.1451 0.0863 0.0588
v 0.000957 0.729004 0.119583 0.9921 0.6510 0.3725
v 0.000957 0.742371 0.119583 0.9686 0.6276 0.3529
v 0.062183 0.748108 0.119583 0.1137 0.0824 0.0745
v 0.037308 0.755737 0.119583 0.9294 0.5804 0.3216
v -0.012437 0.757690 0.119583 0.9686 0.6236 0.3451
v 0.000957 0.757690 0.119583 0.9686 0.6197 0.3529
v -0.022003 0.759583 0.119583 0.9647 0.6197 0.3412
v 0.008610 0.763428 0.119583 0.9647 0.6157 0.3490
v -0.043049 0.769165 0.119583 0.8862 0.5608 0.3059
v -0.154022 0.772949 0.119583 0.3451 0.3019 0.2235
v 0.155930 0.772949 0.119583 0.3333 0.2902 0.2078
v -0.022003 0.778687 0.119583 0.9098 0.5843 0.3176
v -0.027742 0.780640 0.119583 0.8980 0.5686 0.3176
v 0.004783 0.780640 0.119583 0.9529 0.6039 0.3451
v 0.008610 0.782532 0.119583 0.9451 0.6000 0.3412
v 0.012437 0.784424 0.119583 0.9255 0.5921 0.3372
v -0.022003 0.794006 0.119583 0.9294 0.5961 0.3333
v -0.025829 0.795959 0.119583 0.9294 0.5961 0.3333
v 0.004783 0.795959 0.119583 0.9333 0.6000 0.3451
v 0.008610 0.797852 0.119583 0.9137 0.5804 0.3294
v -0.006697 0.809326 0.119583 0.9529 0.6079 0.3412
v -0.012437 0.809326 0.119583 0.9529 0.6039 0.3372
v -0.016264 0.809326 0.119583 0.9490 0.6039 0.3451
v -0.098534 0.868652 0.119583 0.2941 0.2627 0.1804
v 0.096619 0.868652 0.119583 0.3176 0.2745 0.1961
v -0.071747 0.891602 0.119583 0.2941 0.2627 0.1804
v 0.071747 0.891602 0.119583 0.3216 0.2784 0.2000
v -0.096618 0.001923 0.121498 0.9725 0.8745 0.7843
v 0.096618 0.001923 0.121498 0.9294 0.8274 0.7412
v -0.146362 0.024872 0.121498 0.9215 0.7960 0.7059
v 0.146362 0.024872 0.121498 0.8862 0.7804 0.6941
v -0.096618 0.026795 0.121498 0.5764 0.5294 0.4863
v 0.096618 0.026795 0.121498 0.7882 0.7059 0.6393
v -0.050701 0.661987 0.121498 0.9882 0.6824 0.3882
v 0.050701 0.661987 0.121498 0.9843 0.6471 0.3647
v -0.033482 0.679199 0.121498 0.9843 0.6745 0.3804
v 0.033482 0.679199 0.121498 0.9411 0.6079 0.3451
v -0.064095 0.692627 0.121498 0.0745 0.0392 0.0471
v 0.064095 0.692627 0.121498 0.1333 0.0784 0.0627
v -0.073662 0.694519 0.121498 0.1333 0.0745 0.0549
v 0.073662 0.694519 0.121498 0.0980 0.0588 0.0510
v 0.000957 0.696472 0.121498 0.9764 0.6354 0.3568
v -0.060268 0.702209 0.121498 0.0941 0.0549 0.0549
v 0.060268 0.702209 0.121498 0.1765 0.1059 0.0784
v -0.071747 0.704102 0.121498 0.1294 0.0784 0.0549
v 0.071747 0.704102 0.121498 0.1294 0.0784 0.0549
v 0.125320 0.744263 0.121498 0.1216 0.0863 0.0667
v 0.067924 0.748108 0.121498 0.1216 0.0824 0.0745
v 0.094711 0.755737 0.121498 0.0980 0.0706 0.0588
v -0.054531 0.759583 0.121498 0.1882 0.1020 0.0706
v -0.010523 0.774902 0.121498 0.9372 0.5961 0.3333
v -0.002870 0.776794 0.121498 0.9333 0.6000 0.3372
v -0.016264 0.776794 0.121498 0.9215 0.5882 0.3255
v -0.008610 0.792114 0.121498 0.9333 0.5921 0.3294
v -0.012437 0.792114 0.121498 0.9333 0.6000 0.3372
v -0.000957 0.794006 0.121498 0.9333 0.5921 0.3294
v -0.004783 0.794006 0.121498 0.9333 0.5921 0.3294
v -0.018177 0.794006 0.121498 0.9333 0.5961 0.3333
v -0.127228 0.795959 0.121498 0.3216 0.2784 0.2000
v 0.129150 0.795959 0.121498 0.3412 0.2980 0.2196
v -0.146362 0.011505 0.123405 0.9529 0.8470 0.7568
v 0.146362 0.011505 0.123405 0.9529 0.8470 0.7647
v -0.094711 0.024872 0.123405 0.9215 0.8039 0.6980
v 0.094711 0.024872 0.123405 0.8745 0.7608 0.6745
v 0.000957 0.606506 0.123405 0.9686 0.6315 0.3647
v -0.048790 0.635193 0.123405 0.9255 0.6157 0.3451
v 0.048790 0.635193 0.123405 0.9451 0.6276 0.3686
v 0.129150 0.744263 0.123405 0.1255 0.0824 0.0667
v -0.087059 0.750000 0.123405 0.1333 0.0902 0.0784
v -0.069839 0.751953 0.123405 0.1098 0.0745 0.0627
v 0.134888 0.753845 0.123405 0.1294 0.0863 0.0706
v 0.027742 0.763428 0.123405 0.4471 0.2627 0.1608
v -0.033482 0.782532 0.123405 0.8627 0.5451 0.3019
v -0.108101 0.809326 0.123405 0.3294 0.2863 0.2078
v -0.117668 0.826538 0.123405 0.2902 0.2588 0.1765
v 0.117668 0.826538 0.123405 0.3098 0.2667 0.1882
v -0.123405 0.003845 0.125320 0.9607 0.8588 0.7686
v 0.123405 0.003845 0.125320 0.9647 0.8588 0.7725
v -0.094711 0.007660 0.125320 0.9607 0.8549 0.7686
v 0.094711 0.007660 0.125320 0.9568 0.8549 0.7647
v -0.121498 0.026795 0.125320 0.9255 0.8470 0.7686
v 0.121498 0.026795 0.125320 0.8706 0.7686 0.6824
v -0.121498 0.038269 0.125320 0.1412 0.1137 0.0980
v 0.121498 0.038269 0.125320 0.1490 0.1176 0.1059
v 0.132980 0.746216 0.125320 0.1255 0.0824 0.0667
v 0.052616 0.750000 0.125320 0.1373 0.0902 0.0706
v 0.073662 0.750000 0.125320 0.1176 0.0745 0.0667
v 0.110016 0.750000 0.125320 0.1137 0.0745 0.0667
v 0.134888 0.750000 0.125320 0.1294 0.0863 0.0706
v 0.136795 0.753845 0.125320 0.1490 0.1098 0.0784
v 0.018177 0.772949 0.125320 0.3490 0.1882 0.0863
v -0.104279 0.774902 0.125320 0.1451 0.0941 0.0745
v -0.144455 0.778687 0.125320 0.3333 0.2902 0.2118
v 0.146362 0.780640 0.125320 0.3529 0.3098 0.2314
v -0.027742 0.795959 0.125320 0.6785 0.4510 0.2980
v 0.110016 0.809326 0.125320 0.3333 0.2863 0.2157
v -0.048790 0.895447 0.125320 0.3019 0.2706 0.1882
v 0.046875 0.895447 0.125320 0.3216 0.2902 0.2078
v 0.000957 0.677307 0.127228 0.9686 0.6393 0.3568
v -0.127228 0.711731 0.127228 0.1176 0.0784 0.0706
v 0.129150 0.711731 0.127228 0.1137 0.0824 0.0706
v -0.148285 0.744263 0.127228 0.2588 0.2118 0.1490
v -0.138718 0.748108 0.127228 0.2588 0.2314 0.1569
v -0.090881 0.751953 0.127228 0.1412 0.0902 0.0784
v 0.077492 0.755737 0.127228 0.1059 0.0745 0.0667
v 0.081314 0.761475 0.127228 0.1098 0.0667 0.0588
v -0.102364 0.765320 0.127228 0.1451 0.0902 0.0784
v -0.044964 0.769165 0.127228 0.1451 0.0863 0.0745
v -0.111931 0.771057 0.127228 0.2118 0.1765 0.1176
v 0.012437 0.784424 0.127228 0.1961 0.1098 0.0824
v 0.006697 0.797852 0.127228 0.1725 0.1020 0.0745
v -0.022003 0.807434 0.127228 0.1412 0.0980 0.0902
v 0.002870 0.807434 0.127228 0.1490 0.0980 0.0784
v -0.111931 0.813171 0.127228 0.2235 0.1882 0.1333
v 0.113838 0.813171 0.127228 0.2667 0.2314 0.1647
v -0.000957 0.816956 0.127228 0.1255 0.0824 0.0667
v -0.006697 0.816956 0.127228 0.1255 0.0824 0.0667
v -0.012437 0.816956 0.127228 0.1333 0.0784 0.0667
v -0.018177 0.816956 0.127228 0.1294 0.0863 0.0745
v -0.115753 0.816956 0.127228 0.2863 0.2471 0.1725
v 0.115753 0.816956 0.127228 0.3019 0.2588 0.1804
v -0.098534 0.849487 0.127228 0.2980 0.2667 0.1843
v 0.098534 0.849487 0.127228 0.3294 0.2902 0.2118
v -0.025829 0.897339 0.127228 0.3098 0.2745 0.1961
v 0.006697 0.897339 0.127228 0.3216 0.2784 0.2000
v 0.008610 0.897339 0.127228 0.3098 0.2745 0.1922
v 0.025829 0.897339 0.127228 0.3216 0.2902 0.2078
v -0.123405 0.009583 0.129150 0.9490 0.8509 0.7608
v 0.123405 0.009583 0.129150 0.9529 0.8549 0.7686
v -0.123405 0.024872 0.129150 0.9255 0.8039 0.7020
v 0.123405 0.024872 0.129150 0.8745 0.7686 0.6785
v -0.134888 0.705994 0.129150 0.0902 0.0588 0.0471
v 0.134888 0.705994 0.129150 0.0980 0.0706 0.0588
v -0.129150 0.707947 0.129150 0.1098 0.0784 0.0667
v 0.131058 0.707947 0.129150 0.1059 0.0745 0.0667
v -0.129150 0.717468 0.129150 0.1216 0.0824 0.0745
v -0.134888 0.717468 0.129150 0.1216 0.0824 0.0745
v 0.131058 0.717468 0.129150 0.1216 0.0824 0.0745
v 0.134888 0.717468 0.129150 0.1216 0.0824 0.0745
v -0.157852 0.744263 0.129150 0.2941 0.2510 0.1843
v 0.150192 0.746216 0.129150 0.2823 0.2392 0.1686
v 0.157852 0.746216 0.129150 0.2980 0.2392 0.1647
v 0.140625 0.750000 0.129150 0.2314 0.1922 0.1412
v -0.092796 0.753845 0.129150 0.1255 0.0784 0.0667
v -0.129150 0.755737 0.129150 0.2510 0.2157 0.1490
v 0.041138 0.755737 0.129150 0.1373 0.0902 0.0706
v -0.058357 0.757690 0.129150 0.1373 0.0784 0.0667
v -0.119583 0.763428 0.129150 0.2432 0.2078 0.1412
v 0.083229 0.763428 0.129150 0.1098 0.0549 0.0431
v -0.073662 0.874390 0.129150 0.2941 0.2627 0.1804
v 0.073662 0.874390 0.129150 0.3255 0.2823 0.2039
v -0.008610 0.899231 0.129150 0.3216 0.2784 0.2000
v 0.002870 0.899231 0.129150 0.3372 0.2941 0.2078
v 0.012437 0.899231 0.129150 0.3294 0.2902 0.2039
v 0.000957 0.631409 0.131058 0.9686 0.6393 0.3647
v 0.000957 0.658203 0.131058 0.9686 0.6393 0.3568
v -0.138718 0.707947 0.131058 0.0941 0.0588 0.0471
v 0.138718 0.707947 0.131058 0.0902 0.0588 0.0510
v -0.140625 0.711731 0.131058 0.0980 0.0667 0.0471
v 0.140625 0.711731 0.131058 0.1098 0.0745 0.0549
v -0.138718 0.715576 0.131058 0.1216 0.0863 0.0667
v 0.138718 0.717468 0.131058 0.1294 0.0980 0.0824
v -0.161682 0.748108 0.131058 0.2941 0.2471 0.1569
v 0.113838 0.748108 0.131058 0.1137 0.0745 0.0627
v 0.163589 0.748108 0.131058 0.3059 0.2588 0.1725
v -0.075577 0.751953 0.131058 0.1530 0.0941 0.0745
v -0.096619 0.755737 0.131058 0.1137 0.0706 0.0549
v 0.098534 0.755737 0.131058 0.1137 0.0706 0.0549
v -0.098534 0.759583 0.131058 0.1255 0.0784 0.0627
v -0.035397 0.780640 0.131058 0.1451 0.0902 0.0745
v 0.058357 0.750000 0.132980 0.1412 0.0980 0.0824
v -0.165497 0.751953 0.132980 0.3176 0.2745 0.1882
v 0.165497 0.753845 0.132980 0.3176 0.2745 0.1882
v 0.087059 0.761475 0.132980 0.1176 0.0745 0.0588
v 0.125320 0.761475 0.132980 0.1490 0.1098 0.0824
v -0.027742 0.794006 0.132980 0.1451 0.0902 0.0784
v -0.067925 0.642883 0.134888 0.1020 0.0824 0.0706
v -0.079399 0.642883 0.134888 0.0980 0.0784 0.0667
v 0.067924 0.642883 0.134888 0.0980 0.0784 0.0667
v 0.079399 0.642883 0.134888 0.0941 0.0745 0.0627
v -0.054531 0.644775 0.134888 0.0980 0.0745 0.0627
v 0.054531 0.644775 0.134888 0.0902 0.0745 0.0588
v -0.067925 0.646729 0.134888 0.3137 0.2706 0.2275
v -0.079399 0.646729 0.134888 0.3372 0.2941 0.2471
v -0.092796 0.646729 0.134888 0.0980 0.0784 0.0627
v 0.067924 0.646729 0.134888 0.3098 0.2706 0.2275
v 0.079399 0.646729 0.134888 0.2941 0.2627 0.2235
v 0.092796 0.646729 0.134888 0.0941 0.0745 0.0588
v -0.056442 0.648621 0.134888 0.2667 0.2314 0.1961
v -0.092796 0.648621 0.134888 0.1294 0.1020 0.0706
v 0.056442 0.648621 0.134888 0.3098 0.2510 0.2078
v 0.092796 0.648621 0.134888 0.1098 0.0824 0.0706
v -0.039223 0.652466 0.134888 0.0902 0.0784 0.0667
v 0.039223 0.652466 0.134888 0.0980 0.0745 0.0627
v -0.043049 0.654358 0.134888 0.1255 0.0902 0.0706
v -0.110016 0.654358 0.134888 0.0863 0.0667 0.0549
v 0.043049 0.654358 0.134888 0.1490 0.1098 0.0824
v 0.110016 0.654358 0.134888 0.0902 0.0706 0.0588
v -0.106186 0.658203 0.134888 0.3725 0.3216 0.2627
v 0.106186 0.658203 0.134888 0.3059 0.2627 0.2157
v -0.027742 0.663940 0.134888 0.0941 0.0745 0.0627
v 0.027742 0.663940 0.134888 0.0980 0.0745 0.0667
v -0.031570 0.665833 0.134888 0.1216 0.0863 0.0706
v 0.031570 0.665833 0.134888 0.1843 0.1451 0.1098
v -0.119583 0.671570 0.134888 0.3843 0.3255 0.2667
v -0.123405 0.671570 0.134888 0.0863 0.0667 0.0549
v 0.119583 0.671570 0.134888 0.2196 0.1843 0.1451
v 0.123405 0.671570 0.134888 0.0902 0.0745 0.0627
v -0.020090 0.677307 0.134888 0.1176 0.0824 0.0706
v 0.020090 0.677307 0.134888 0.0941 0.0784 0.0667
v -0.023916 0.679199 0.134888 0.1098 0.0745 0.0627
v 0.023916 0.679199 0.134888 0.0941 0.0706 0.0549
v -0.125320 0.690735 0.134888 0.4078 0.3372 0.2784
v -0.129150 0.690735 0.134888 0.0863 0.0667 0.0549
v 0.125320 0.690735 0.134888 0.2549 0.2157 0.1725
v 0.129150 0.690735 0.134888 0.0863 0.0667 0.0549
v -0.016264 0.692627 0.134888 0.1137 0.0824 0.0745
v 0.016264 0.692627 0.134888 0.1020 0.0784 0.0667
v -0.020090 0.694519 0.134888 0.1882 0.1451 0.1176
v 0.020090 0.694519 0.134888 0.0980 0.0745 0.0549
v -0.018177 0.707947 0.134888 0.0863 0.0706 0.0627
v -0.129150 0.707947 0.134888 0.1059 0.0784 0.0667
v 0.018177 0.707947 0.134888 0.0980 0.0784 0.0667
v 0.129150 0.707947 0.134888 0.0941 0.0745 0.0588
v -0.022003 0.709839 0.134888 0.3372 0.2784 0.2353
v -0.125320 0.709839 0.134888 0.3059 0.2392 0.1882
v 0.022003 0.709839 0.134888 0.1490 0.1176 0.0902
v 0.125320 0.709839 0.134888 0.1569 0.1255 0.0980
v -0.008610 0.711731 0.134888 0.0941 0.0745 0.0627
v -0.018177 0.711731 0.134888 0.0902 0.0706 0.0588
v -0.127228 0.711731 0.134888 0.1137 0.0863 0.0667
v 0.008610 0.711731 0.134888 0.0980 0.0784 0.0667
v 0.018177 0.711731 0.134888 0.0980 0.0784 0.0667
v 0.127228 0.711731 0.134888 0.0980 0.0784 0.0667
v 0.000957 0.713684 0.134888 0.0980 0.0784 0.0627
v -0.010523 0.715576 0.134888 0.1098 0.0824 0.0667
v 0.010523 0.715576 0.134888 0.1059 0.0784 0.0667
v 0.000957 0.717468 0.134888 0.1098 0.0784 0.0667
v -0.027742 0.725159 0.134888 0.3294 0.2745 0.2275
v 0.027742 0.725159 0.134888 0.3333 0.2823 0.2432
v -0.023916 0.727051 0.134888 0.0941 0.0745 0.0667
v -0.119583 0.727051 0.134888 0.3725 0.3137 0.2588
v 0.023916 0.727051 0.134888 0.0941 0.0745 0.0627
v 0.119583 0.727051 0.134888 0.3059 0.2588 0.2078
v -0.123405 0.729004 0.134888 0.0863 0.0706 0.0549
v 0.123405 0.729004 0.134888 0.0863 0.0667 0.0549
v -0.035397 0.734741 0.134888 0.3647 0.3019 0.2432
v 0.035397 0.734741 0.134888 0.3529 0.2980 0.2432
v -0.031570 0.738525 0.134888 0.0941 0.0784 0.0667
v 0.031570 0.738525 0.134888 0.0941 0.0745 0.0627
v -0.106186 0.740417 0.134888 0.3765 0.3137 0.2588
v 0.106186 0.740417 0.134888 0.3568 0.3059 0.2471
v -0.044964 0.744263 0.134888 0.3176 0.2706 0.2235
v -0.108101 0.744263 0.134888 0.0863 0.0667 0.0549
v 0.044964 0.744263 0.134888 0.2941 0.2471 0.2039
v 0.108101 0.744263 0.134888 0.0706 0.0510 0.0431
v -0.043049 0.748108 0.134888 0.0980 0.0784 0.0627
v 0.043049 0.748108 0.134888 0.0980 0.0627 0.0549
v 0.117668 0.748108 0.134888 0.1176 0.0784 0.0706
v -0.058357 0.750000 0.134888 0.2039 0.1608 0.1216
v -0.092796 0.750000 0.134888 0.1451 0.1098 0.0824
v 0.058357 0.750000 0.134888 0.1608 0.1216 0.1098
v 0.092796 0.750000 0.134888 0.2510 0.2118 0.1765
v -0.071747 0.751953 0.134888 0.1373 0.1059 0.0824
v -0.081314 0.751953 0.134888 0.1490 0.1176 0.0941
v 0.071747 0.751953 0.134888 0.1412 0.1098 0.0941
v 0.081314 0.751953 0.134888 0.1647 0.1294 0.1020
v -0.058357 0.753845 0.134888 0.0863 0.0627 0.0588
v -0.092796 0.753845 0.134888 0.0824 0.0627 0.0510
v 0.058357 0.753845 0.134888 0.1020 0.0706 0.0627
v 0.092796 0.753845 0.134888 0.0980 0.0784 0.0667
v -0.071747 0.755737 0.134888 0.1020 0.0706 0.0588
v -0.081314 0.755737 0.134888 0.1059 0.0745 0.0627
v 0.071747 0.755737 0.134888 0.0980 0.0706 0.0588
v 0.081314 0.755737 0.134888 0.1137 0.0824 0.0706
v 0.125320 0.757690 0.134888 0.1373 0.0941 0.0784
v 0.163589 0.759583 0.134888 0.3529 0.3098 0.2235
v 0.029655 0.761475 0.134888 0.1412 0.0902 0.0784
v -0.046875 0.767212 0.134888 0.1333 0.0902 0.0784
v -0.102364 0.774902 0.134888 0.1804 0.1294 0.0941
v 0.010523 0.782532 0.134888 0.1490 0.0941 0.0824
v -0.110016 0.803589 0.134888 0.3490 0.3059 0.2275
v 0.111931 0.803589 0.134888 0.3294 0.2941 0.2118
v -0.090881 0.816956 0.134888 0.3294 0.2863 0.2039
v -0.096619 0.834229 0.134888 0.2823 0.2510 0.1647
v 0.096619 0.834229 0.134888 0.3216 0.2784 0.2000
v -0.050701 0.878174 0.134888 0.3019 0.2706 0.1882
v 0.048790 0.878174 0.134888 0.3098 0.2784 0.1961
v -0.090881 0.652466 0.136795 0.3686 0.3059 0.2432
v -0.111931 0.652466 0.136795 0.0863 0.0627 0.0510
v 0.090881 0.652466 0.136795 0.3568 0.3059 0.2392
v 0.111931 0.652466 0.136795 0.0863 0.0706 0.0627
v -0.104279 0.660095 0.136795 0.3804 0.3216 0.2588
v 0.104279 0.660095 0.136795 0.3725 0.3137 0.2392
v -0.125320 0.669678 0.136795 0.0824 0.0627 0.0510
v 0.125320 0.669678 0.136795 0.0902 0.0706 0.0588
v -0.117668 0.673462 0.136795 0.3765 0.3137 0.2432
v 0.117668 0.673462 0.136795 0.3647 0.3019 0.2432
v -0.132980 0.688782 0.136795 0.0863 0.0588 0.0471
v 0.132980 0.688782 0.136795 0.0902 0.0627 0.0549
v -0.123405 0.690735 0.136795 0.3843 0.3137 0.2471
v 0.123405 0.690735 0.136795 0.3568 0.3059 0.2432
v -0.123405 0.707947 0.136795 0.4039 0.3255 0.2510
v 0.123405 0.707947 0.136795 0.3451 0.2941 0.2314
v -0.127228 0.717468 0.136795 0.0941 0.0706 0.0549
v 0.129150 0.717468 0.136795 0.0980 0.0745 0.0627
v -0.117668 0.725159 0.136795 0.3686 0.3059 0.2392
v 0.117668 0.725159 0.136795 0.3412 0.2902 0.2275
v -0.125320 0.729004 0.136795 0.0863 0.0627 0.0471
v 0.125320 0.729004 0.136795 0.0902 0.0627 0.0510
v -0.104279 0.738525 0.136795 0.3568 0.3019 0.2432
v 0.104279 0.738525 0.136795 0.3529 0.3019 0.2392
v -0.110016 0.746216 0.136795 0.0824 0.0627 0.0549
v 0.110016 0.746216 0.136795 0.0745 0.0549 0.0431
v 0.121498 0.750000 0.136795 0.1255 0.0824 0.0667
v 0.102364 0.753845 0.136795 0.1137 0.0784 0.0588
v 0.123405 0.753845 0.136795 0.1294 0.0863 0.0706
v -0.163589 0.757690 0.136795 0.3451 0.3059 0.2196
v 0.127228 0.757690 0.136795 0.2000 0.1608 0.1137
v 0.092796 0.759583 0.136795 0.1176 0.0824 0.0627
v 0.157852 0.763428 0.136795 0.3255 0.2823 0.2039
v 0.073662 0.769165 0.136795 0.1530 0.0863 0.0745
v 0.018177 0.771057 0.136795 0.1530 0.0941 0.0824
v -0.129150 0.786377 0.136795 0.3412 0.3059 0.2235
v 0.131058 0.788269 0.136795 0.3294 0.2863 0.2078
v 0.004783 0.795959 0.136795 0.1412 0.0863 0.0745
v -0.022003 0.803589 0.136795 0.1373 0.0902 0.0706
v 0.090881 0.816956 0.136795 0.3412 0.2980 0.2235
v -0.075577 0.855225 0.136795 0.2980 0.2667 0.1843
v 0.075577 0.855225 0.136795 0.3255 0.2823 0.2039
v 0.006697 0.882019 0.136795 0.3137 0.2706 0.1922
v 0.008610 0.882019 0.136795 0.3059 0.2627 0.1843
v -0.066010 0.639038 0.138718 0.1098 0.0784 0.0627
v -0.079399 0.639038 0.138718 0.1059 0.0706 0.0627
v 0.066009 0.639038 0.138718 0.1098 0.0784 0.0627
v 0.079399 0.639038 0.138718 0.1137 0.0745 0.0627
v -0.054531 0.640991 0.138718 0.1137 0.0784 0.0627
v 0.054531 0.640991 0.138718 0.1059 0.0745 0.0588
v -0.094711 0.642883 0.138718 0.1059 0.0745 0.0627
v 0.094711 0.642883 0.138718 0.1059 0.0667 0.0588
v -0.037308 0.648621 0.138718 0.1098 0.0784 0.0706
v -0.067925 0.648621 0.138718 0.3098 0.2706 0.2235
v -0.079399 0.648621 0.138718 0.3333 0.2863 0.2314
v 0.037308 0.648621 0.138718 0.0941 0.0784 0.0667
v 0.067924 0.648621 0.138718 0.3372 0.2902 0.2275
v 0.079399 0.648621 0.138718 0.3451 0.2902 0.2392
v -0.056442 0.650513 0.138718 0.2667 0.2314 0.1961
v 0.056442 0.650513 0.138718 0.3451 0.2902 0.2275
v -0.043049 0.658203 0.138718 0.2510 0.2157 0.1882
v 0.043049 0.658203 0.138718 0.3176 0.2706 0.2078
v -0.025829 0.661987 0.138718 0.1216 0.0902 0.0784
v 0.025829 0.661987 0.138718 0.0980 0.0745 0.0627
v -0.033482 0.667725 0.138718 0.2314 0.1961 0.1647
v 0.033482 0.667725 0.138718 0.3255 0.2745 0.2118
v -0.016264 0.677307 0.138718 0.1333 0.1020 0.0902
v 0.016264 0.677307 0.138718 0.0941 0.0745 0.0627
v -0.027742 0.679199 0.138718 0.2157 0.1804 0.1530
v 0.027742 0.679199 0.138718 0.3098 0.2588 0.2078
v -0.012437 0.692627 0.138718 0.1412 0.1098 0.0980
v 0.012437 0.692627 0.138718 0.1059 0.0824 0.0706
v -0.023916 0.694519 0.138718 0.2314 0.1882 0.1569
v 0.023916 0.694519 0.138718 0.3451 0.2902 0.2275
v -0.014350 0.705994 0.138718 0.1059 0.0824 0.0706
v -0.132980 0.705994 0.138718 0.0902 0.0549 0.0431
v 0.014350 0.705994 0.138718 0.0980 0.0745 0.0667
v 0.132980 0.705994 0.138718 0.0941 0.0627 0.0471
v -0.025829 0.707947 0.138718 0.2588 0.2196 0.1843
v 0.025829 0.707947 0.138718 0.2941 0.2627 0.2157
v -0.008610 0.709839 0.138718 0.0902 0.0706 0.0549
v 0.008610 0.709839 0.138718 0.1020 0.0745 0.0627
v 0.000957 0.711731 0.138718 0.0980 0.0745 0.0588
v -0.016264 0.715576 0.138718 0.0980 0.0784 0.0667
v 0.016264 0.715576 0.138718 0.1020 0.0824 0.0706
v -0.131058 0.717468 0.138718 0.0980 0.0667 0.0549
v 0.131058 0.717468 0.138718 0.1020 0.0706 0.0627
v -0.010523 0.719421 0.138718 0.1216 0.0902 0.0784
v 0.010523 0.719421 0.138718 0.1176 0.0863 0.0745
v 0.000957 0.721313 0.138718 0.1216 0.0902 0.0824
v -0.029655 0.723206 0.138718 0.2627 0.2235 0.1843
v 0.029655 0.723206 0.138718 0.2784 0.2392 0.1922
v -0.022003 0.727051 0.138718 0.1020 0.0824 0.0706
v 0.022003 0.727051 0.138718 0.1059 0.0863 0.0745
v -0.037308 0.732788 0.138718 0.3176 0.2667 0.2157
v 0.037308 0.732788 0.138718 0.3019 0.2510 0.1961
v -0.029655 0.738525 0.138718 0.0980 0.0784 0.0627
v 0.029655 0.738525 0.138718 0.0980 0.0784 0.0667
v -0.046875 0.742371 0.138718 0.3098 0.2667 0.2118
v 0.046875 0.742371 0.138718 0.2902 0.2432 0.1882
v -0.090881 0.746216 0.138718 0.3255 0.2745 0.2078
v 0.090881 0.746216 0.138718 0.3333 0.2823 0.2196
v -0.060268 0.748108 0.138718 0.2941 0.2549 0.2078
v -0.081314 0.748108 0.138718 0.3098 0.2627 0.2000
v 0.060268 0.748108 0.138718 0.2980 0.2510 0.1961
v 0.081314 0.748108 0.138718 0.3333 0.2823 0.2196
v -0.041138 0.750000 0.138718 0.1020 0.0824 0.0667
v -0.071747 0.750000 0.138718 0.2941 0.2471 0.1961
v 0.041138 0.750000 0.138718 0.0824 0.0627 0.0510
v 0.071747 0.750000 0.138718 0.2902 0.2432 0.1961
v -0.081314 0.753845 0.138718 0.1137 0.0824 0.0667
v 0.064094 0.753845 0.138718 0.1294 0.0980 0.0863
v -0.094711 0.755737 0.138718 0.0863 0.0667 0.0549
v 0.094711 0.755737 0.138718 0.0863 0.0667 0.0549
v -0.056442 0.757690 0.138718 0.1020 0.0706 0.0588
v 0.056442 0.757690 0.138718 0.1059 0.0784 0.0706
v -0.069840 0.759583 0.138718 0.0863 0.0667 0.0549
v -0.083229 0.759583 0.138718 0.0941 0.0667 0.0549
v 0.069839 0.759583 0.138718 0.0863 0.0667 0.0549
v 0.083229 0.759583 0.138718 0.0863 0.0667 0.0549
v -0.155930 0.763428 0.138718 0.3451 0.3019 0.2235
v 0.077492 0.769165 0.138718 0.1412 0.0863 0.0745
v -0.108101 0.771057 0.138718 0.2235 0.1882 0.1294
v -0.037308 0.778687 0.138718 0.1412 0.0863 0.0745
v -0.092796 0.820801 0.138718 0.2196 0.1843 0.1216
v 0.094711 0.820801 0.138718 0.2706 0.2353 0.1686
v -0.094711 0.824646 0.138718 0.2784 0.2471 0.1686
v 0.096619 0.824646 0.138718 0.3059 0.2627 0.1843
v -0.008610 0.882019 0.138718 0.3294 0.2863 0.2078
v -0.025829 0.882019 0.138718 0.3019 0.2706 0.1882
v 0.002870 0.882019 0.138718 0.3176 0.2745 0.1961
v 0.012437 0.882019 0.138718 0.3255 0.2902 0.2039
v 0.027742 0.882019 0.138718 0.3137 0.2823 0.2000
v 0.044964 0.753845 0.140625 0.1098 0.0784 0.0706
v -0.062183 0.757690 0.140625 0.0902 0.0627 0.0549
v 0.000957 0.805481 0.140625 0.1451 0.0902 0.0784
v -0.014350 0.811218 0.140625 0.1373 0.0941 0.0784
v -0.020090 0.811218 0.140625 0.1333 0.0902 0.0745
v -0.066010 0.639038 0.142548 0.1176 0.0784 0.0627
v -0.079399 0.639038 0.142548 0.1098 0.0745 0.0549
v 0.066009 0.639038 0.142548 0.1098 0.0745 0.0588
v 0.079399 0.639038 0.142548 0.1216 0.0784 0.0667
v -0.052616 0.640991 0.142548 0.1451 0.0902 0.0667
v 0.052616 0.640991 0.142548 0.1176 0.0824 0.0667
v -0.094711 0.642883 0.142548 0.1059 0.0784 0.0667
v 0.094711 0.642883 0.142548 0.1255 0.0863 0.0667
v -0.037308 0.648621 0.142548 0.1255 0.0902 0.0745
v -0.067925 0.648621 0.142548 0.3216 0.2784 0.2314
v -0.079399 0.648621 0.142548 0.3372 0.2902 0.2353
v 0.037308 0.648621 0.142548 0.0980 0.0784 0.0667
v 0.067924 0.648621 0.142548 0.3451 0.2980 0.2392
v 0.079399 0.648621 0.142548 0.3451 0.2941 0.2432
v -0.056442 0.650513 0.142548 0.2627 0.2275 0.2000
v 0.056442 0.650513 0.142548 0.3490 0.2980 0.2353
v -0.090881 0.652466 0.142548 0.3412 0.2941 0.2432
v -0.111931 0.652466 0.142548 0.0941 0.0588 0.0471
v 0.090881 0.652466 0.142548 0.3608 0.3098 0.2471
v 0.111931 0.652466 0.142548 0.1059 0.0667 0.0588
v -0.043049 0.658203 0.142548 0.2432 0.2078 0.1804
v 0.043049 0.658203 0.142548 0.3294 0.2745 0.2157
v -0.104279 0.660095 0.142548 0.3568 0.3059 0.2432
v 0.104279 0.660095 0.142548 0.3686 0.3059 0.2432
v -0.025829 0.661987 0.142548 0.1216 0.0902 0.0784
v 0.025829 0.661987 0.142548 0.0941 0.0745 0.0627
v -0.033482 0.667725 0.142548 0.2353 0.1961 0.1647
v 0.033482 0.667725 0.142548 0.3372 0.2863 0.2235
v -0.125320 0.669678 0.142548 0.0941 0.0627 0.0510
v 0.125320 0.669678 0.142548 0.1020 0.0667 0.0549
v -0.115753 0.673462 0.142548 0.3686 0.3019 0.2353
v 0.115753 0.673462 0.142548 0.3608 0.3098 0.2471
v -0.016264 0.677307 0.142548 0.1373 0.1098 0.0980
v 0.016264 0.677307 0.142548 0.0980 0.0784 0.0667
v -0.027742 0.679199 0.142548 0.1961 0.1647 0.1373
v 0.027742 0.679199 0.142548 0.3176 0.2549 0.1961
v -0.132980 0.688782 0.142548 0.0941 0.0588 0.0471
v 0.132980 0.688782 0.142548 0.1098 0.0745 0.0549
v -0.121498 0.690735 0.142548 0.3765 0.3137 0.2471
v 0.121498 0.690735 0.142548 0.3333 0.2863 0.2314
v -0.012437 0.692627 0.142548 0.1490 0.1137 0.0980
v 0.012437 0.692627 0.142548 0.1059 0.0863 0.0706
v -0.023916 0.694519 0.142548 0.1961 0.1608 0.1451
v 0.023916 0.694519 0.142548 0.3608 0.2941 0.2275
v -0.014350 0.705994 0.142548 0.1255 0.0902 0.0784
v 0.014350 0.705994 0.142548 0.0980 0.0784 0.0667
v -0.025829 0.707947 0.142548 0.2196 0.1843 0.1608
v -0.121498 0.707947 0.142548 0.3686 0.3137 0.2392
v -0.132980 0.707947 0.142548 0.0902 0.0549 0.0510
v 0.025829 0.707947 0.142548 0.3412 0.2902 0.2314
v 0.121498 0.707947 0.142548 0.3255 0.2784 0.2235
v 0.132980 0.707947 0.142548 0.1059 0.0667 0.0549
v -0.008610 0.709839 0.142548 0.1137 0.0784 0.0627
v 0.008610 0.709839 0.142548 0.1059 0.0745 0.0627
v 0.000957 0.711731 0.142548 0.1098 0.0745 0.0667
v -0.016264 0.715576 0.142548 0.1059 0.0863 0.0745
v 0.016264 0.715576 0.142548 0.1020 0.0824 0.0706
v -0.132980 0.717468 0.142548 0.1020 0.0667 0.0549
v 0.132980 0.717468 0.142548 0.1176 0.0824 0.0627
v -0.010523 0.719421 0.142548 0.1255 0.0941 0.0824
v 0.010523 0.719421 0.142548 0.1294 0.0980 0.0863
v 0.000957 0.721313 0.142548 0.1255 0.0941 0.0824
v -0.029655 0.723206 0.142548 0.2353 0.1961 0.1608
v 0.029655 0.723206 0.142548 0.2902 0.2471 0.1922
v -0.115753 0.725159 0.142548 0.3294 0.2823 0.2196
v 0.115753 0.725159 0.142548 0.3333 0.2823 0.2196
v -0.022003 0.727051 0.142548 0.1059 0.0863 0.0745
v 0.022003 0.727051 0.142548 0.1059 0.0863 0.0745
v -0.125320 0.730896 0.142548 0.0902 0.0549 0.0392
v 0.125320 0.730896 0.142548 0.1020 0.0667 0.0510
v -0.037308 0.732788 0.142548 0.3019 0.2627 0.2157
v 0.037308 0.732788 0.142548 0.3059 0.2588 0.2078
v -0.029655 0.738525 0.142548 0.1020 0.0824 0.0667
v -0.104279 0.738525 0.142548 0.3294 0.2784 0.2118
v 0.029655 0.738525 0.142548 0.0980 0.0784 0.0627
v 0.104279 0.738525 0.142548 0.3333 0.2784 0.2275
v -0.046875 0.742371 0.142548 0.3019 0.2667 0.2078
v 0.046875 0.742371 0.142548 0.2902 0.2471 0.1961
v -0.090881 0.746216 0.142548 0.3372 0.2823 0.2118
v -0.111931 0.746216 0.142548 0.0824 0.0627 0.0588
v 0.090881 0.746216 0.142548 0.3176 0.2706 0.2118
v 0.111931 0.746216 0.142548 0.0784 0.0627 0.0510
v -0.060268 0.748108 0.142548 0.3098 0.2706 0.2235
v -0.081314 0.748108 0.142548 0.3333 0.2745 0.2118
v 0.060268 0.748108 0.142548 0.3137 0.2549 0.2039
v 0.081314 0.748108 0.142548 0.3176 0.2588 0.2000
v -0.041138 0.750000 0.142548 0.1098 0.0902 0.0745
v -0.071747 0.750000 0.142548 0.3137 0.2627 0.2078
v 0.041138 0.750000 0.142548 0.0784 0.0588 0.0471
v 0.071747 0.750000 0.142548 0.3294 0.2745 0.2196
v 0.106186 0.753845 0.142548 0.1216 0.0863 0.0667
v -0.094711 0.755737 0.142548 0.0824 0.0667 0.0549
v 0.094711 0.755737 0.142548 0.0863 0.0667 0.0549
v -0.056442 0.757690 0.142548 0.1020 0.0745 0.0667
v -0.087059 0.757690 0.142548 0.0706 0.0510 0.0510
v 0.056442 0.757690 0.142548 0.0941 0.0745 0.0667
v -0.069840 0.759583 0.142548 0.0784 0.0588 0.0510
v -0.083229 0.759583 0.142548 0.0824 0.0627 0.0549
v 0.069839 0.759583 0.142548 0.0706 0.0471 0.0510
v 0.083229 0.759583 0.142548 0.0863 0.0667 0.0549
v -0.090881 0.761475 0.142548 0.1059 0.0745 0.0667
v 0.069839 0.761475 0.142548 0.1255 0.0706 0.0588
v 0.092796 0.761475 0.142548 0.1216 0.0863 0.0667
v 0.083229 0.765320 0.142548 0.1333 0.0824 0.0706
v 0.111931 0.765320 0.142548 0.1373 0.0941 0.0706
v -0.092796 0.769165 0.142548 0.1490 0.0941 0.0824
v 0.115753 0.769165 0.142548 0.1843 0.1333 0.1020
v 0.148285 0.771057 0.142548 0.3216 0.2784 0.2039
v 0.067924 0.776794 0.142548 0.1373 0.0824 0.0706
v -0.092796 0.778687 0.142548 0.1725 0.1216 0.0863
v 0.010523 0.780640 0.142548 0.1530 0.0941 0.0745
v -0.029655 0.790222 0.142548 0.1490 0.0941 0.0784
v -0.002870 0.811218 0.142548 0.1373 0.0941 0.0745
v -0.008610 0.811218 0.142548 0.1451 0.1020 0.0784
v -0.134888 0.711731 0.144455 0.0980 0.0784 0.0706
v 0.134888 0.711731 0.144455 0.1137 0.0863 0.0863
v -0.136795 0.744263 0.144455 0.2784 0.2392 0.1686
v -0.127228 0.751953 0.144455 0.2627 0.2353 0.1647
v 0.127228 0.755737 0.144455 0.2314 0.1961 0.1373
v -0.146362 0.769165 0.144455 0.3333 0.2902 0.2118
v 0.052616 0.797852 0.144455 0.1490 0.0980 0.0745
v -0.092796 0.811218 0.144455 0.3412 0.2980 0.2196
v -0.069840 0.824646 0.144455 0.3294 0.2863 0.2078
v 0.071747 0.824646 0.144455 0.3333 0.2902 0.2118
v -0.075577 0.841858 0.144455 0.2941 0.2627 0.1804
v 0.075577 0.841858 0.144455 0.3137 0.2706 0.1922
v -0.050701 0.860962 0.144455 0.2980 0.2667 0.1843
v 0.050701 0.860962 0.144455 0.3294 0.2863 0.2078
v -0.067925 0.642883 0.146362 0.0941 0.0863 0.0784
v -0.079399 0.642883 0.146362 0.1059 0.0824 0.0667
v 0.067924 0.642883 0.146362 0.1255 0.1020 0.0863
v 0.079399 0.642883 0.146362 0.0941 0.0667 0.0510
v -0.054531 0.644775 0.146362 0.3647 0.2392 0.1686
v 0.054531 0.644775 0.146362 0.1176 0.0941 0.0824
v -0.067925 0.646729 0.146362 0.1098 0.0863 0.0667
v -0.079399 0.646729 0.146362 0.1098 0.0863 0.0588
v -0.092796 0.646729 0.146362 0.1294 0.1059 0.0902
v 0.067924 0.646729 0.146362 0.1686 0.1294 0.0941
v 0.079399 0.646729 0.146362 0.1216 0.0941 0.0706
v 0.092796 0.646729 0.146362 0.1647 0.1098 0.0902
v -0.056442 0.648621 0.146362 0.1294 0.1059 0.0941
v 0.056442 0.648621 0.146362 0.3372 0.2941 0.2471
v -0.090881 0.650513 0.146362 0.3333 0.2784 0.2432
v 0.090881 0.650513 0.146362 0.3686 0.3176 0.2667
v -0.039223 0.652466 0.146362 0.8196 0.5255 0.3294
v 0.039223 0.652466 0.146362 0.1137 0.0941 0.0863
v -0.043049 0.654358 0.146362 0.1176 0.0980 0.0941
v -0.110016 0.654358 0.146362 0.1098 0.0941 0.0863
v 0.043049 0.654358 0.146362 0.1490 0.1098 0.0902
v 0.110016 0.654358 0.146362 0.1882 0.1412 0.0980
v -0.106186 0.658203 0.146362 0.3176 0.2745 0.2432
v 0.106186 0.658203 0.146362 0.1843 0.1451 0.1176
v -0.027742 0.663940 0.146362 0.7686 0.5451 0.3451
v 0.027742 0.663940 0.146362 0.1059 0.0824 0.0745
v -0.031570 0.665833 0.146362 0.1059 0.0863 0.0745
v 0.031570 0.665833 0.146362 0.1255 0.1020 0.0824
v -0.123405 0.671570 0.146362 0.1176 0.0980 0.0863
v 0.123405 0.671570 0.146362 0.1725 0.1137 0.0784
v -0.119583 0.673462 0.146362 0.3686 0.2549 0.2000
v 0.119583 0.673462 0.146362 0.1137 0.0980 0.0902
v -0.020090 0.677307 0.146362 0.8627 0.5764 0.3372
v 0.020090 0.677307 0.146362 0.1176 0.0980 0.0863
v -0.023916 0.679199 0.146362 0.1216 0.0902 0.0980
v 0.023916 0.679199 0.146362 0.2078 0.1333 0.1020
v -0.131058 0.688782 0.146362 0.0941 0.0745 0.0667
v 0.131058 0.688782 0.146362 0.1725 0.1216 0.0902
v -0.125320 0.690735 0.146362 0.8313 0.5216 0.3333
v 0.125320 0.690735 0.146362 0.1765 0.1412 0.1255
v -0.016264 0.692627 0.146362 0.8509 0.5569 0.3372
v 0.016264 0.692627 0.146362 0.1255 0.1059 0.0980
v -0.020090 0.694519 0.146362 0.1490 0.1137 0.1020
v 0.020090 0.694519 0.146362 0.1530 0.1059 0.0980
v -0.018177 0.709839 0.146362 0.1412 0.1020 0.0941
v -0.022003 0.709839 0.146362 0.1647 0.1216 0.1098
v -0.125320 0.709839 0.146362 0.8039 0.5059 0.2823
v -0.129150 0.709839 0.146362 0.0824 0.0549 0.0667
v 0.018177 0.709839 0.146362 0.1059 0.0784 0.0863
v 0.022003 0.709839 0.146362 0.7294 0.4784 0.3490
v 0.125320 0.709839 0.146362 0.1922 0.1530 0.1255
v 0.129150 0.709839 0.146362 0.1255 0.0980 0.0863
v -0.008610 0.713684 0.146362 0.1176 0.0941 0.0941
v 0.008610 0.713684 0.146362 0.1216 0.1020 0.0784
v 0.000957 0.715576 0.146362 0.1176 0.0941 0.0941
v -0.027742 0.725159 0.146362 0.1725 0.1412 0.1098
v -0.119583 0.725159 0.146362 0.8588 0.5569 0.3216
v 0.027742 0.725159 0.146362 0.6236 0.4471 0.3098
v 0.119583 0.725159 0.146362 0.2235 0.1804 0.1530
v -0.023916 0.727051 0.146362 0.3843 0.2745 0.2157
v 0.023916 0.727051 0.146362 0.1098 0.0784 0.0706
v -0.123405 0.729004 0.146362 0.0941 0.0706 0.0627
v 0.123405 0.729004 0.146362 0.1137 0.0863 0.0784
v -0.035397 0.734741 0.146362 0.1412 0.1098 0.0941
v 0.035397 0.734741 0.146362 0.6863 0.4863 0.3255
v -0.031570 0.736633 0.146362 0.1569 0.1216 0.1098
v 0.031570 0.736633 0.146362 0.1176 0.0824 0.0745
v -0.146362 0.738525 0.146362 0.3019 0.2510 0.1765
v -0.106186 0.740417 0.146362 0.7725 0.5294 0.3529
v 0.106186 0.740417 0.146362 0.2235 0.1922 0.1569
v 0.148285 0.740417 0.146362 0.2902 0.2432 0.1647
v 0.140625 0.742371 0.146362 0.2667 0.2235 0.1530
v -0.044964 0.744263 0.146362 0.0863 0.0667 0.0588
v -0.110016 0.744263 0.146362 0.0824 0.0706 0.0667
v 0.044964 0.744263 0.146362 0.4000 0.2902 0.2157
v 0.110016 0.744263 0.146362 0.0980 0.0784 0.0667
v 0.134888 0.746216 0.146362 0.2588 0.2235 0.1569
v -0.043049 0.748108 0.146362 0.1059 0.0863 0.0745
v 0.043049 0.748108 0.146362 0.0706 0.0627 0.0588
v -0.058357 0.750000 0.146362 0.1333 0.1176 0.1059
v -0.092796 0.750000 0.146362 0.2157 0.1294 0.1020
v 0.058357 0.750000 0.146362 0.3882 0.2941 0.2196
v 0.092796 0.750000 0.146362 0.1333 0.1137 0.1020
v -0.071747 0.751953 0.146362 0.1176 0.0941 0.0902
v -0.081314 0.751953 0.146362 0.4078 0.2706 0.2078
v 0.071747 0.751953 0.146362 0.1373 0.1098 0.0863
v 0.081314 0.751953 0.146362 0.1608 0.1216 0.1020
v -0.058357 0.753845 0.146362 0.0667 0.0667 0.0667
v -0.092796 0.753845 0.146362 0.0588 0.0588 0.0588
v 0.058357 0.753845 0.146362 0.0392 0.0392 0.0471
v 0.092796 0.753845 0.146362 0.0902 0.0745 0.0627
v -0.071747 0.755737 0.146362 0.0588 0.0549 0.0627
v -0.081314 0.755737 0.146362 0.0353 0.0275 0.0471
v 0.071747 0.755737 0.146362 0.0706 0.0549 0.0588
v 0.081314 0.755737 0.146362 0.0745 0.0627 0.0549
v 0.110016 0.755737 0.146362 0.1412 0.0941 0.0784
v 0.031570 0.759583 0.146362 0.1569 0.0980 0.0824
v 0.111931 0.759583 0.146362 0.1490 0.0980 0.0745
v -0.113838 0.761475 0.146362 0.2471 0.2118 0.1451
v 0.115753 0.765320 0.146362 0.2196 0.1725 0.1255
v -0.050701 0.767212 0.146362 0.1373 0.0784 0.0667
v 0.071747 0.776794 0.146362 0.1412 0.0902 0.0667
v 0.060268 0.788269 0.146362 0.1451 0.0902 0.0706
v -0.025829 0.797852 0.146362 0.1490 0.0902 0.0824
v 0.056442 0.799744 0.146362 0.1490 0.0980 0.0745
v 0.092796 0.811218 0.146362 0.3647 0.3216 0.2432
v -0.027742 0.864807 0.146362 0.3176 0.2745 0.1961
v 0.029655 0.864807 0.146362 0.3176 0.2863 0.2039
v 0.006697 0.866699 0.146362 0.3176 0.2863 0.2039
v 0.008610 0.866699 0.146362 0.3019 0.2667 0.1882
v -0.154022 0.738525 0.148285 0.3216 0.2784 0.2078
v 0.155930 0.740417 0.148285 0.2980 0.2510 0.1608
v 0.050701 0.755737 0.148285 0.0980 0.0588 0.0549
v -0.067925 0.757690 0.148285 0.0353 0.0235 0.0314
v 0.092796 0.761475 0.148285 0.1333 0.0902 0.0667
v 0.020090 0.769165 0.148285 0.1686 0.0980 0.0824
v -0.096619 0.774902 0.148285 0.2235 0.1804 0.1176
v 0.064094 0.774902 0.148285 0.1530 0.0941 0.0745
v 0.102364 0.774902 0.148285 0.1647 0.1176 0.0863
v -0.041138 0.778687 0.148285 0.1451 0.0863 0.0745
v 0.062183 0.790222 0.148285 0.1412 0.0902 0.0667
v -0.113838 0.795959 0.148285 0.3372 0.3059 0.2157
v 0.115753 0.795959 0.148285 0.3608 0.3176 0.2392
v -0.071747 0.826538 0.148285 0.2353 0.2000 0.1373
v 0.073662 0.826538 0.148285 0.2549 0.2196 0.1530
v -0.073662 0.832275 0.148285 0.2745 0.2432 0.1608
v 0.075577 0.832275 0.148285 0.3137 0.2706 0.1922
v -0.008610 0.866699 0.148285 0.3137 0.2706 0.1922
v 0.002870 0.866699 0.148285 0.3216 0.2823 0.2000
v 0.014350 0.866699 0.148285 0.3176 0.2863 0.2039
v -0.157852 0.742371 0.150192 0.3451 0.2823 0.2039
v 0.159759 0.742371 0.150192 0.3216 0.2667 0.1765
v 0.117668 0.761475 0.150192 0.2275 0.1804 0.1255
v 0.081314 0.769165 0.150192 0.1451 0.0863 0.0667
v 0.100449 0.772949 0.150192 0.1530 0.1059 0.0824
v 0.012437 0.776794 0.150192 0.1686 0.0980 0.0824
v -0.081314 0.782532 0.150192 0.1608 0.1098 0.0863
v -0.033482 0.786377 0.150192 0.1451 0.0902 0.0784
v 0.066009 0.794006 0.150192 0.1490 0.1020 0.0745
v -0.050701 0.828430 0.150192 0.3372 0.2941 0.2078
v -0.161682 0.746216 0.152115 0.3372 0.2902 0.2039
v 0.163589 0.746216 0.152115 0.3294 0.2823 0.1961
v 0.129150 0.750000 0.152115 0.2510 0.2235 0.1530
v 0.098534 0.769165 0.152115 0.1530 0.1020 0.0784
v -0.079399 0.774902 0.152115 0.1530 0.0941 0.0745
v 0.071747 0.782532 0.152115 0.1490 0.0980 0.0745
v 0.056442 0.784424 0.152115 0.1490 0.0941 0.0745
v 0.004783 0.790222 0.152115 0.1569 0.0980 0.0784
v 0.048790 0.794006 0.152115 0.1412 0.0902 0.0667
v 0.044964 0.799744 0.152115 0.1451 0.0980 0.0745
v 0.044964 0.801697 0.152115 0.1412 0.0980 0.0667
v 0.050701 0.828430 0.152115 0.3372 0.2941 0.2157
v -0.052616 0.847595 0.152115 0.2980 0.2667 0.1882
v 0.052616 0.847595 0.152115 0.3255 0.2823 0.2039
v -0.161682 0.750000 0.154022 0.3412 0.2941 0.2078
v 0.161682 0.750000 0.154022 0.3490 0.3019 0.2157
v -0.073662 0.761475 0.154022 0.1451 0.0863 0.0745
v 0.056442 0.761475 0.154022 0.1530 0.0784 0.0627
v 0.096619 0.763428 0.154022 0.1569 0.1059 0.0824
v -0.054531 0.767212 0.154022 0.1255 0.0824 0.0863
v -0.077492 0.767212 0.154022 0.1569 0.0980 0.0784
v 0.104278 0.771057 0.154022 0.2118 0.1765 0.1176
v -0.132980 0.778687 0.154022 0.3059 0.2745 0.1922
v 0.085144 0.778687 0.154022 0.1530 0.1020 0.0784
v 0.134888 0.778687 0.154022 0.3490 0.3059 0.2275
v 0.087059 0.782532 0.154022 0.1725 0.1216 0.0902
v 0.073662 0.788269 0.154022 0.1686 0.1176 0.0863
v -0.033482 0.790222 0.154022 0.1530 0.0941 0.0745
v 0.000957 0.799744 0.154022 0.1608 0.1020 0.0824
v -0.025829 0.803589 0.154022 0.1530 0.1020 0.0784
v -0.071747 0.818909 0.154022 0.3372 0.2941 0.2118
v -0.029655 0.832275 0.154022 0.3333 0.2902 0.2118
v -0.050701 0.832275 0.154022 0.2392 0.2039 0.1451
v 0.033482 0.832275 0.154022 0.3412 0.2941 0.2196
v 0.052616 0.832275 0.154022 0.2392 0.2039 0.1412
v -0.029655 0.851440 0.154022 0.3098 0.2667 0.1882
v 0.031570 0.851440 0.154022 0.3294 0.2863 0.2078
v 0.157852 0.755737 0.155930 0.3608 0.3176 0.2392
v 0.119583 0.757690 0.155930 0.2432 0.2118 0.1412
v 0.037308 0.759583 0.155930 0.1765 0.1020 0.0784
v -0.100449 0.769165 0.155930 0.2432 0.2078 0.1412
v 0.056442 0.771057 0.155930 0.1686 0.0902 0.0706
v 0.081314 0.772949 0.155930 0.1530 0.0941 0.0745
v -0.083229 0.780640 0.155930 0.2275 0.1765 0.1176
v 0.060268 0.795959 0.155930 0.1725 0.1294 0.0863
v 0.048790 0.801697 0.155930 0.1647 0.1255 0.0863
v -0.018177 0.805481 0.155930 0.1882 0.1333 0.0902
v 0.073662 0.818909 0.155930 0.3372 0.2941 0.2118
v -0.012437 0.834229 0.155930 0.3333 0.2863 0.2039
v 0.002870 0.834229 0.155930 0.3333 0.2902 0.2039
v 0.018177 0.834229 0.155930 0.3333 0.2902 0.2118
v -0.052616 0.838013 0.155930 0.2902 0.2588 0.1843
v 0.052616 0.838013 0.155930 0.3098 0.2706 0.1922
v -0.010523 0.853333 0.155930 0.3137 0.2706 0.1922
v 0.002870 0.853333 0.155930 0.3294 0.2863 0.2078
v 0.006697 0.853333 0.155930 0.3294 0.2863 0.2078
v 0.008610 0.853333 0.155930 0.2941 0.2627 0.1882
v 0.014350 0.853333 0.155930 0.3372 0.2941 0.2157
v -0.134888 0.740417 0.157852 0.2863 0.2432 0.1686
v -0.125320 0.748108 0.157852 0.2745 0.2432 0.1686
v -0.155930 0.755737 0.157852 0.3568 0.3137 0.2275
v -0.043049 0.780640 0.157852 0.1530 0.0980 0.0745
v 0.050701 0.782532 0.157852 0.1530 0.0941 0.0745
v -0.067925 0.786377 0.157852 0.1647 0.1137 0.0863
v 0.044964 0.790222 0.157852 0.1530 0.0941 0.0745
v -0.094711 0.803589 0.157852 0.3372 0.3059 0.2157
v -0.002870 0.805481 0.157852 0.1725 0.1137 0.0824
v -0.010523 0.805481 0.157852 0.1922 0.1373 0.0941
v -0.031570 0.836121 0.157852 0.2549 0.2196 0.1530
v 0.033482 0.836121 0.157852 0.2549 0.2196 0.1490
v 0.132980 0.744263 0.159759 0.2745 0.2432 0.1686
v 0.150192 0.763428 0.159760 0.3294 0.2902 0.2118
v -0.058357 0.771057 0.159759 0.1608 0.1059 0.0863
v -0.066010 0.780640 0.159759 0.1608 0.1098 0.0863
v 0.012437 0.780640 0.159759 0.1647 0.0980 0.0902
v 0.088966 0.780640 0.159759 0.2196 0.1686 0.1098
v -0.033482 0.794006 0.159759 0.1530 0.1020 0.0784
v 0.041138 0.797852 0.159759 0.1490 0.0980 0.0745
v 0.039223 0.801697 0.159759 0.1608 0.1098 0.0824
v 0.096619 0.805481 0.159759 0.3294 0.2980 0.2157
v -0.050701 0.822693 0.159759 0.3412 0.2980 0.2118
v -0.012437 0.838013 0.159759 0.2627 0.2314 0.1608
v 0.000957 0.838013 0.159759 0.2627 0.2314 0.1608
v 0.006697 0.838013 0.159759 0.2784 0.2432 0.1725
v 0.008610 0.838013 0.159759 0.2549 0.2235 0.1530
v 0.016264 0.838013 0.159759 0.2706 0.2392 0.1647
v -0.029655 0.841858 0.159759 0.2902 0.2588 0.1765
v 0.031570 0.841858 0.159759 0.3294 0.2863 0.2078
v -0.140625 0.736633 0.161682 0.3098 0.2588 0.1843
v 0.138718 0.738525 0.161682 0.2980 0.2471 0.1765
v -0.115753 0.755737 0.161682 0.2627 0.2314 0.1569
v -0.146362 0.761475 0.161682 0.3333 0.2902 0.2039
v 0.106186 0.767212 0.161682 0.2314 0.1961 0.1294
v 0.022003 0.769165 0.161682 0.1765 0.1020 0.0863
v -0.062183 0.774902 0.161682 0.1608 0.1020 0.0824
v -0.044964 0.782532 0.161682 0.1569 0.0980 0.0784
v 0.054531 0.824646 0.161682 0.3294 0.2980 0.2118
v -0.010523 0.843750 0.161682 0.3019 0.2588 0.1804
v 0.002870 0.843750 0.161682 0.3176 0.2706 0.1961
v 0.006697 0.843750 0.161682 0.3216 0.2823 0.2039
v 0.008610 0.843750 0.161682 0.2941 0.2627 0.1843
v 0.016264 0.843750 0.161682 0.3294 0.2863 0.2078
v 0.144455 0.736633 0.163589 0.3176 0.2667 0.1922
v 0.123405 0.751953 0.163589 0.2588 0.2235 0.1569
v 0.041138 0.763428 0.163589 0.1922 0.1176 0.0941
v -0.087059 0.774902 0.163589 0.2432 0.2000 0.1294
v -0.048790 0.784424 0.163589 0.1608 0.1020 0.0824
v -0.069840 0.784424 0.163589 0.2235 0.1765 0.1176
v -0.115753 0.786377 0.163589 0.3451 0.3137 0.2314
v -0.050701 0.788269 0.163589 0.1686 0.1098 0.0824
v 0.069839 0.788269 0.163589 0.2235 0.1725 0.1098
v 0.117668 0.788269 0.163589 0.3412 0.2980 0.2196
v -0.043049 0.795959 0.163589 0.1725 0.1137 0.0824
v -0.035397 0.797852 0.163589 0.1843 0.1333 0.0902
v 0.054531 0.797852 0.163589 0.2039 0.1530 0.0980
v 0.041138 0.801697 0.163589 0.1843 0.1333 0.0941
v -0.031570 0.826538 0.163589 0.3372 0.2941 0.2118
v -0.148285 0.736633 0.165497 0.3255 0.2823 0.2039
v 0.150192 0.736633 0.165497 0.3255 0.2667 0.1843
v 0.046875 0.771057 0.165497 0.1725 0.0980 0.0824
v 0.043049 0.780640 0.165497 0.1725 0.1020 0.0863
v 0.037308 0.788269 0.165497 0.1530 0.0941 0.0745
v -0.054531 0.790222 0.165497 0.1961 0.1333 0.0980
v 0.031570 0.794006 0.165497 0.1530 0.0941 0.0745
v -0.014350 0.828430 0.165497 0.3372 0.2941 0.2157
v 0.035397 0.828430 0.165497 0.3294 0.2980 0.2157
v -0.152115 0.738525 0.167419 0.3137 0.2627 0.1882
v 0.154022 0.738525 0.167419 0.3137 0.2588 0.1647
v -0.129150 0.742371 0.167419 0.2902 0.2471 0.1725
v -0.104279 0.763428 0.167419 0.2510 0.2196 0.1490
v 0.090881 0.774902 0.167419 0.2432 0.1961 0.1294
v 0.006697 0.792114 0.167419 0.1569 0.0980 0.0784
v -0.041138 0.795959 0.167419 0.2157 0.1647 0.1059
v 0.004783 0.797852 0.167419 0.1647 0.1059 0.0863
v 0.029655 0.799744 0.167419 0.1569 0.1098 0.0824
v -0.073662 0.811218 0.167419 0.3372 0.2941 0.2078
v 0.002870 0.830383 0.167419 0.3372 0.2941 0.2157
v 0.018177 0.830383 0.167419 0.3333 0.2941 0.2157
v -0.155930 0.742371 0.169327 0.3176 0.2706 0.1765
v 0.157852 0.742371 0.169327 0.2902 0.2471 0.1608
v 0.127228 0.746216 0.169327 0.2745 0.2275 0.1647
v 0.111931 0.761475 0.169327 0.2471 0.2157 0.1412
v -0.132980 0.771057 0.169327 0.3333 0.2902 0.2039
v 0.027742 0.771057 0.169327 0.1647 0.0980 0.0902
v 0.136795 0.771057 0.169327 0.3490 0.3059 0.2275
v 0.016264 0.782532 0.169327 0.1765 0.1176 0.0980
v -0.054531 0.788269 0.169327 0.2353 0.1843 0.1216
v 0.043049 0.797852 0.169327 0.2118 0.1647 0.1098
v -0.025829 0.799744 0.169327 0.2275 0.1804 0.1176
v 0.029655 0.801697 0.169327 0.1843 0.1451 0.1059
v 0.075577 0.813171 0.169327 0.3372 0.3059 0.2235
v -0.157852 0.746216 0.171234 0.3451 0.2980 0.2039
v 0.159759 0.746216 0.171234 0.3372 0.2941 0.2078
v 0.155929 0.750000 0.171234 0.3608 0.3176 0.2314
v 0.035397 0.776794 0.171234 0.1765 0.1020 0.0784
v -0.071747 0.780640 0.171234 0.2432 0.2000 0.1294
v 0.020090 0.792114 0.171234 0.1569 0.0980 0.0784
v 0.058357 0.792114 0.171234 0.2275 0.1804 0.1176
v 0.016264 0.797852 0.171234 0.1686 0.1098 0.0863
v -0.010523 0.801697 0.171234 0.2353 0.1882 0.1255
v 0.002870 0.801697 0.171234 0.2275 0.1765 0.1176
v -0.117668 0.750000 0.173157 0.2706 0.2392 0.1647
v -0.154022 0.751953 0.173157 0.3529 0.3098 0.2314
v 0.150192 0.757690 0.173157 0.3490 0.3059 0.2275
v -0.090881 0.769165 0.173157 0.2549 0.2118 0.1412
v 0.075577 0.782532 0.173157 0.2432 0.2000 0.1294
v 0.025829 0.784424 0.173157 0.1647 0.1020 0.0824
v -0.041138 0.794006 0.173157 0.2432 0.2000 0.1294
v -0.096619 0.795959 0.173157 0.3294 0.2941 0.2157
v 0.014350 0.801697 0.173157 0.2235 0.1686 0.1216
v -0.052616 0.816956 0.173157 0.3333 0.2902 0.2118
v -0.134888 0.736633 0.175064 0.3059 0.2627 0.1804
v 0.131058 0.742371 0.175064 0.2941 0.2471 0.1686
v 0.096619 0.771057 0.175064 0.2549 0.2118 0.1412
v 0.100449 0.797852 0.175064 0.3451 0.3137 0.2314
v 0.029655 0.799744 0.175064 0.2235 0.1765 0.1176
v 0.056442 0.818909 0.175064 0.3294 0.2980 0.2196
v -0.144455 0.759583 0.176987 0.3216 0.2784 0.2000
v -0.056442 0.786377 0.176987 0.2471 0.2039 0.1333
v 0.046875 0.795959 0.176987 0.2432 0.2000 0.1294
v -0.033482 0.820801 0.176987 0.3333 0.3019 0.2196
v -0.140625 0.736633 0.178894 0.3255 0.2863 0.2078
v 0.136795 0.738525 0.178894 0.3255 0.2784 0.1922
v -0.108101 0.755737 0.178894 0.2588 0.2275 0.1569
v 0.115753 0.755737 0.178894 0.2588 0.2275 0.1530
v -0.117668 0.780640 0.178894 0.3294 0.2980 0.2157
v 0.121498 0.782532 0.178894 0.3019 0.2706 0.1882
v 0.016264 0.799744 0.178894 0.2471 0.2039 0.1333
v 0.037308 0.822693 0.178894 0.3294 0.2980 0.2157
v 0.138718 0.767212 0.180801 0.3216 0.2823 0.2039
v -0.075577 0.776794 0.180801 0.2549 0.2118 0.1412
v 0.062183 0.788269 0.180801 0.2510 0.2078 0.1373
v -0.041138 0.790222 0.180801 0.2510 0.2078 0.1373
v -0.025829 0.795959 0.180801 0.2510 0.2078 0.1373
v -0.012437 0.797852 0.180801 0.2471 0.2039 0.1333
v 0.002870 0.799744 0.180801 0.2549 0.2118 0.1412
v -0.014350 0.824646 0.180801 0.3333 0.3019 0.2118
v 0.002870 0.824646 0.180801 0.3176 0.2863 0.2039
v 0.020090 0.824646 0.180801 0.3294 0.2980 0.2157
v 0.142548 0.738525 0.182724 0.3333 0.2863 0.2000
v -0.144455 0.740417 0.182724 0.2863 0.2627 0.2078
v -0.121498 0.744263 0.182724 0.2941 0.2510 0.1725
v 0.150192 0.755737 0.182724 0.3647 0.3216 0.2353
v -0.132980 0.767212 0.182724 0.3412 0.2980 0.2196
v 0.031570 0.797852 0.182724 0.2549 0.2078 0.1451
v -0.075577 0.803589 0.182724 0.3294 0.2980 0.2157
v 0.146362 0.740417 0.184631 0.3608 0.3059 0.2157
v -0.148285 0.744263 0.184631 0.3098 0.2784 0.1961
v -0.150192 0.746216 0.184631 0.3333 0.2902 0.1961
v 0.119583 0.750000 0.184631 0.2823 0.2392 0.1686
v -0.150192 0.751953 0.184631 0.3568 0.3137 0.2314
v 0.152115 0.751953 0.184631 0.3804 0.3372 0.2510
v 0.081314 0.776794 0.184631 0.2588 0.2157 0.1451
v 0.016264 0.797852 0.184631 0.2510 0.2078 0.1373
v 0.079399 0.807434 0.184631 0.3255 0.2941 0.2118
v 0.150192 0.744263 0.186554 0.3725 0.3255 0.2392
v 0.152115 0.748108 0.186554 0.3608 0.3137 0.2196
v -0.142548 0.757690 0.186554 0.3333 0.2902 0.2118
v -0.094711 0.763428 0.186554 0.2667 0.2235 0.1530
v 0.102364 0.765320 0.186554 0.2588 0.2235 0.1569
v -0.060268 0.782532 0.186554 0.2588 0.2157 0.1451
v 0.048790 0.792114 0.186554 0.2549 0.2118 0.1373
v -0.098534 0.790222 0.188461 0.3372 0.2941 0.2157
v -0.054531 0.809326 0.188461 0.3372 0.2980 0.2196
v -0.129150 0.740417 0.190369 0.3176 0.2745 0.1961
v -0.111931 0.751953 0.190369 0.2941 0.2432 0.1686
v 0.140625 0.763428 0.190369 0.3333 0.2980 0.2157
v -0.043049 0.786377 0.190369 0.2549 0.2118 0.1412
v 0.104278 0.792114 0.190369 0.3412 0.3098 0.2275
v 0.060268 0.813171 0.190369 0.3333 0.3019 0.2196
v -0.132980 0.742371 0.192291 0.2784 0.2588 0.2000
v 0.125320 0.746216 0.192291 0.3255 0.2745 0.2000
v -0.142548 0.755737 0.192291 0.3647 0.3216 0.2432
v -0.132980 0.765320 0.192291 0.3647 0.3216 0.2432
v -0.079399 0.771057 0.192291 0.2549 0.2118 0.1412
v -0.117668 0.776794 0.192291 0.3333 0.2980 0.2157
v 0.125320 0.776794 0.192291 0.3176 0.2745 0.1961
v 0.067924 0.782532 0.192291 0.2627 0.2196 0.1490
v -0.027742 0.792114 0.192291 0.2667 0.2235 0.1451
v 0.033482 0.794006 0.192291 0.2627 0.2196 0.1490
v -0.136795 0.746216 0.194199 0.2667 0.2588 0.2000
v -0.142548 0.751953 0.194199 0.3333 0.2941 0.2039
v 0.106186 0.759583 0.194199 0.2784 0.2314 0.1686
v -0.012437 0.794006 0.194199 0.2667 0.2235 0.1530
v 0.002870 0.795959 0.194199 0.2627 0.2196 0.1490
v 0.018177 0.795959 0.194199 0.2627 0.2196 0.1490
v -0.035397 0.815063 0.194199 0.3176 0.2863 0.2039
v 0.039223 0.818909 0.194199 0.3372 0.2980 0.2196
v -0.140625 0.750000 0.196121 0.3216 0.2941 0.2078
v 0.142548 0.759583 0.196121 0.3529 0.3098 0.2235
v 0.087059 0.771057 0.196121 0.2745 0.2314 0.1530
v -0.016264 0.818909 0.196121 0.3294 0.2980 0.2118
v 0.131058 0.746216 0.198029 0.3294 0.2863 0.2000
v -0.098534 0.759583 0.198028 0.2823 0.2392 0.1647
v -0.062183 0.776794 0.198028 0.2588 0.2157 0.1451
v -0.079399 0.797852 0.198028 0.3255 0.2941 0.2118
v 0.083229 0.801697 0.198029 0.3255 0.2941 0.2039
v 0.002870 0.820801 0.198029 0.3294 0.2980 0.2157
v 0.022003 0.820801 0.198029 0.3294 0.2980 0.2157
v -0.115753 0.748108 0.199936 0.3059 0.2627 0.1843
v 0.134888 0.750000 0.199936 0.3412 0.3098 0.2275
v 0.138718 0.751953 0.199936 0.3608 0.3176 0.2392
v 0.140625 0.755737 0.199936 0.3608 0.3137 0.2235
v -0.132980 0.763428 0.199936 0.3294 0.2863 0.2078
v 0.127228 0.774902 0.199936 0.3568 0.3137 0.2314
v 0.052616 0.788269 0.199936 0.2667 0.2235 0.1530
v 0.110016 0.755737 0.201858 0.3098 0.2667 0.1843
v -0.117668 0.774902 0.201858 0.3333 0.2902 0.2118
v -0.046875 0.782532 0.201858 0.2627 0.2196 0.1490
v -0.100449 0.786377 0.201858 0.3255 0.2902 0.2078
v 0.108101 0.788269 0.201858 0.3176 0.2863 0.2039
v -0.121498 0.748108 0.203766 0.3019 0.2627 0.1804
v 0.035397 0.790222 0.203766 0.2706 0.2275 0.1569
v -0.058357 0.805481 0.203766 0.3412 0.3019 0.2235
v -0.125320 0.751953 0.205673 0.2432 0.2392 0.1882
v -0.129150 0.753845 0.205673 0.2941 0.2667 0.1961
v -0.131058 0.757690 0.205673 0.3333 0.2941 0.2078
v -0.132980 0.759583 0.205673 0.3294 0.2863 0.2000
v -0.083229 0.765320 0.205673 0.2863 0.2432 0.1647
v 0.090881 0.767212 0.205673 0.2863 0.2432 0.1647
v 0.071747 0.778687 0.205673 0.2784 0.2353 0.1569
v -0.029655 0.788269 0.205673 0.2745 0.2314 0.1530
v 0.064094 0.809326 0.205673 0.3216 0.2902 0.2078
v -0.104279 0.755737 0.207596 0.3059 0.2627 0.1804
v 0.129150 0.771057 0.207596 0.3412 0.3019 0.2235
v -0.012437 0.792114 0.207596 0.2706 0.2275 0.1490
v 0.002870 0.792114 0.207596 0.2667 0.2235 0.1530
v 0.018177 0.792114 0.207596 0.2745 0.2314 0.1608
v 0.115753 0.755737 0.209503 0.3294 0.2823 0.1961
v -0.037308 0.811218 0.209503 0.3176 0.2863 0.2039
v -0.119583 0.771057 0.211426 0.3333 0.3019 0.2196
v -0.067925 0.772949 0.211426 0.2784 0.2353 0.1569
v 0.110016 0.784424 0.211426 0.3412 0.3098 0.2275
v -0.081314 0.794006 0.211426 0.3529 0.3098 0.2314
v 0.043049 0.815063 0.211426 0.3216 0.2902 0.2078
v -0.108101 0.755737 0.213333 0.3176 0.2745 0.1961
v 0.121498 0.757690 0.213333 0.3451 0.3059 0.2235
v 0.125320 0.761475 0.213333 0.3686 0.3216 0.2353
v 0.096619 0.763428 0.213333 0.3098 0.2667 0.1843
v 0.127228 0.767212 0.213333 0.3647 0.3176 0.2314
v -0.102364 0.782532 0.213333 0.3255 0.2941 0.2118
v 0.056442 0.784424 0.213333 0.2784 0.2353 0.1569
v 0.087059 0.797852 0.213333 0.3216 0.2902 0.2078
v -0.016264 0.815063 0.213333 0.3255 0.2941 0.2118
v 0.002870 0.816956 0.213333 0.3176 0.2863 0.2039
v 0.022003 0.816956 0.213333 0.3333 0.2902 0.2118
v 0.075577 0.774902 0.215240 0.2902 0.2471 0.1686
v -0.111931 0.757690 0.217163 0.2902 0.2745 0.2000
v -0.115753 0.761475 0.217163 0.3059 0.2863 0.2078
v -0.088966 0.763428 0.217163 0.3019 0.2588 0.1804
v -0.117668 0.763428 0.217163 0.3216 0.2902 0.2000
v -0.119583 0.767212 0.217163 0.3372 0.2941 0.2078
v -0.050701 0.778687 0.217163 0.2941 0.2510 0.1725
v 0.039223 0.788269 0.219070 0.2745 0.2314 0.1608
v -0.060268 0.801697 0.219070 0.3294 0.2980 0.2157
v 0.100449 0.763428 0.220993 0.3333 0.2863 0.2000
v 0.111931 0.780640 0.220993 0.3412 0.2980 0.2196
v -0.031570 0.784424 0.220993 0.2941 0.2510 0.1725
v 0.066009 0.805481 0.220993 0.3216 0.2902 0.2078
v -0.104279 0.780640 0.222900 0.3412 0.3098 0.2275
v -0.014350 0.788269 0.222900 0.2823 0.2392 0.1608
v 0.002870 0.790222 0.222900 0.2863 0.2432 0.1647
v 0.020090 0.790222 0.222900 0.2863 0.2432 0.1647
v -0.083229 0.792114 0.222900 0.3294 0.2980 0.2157
v 0.090881 0.794006 0.222900 0.3529 0.3098 0.2314
v -0.092796 0.763428 0.224808 0.3372 0.2863 0.2118
v -0.071747 0.769165 0.224808 0.3019 0.2588 0.1804
v 0.079399 0.772949 0.224808 0.3137 0.2706 0.1882
v 0.111931 0.776794 0.224808 0.3490 0.3059 0.2196
v 0.058357 0.780640 0.224808 0.2980 0.2549 0.1765
v -0.039223 0.807434 0.224808 0.3294 0.2980 0.2157
v 0.106186 0.767212 0.226730 0.3686 0.3216 0.2314
v 0.110016 0.771057 0.226730 0.3843 0.3372 0.2432
v 0.044964 0.811218 0.226730 0.3294 0.2863 0.2157
v -0.096619 0.765320 0.228638 0.3451 0.3059 0.2235
v -0.104279 0.774902 0.228638 0.3529 0.3098 0.2235
v -0.018177 0.811218 0.228638 0.3372 0.3019 0.2196
v 0.002870 0.813171 0.228638 0.3255 0.2941 0.2118
v 0.023916 0.813171 0.228638 0.3216 0.2902 0.2078
v -0.100449 0.769165 0.230560 0.3490 0.3059 0.2275
v -0.102364 0.771057 0.230560 0.3529 0.3098 0.2275
v -0.054531 0.776794 0.230560 0.3059 0.2627 0.1843
v 0.092796 0.790222 0.230560 0.3765 0.3333 0.2549
v -0.062183 0.797852 0.230560 0.3333 0.3019 0.2196
v -0.075577 0.769165 0.232468 0.3294 0.2863 0.2078
v 0.083229 0.772949 0.232468 0.3372 0.2902 0.2000
v 0.041138 0.784424 0.232468 0.2980 0.2549 0.1843
v -0.085144 0.788269 0.232468 0.3333 0.2980 0.2157
v 0.069839 0.801697 0.232468 0.3333 0.2902 0.2196
v 0.062183 0.778687 0.236298 0.3255 0.2784 0.1922
v -0.033482 0.782532 0.236298 0.3059 0.2627 0.1843
v 0.022003 0.786377 0.236298 0.3137 0.2627 0.1882
v 0.092796 0.786377 0.236298 0.3529 0.3098 0.2235
v -0.079399 0.772949 0.238205 0.3647 0.3176 0.2275
v 0.087059 0.776794 0.238205 0.3725 0.3216 0.2275
v 0.090881 0.780640 0.238205 0.3843 0.3372 0.2432
v -0.016264 0.784424 0.238205 0.3137 0.2706 0.1922
v 0.002870 0.786377 0.238205 0.3137 0.2706 0.1922
v -0.041138 0.805481 0.238205 0.3216 0.2902 0.2078
v 0.046875 0.807434 0.238205 0.3255 0.2941 0.2118
v -0.058357 0.776794 0.240127 0.3372 0.2863 0.2118
v -0.081314 0.776794 0.240127 0.3608 0.3176 0.2275
v -0.083229 0.778687 0.240127 0.3608 0.3176 0.2314
v -0.085144 0.782532 0.240127 0.3608 0.3176 0.2314
v -0.064095 0.795959 0.240127 0.3412 0.2980 0.2196
v 0.071747 0.799744 0.240128 0.3216 0.2902 0.2078
v 0.066009 0.780640 0.242035 0.3529 0.2980 0.2078
v -0.018177 0.809326 0.242035 0.3255 0.2902 0.2078
v 0.002870 0.811218 0.242035 0.3216 0.2863 0.2039
v 0.023916 0.811218 0.242035 0.3294 0.2941 0.2157
v -0.060268 0.778687 0.243942 0.3568 0.3098 0.2275
v 0.043049 0.784424 0.243942 0.3333 0.2863 0.2000
v -0.037308 0.782532 0.245865 0.3372 0.2863 0.2118
v 0.067924 0.784424 0.245865 0.3725 0.3255 0.2392
v 0.071747 0.794006 0.245865 0.3490 0.3059 0.2235
v -0.062183 0.782532 0.247772 0.3647 0.3255 0.2275
v -0.016264 0.786377 0.247772 0.3333 0.2823 0.2078
v -0.064095 0.786377 0.247772 0.3608 0.3176 0.2314
v 0.023916 0.786377 0.247772 0.3333 0.2902 0.2118
v -0.064095 0.788269 0.247772 0.3608 0.3176 0.2314
v 0.069839 0.788269 0.247772 0.3804 0.3333 0.2471
v -0.041138 0.801697 0.247772 0.3372 0.2941 0.2157
v 0.048790 0.805481 0.247772 0.3294 0.2902 0.2078
v 0.002870 0.786377 0.249680 0.3372 0.2863 0.2118
v 0.044964 0.786377 0.249680 0.3608 0.3019 0.2157
v -0.037308 0.784424 0.251587 0.3019 0.2745 0.2039
v -0.020090 0.805481 0.251587 0.3412 0.2980 0.2196
v 0.002870 0.807434 0.251587 0.3333 0.2941 0.2118
v 0.025829 0.807434 0.251587 0.3372 0.2941 0.2157
v -0.018177 0.788269 0.253509 0.2863 0.2627 0.2039
v -0.039223 0.788269 0.253509 0.3059 0.2863 0.2118
v 0.002870 0.790222 0.253509 0.3098 0.2863 0.2078
v 0.023916 0.790222 0.253509 0.3647 0.3098 0.2157
v 0.046875 0.790222 0.253509 0.3686 0.3216 0.2353
v -0.041138 0.792114 0.253509 0.3372 0.3059 0.2235
v -0.041138 0.795959 0.253509 0.3608 0.3216 0.2275
v 0.048790 0.799744 0.253509 0.3490 0.3059 0.2275
v 0.048790 0.794006 0.255432 0.3882 0.3412 0.2471
v -0.018177 0.792114 0.257355 0.2863 0.2784 0.2118
v 0.002870 0.794006 0.257355 0.3294 0.3019 0.2235
v 0.023916 0.794006 0.257355 0.3725 0.3255 0.2314
v -0.018177 0.795959 0.257355 0.3255 0.2980 0.2235
v 0.025829 0.797852 0.257355 0.3765 0.3372 0.2392
v -0.018177 0.799744 0.257355 0.3608 0.3176 0.2353
v 0.025829 0.801697 0.257355 0.3608 0.3176 0.2314
v 0.002870 0.797852 0.259247 0.3490 0.3176 0.2314
v 0.002870 0.801697 0.259247 0.3608 0.3176 0.2314
v 0.046875 0.086121 -0.000957 0.1490 0.1176 0.1059
v -0.377869 0.459198 -0.000957 0.9647 0.6393 0.3804
v 0.377869 0.459198 -0.000957 0.9882 0.6550 0.3765
v -0.209503 0.466858 -0.000957 0.1098 0.0784 0.0667
v 0.209503 0.466858 -0.000957 0.1098 0.0784 0.0667
v -0.232468 0.468781 -0.000957 0.1098 0.0706 0.0627
v 0.232468 0.468781 -0.000957 0.1059 0.0745 0.0588
v -0.429535 0.476410 -0.000957 0.9960 0.6471 0.3686
v -0.439117 0.476410 -0.000957 0.9960 0.6510 0.3686
v 0.439117 0.476410 -0.000957 0.9882 0.6432 0.3804
v -0.343445 0.482178 -0.000957 0.9921 0.6902 0.4078
v 0.343445 0.482178 -0.000957 0.9294 0.6079 0.3490
v -0.421875 0.484070 -0.000957 0.9686 0.6432 0.3765
v 0.421875 0.484070 -0.000957 0.9647 0.6315 0.3765
v -0.454407 0.485992 -0.000957 0.9451 0.6354 0.3804
v 0.454407 0.485992 -0.000957 0.9529 0.6393 0.3882
v -0.454407 0.489807 -0.000957 0.9333 0.6276 0.3765
v 0.454407 0.489807 -0.000957 0.9411 0.6276 0.3804
v -0.429535 0.491730 -0.000957 0.9529 0.6471 0.3882
v -0.347259 0.493652 -0.000957 0.9921 0.6706 0.3921
v -0.439117 0.493652 -0.000957 0.9411 0.6354 0.3843
v 0.347259 0.493652 -0.000957 0.9451 0.6236 0.3529
v 0.429535 0.493652 -0.000957 0.9411 0.6276 0.3882
v 0.439117 0.493652 -0.000957 0.9411 0.6276 0.3882
v -0.142548 0.501282 -0.000957 0.1098 0.0784 0.0667
v -0.163589 0.501282 -0.000957 0.1137 0.0824 0.0706
v 0.142548 0.501282 -0.000957 0.1176 0.0784 0.0706
v 0.163589 0.501282 -0.000957 0.1176 0.0863 0.0745
v -0.209503 0.503235 -0.000957 0.1137 0.0824 0.0706
v -0.232468 0.503235 -0.000957 0.1137 0.0824 0.0706
v -0.255432 0.503235 -0.000957 0.1137 0.0824 0.0706
v 0.209503 0.503235 -0.000957 0.1176 0.0863 0.0745
v 0.232468 0.503235 -0.000957 0.1137 0.0824 0.0706
v 0.255432 0.503235 -0.000957 0.1176 0.0863 0.0745
v -0.098534 0.529968 -0.000957 0.1098 0.0745 0.0667
v 0.098534 0.529968 -0.000957 0.1137 0.0824 0.0706
v -0.096619 0.535706 -0.000957 0.1176 0.0784 0.0706
v 0.096619 0.535706 -0.000957 0.1216 0.0824 0.0745
v -0.159760 0.663940 -0.000957 0.9294 0.5764 0.3412
v 0.159759 0.663940 -0.000957 0.8980 0.5804 0.3137
v -0.211426 0.738525 -0.000957 0.2078 0.1255 0.1059
v -0.180801 0.866699 -0.000957 0.2902 0.2471 0.1686
v -0.067924 0.954712 -0.000957 0.2823 0.2432 0.1647
v 0.067924 0.954712 -0.000957 0.3333 0.2902 0.2078
v 0.029655 0.964294 -0.000957 0.3490 0.3059 0.2275
v -0.029655 0.966187 -0.000957 0.3216 0.2784 0.1922
v 0.131057 0.000000 -0.000957 0.9372 0.8509 0.7686
v -0.131057 0.000000 -0.000957 0.9372 0.8431 0.7529
v -0.046875 0.086121 -0.000957 0.1412 0.1137 0.1020
v -0.048790 0.107147 -0.000957 0.0902 0.0706 0.0549
v -0.094711 0.107147 -0.000957 0.7921 0.7059 0.6432
v 0.048790 0.107147 -0.000957 0.0941 0.0745 0.0588
v 0.094711 0.107147 -0.000957 0.7960 0.7176 0.6432
v -0.102363 0.267853 -0.000957 0.0980 0.0784 0.0667
v 0.102363 0.267853 -0.000957 0.1098 0.0784 0.0667
v 0.429535 0.476410 -0.000957 0.9882 0.6393 0.3725
v 0.180801 0.866699 -0.000957 0.3490 0.3059 0.2196
v 0.069839 0.000000 -0.002870 0.9372 0.8431 0.7490
v -0.069839 0.000000 -0.002870 0.9372 0.8509 0.7608
v -0.138717 0.000000 -0.002870 0.9255 0.8274 0.7451
v -0.148284 0.040192 -0.002870 0.0980 0.0745 0.0627
v 0.148284 0.040192 -0.002870 0.0706 0.0510 0.0471
v -0.138717 0.068878 -0.002870 0.9098 0.8353 0.7686
v 0.138717 0.068878 -0.002870 0.8117 0.7451 0.6863
v -0.368316 0.461121 -0.002870 0.9568 0.6276 0.3765
v 0.368317 0.461121 -0.002870 0.9529 0.6354 0.3804
v -0.354919 0.463043 -0.002870 0.9725 0.6354 0.3725
v 0.354919 0.463043 -0.002870 0.9411 0.6276 0.3804
v -0.383606 0.464935 -0.002870 0.9607 0.6432 0.3843
v 0.383606 0.464935 -0.002870 0.9764 0.6432 0.3882
v -0.387451 0.468781 -0.002870 0.9725 0.6510 0.3961
v 0.387451 0.468781 -0.002870 0.9804 0.6510 0.3843
v -0.255432 0.470673 -0.002870 0.1098 0.0706 0.0667
v -0.278381 0.470673 -0.002870 0.1059 0.0745 0.0667
v -0.297516 0.470673 -0.002870 0.1137 0.0824 0.0706
v 0.255432 0.470673 -0.002870 0.1098 0.0784 0.0667
v 0.278381 0.470673 -0.002870 0.1059 0.0824 0.0667
v 0.297516 0.470673 -0.002870 0.1098 0.0706 0.0627
v -0.387451 0.478332 -0.002870 0.9568 0.6276 0.3725
v -0.421875 0.478333 -0.002870 0.9921 0.6471 0.3686
v 0.387451 0.478333 -0.002870 0.9607 0.6393 0.3804
v 0.421875 0.478333 -0.002870 0.9921 0.6393 0.3725
v -0.454407 0.480255 -0.002870 0.9529 0.6393 0.3765
v 0.454407 0.480255 -0.002870 0.9490 0.6393 0.3765
v -0.410400 0.485992 -0.002870 0.9647 0.6393 0.3804
v 0.410400 0.485992 -0.002870 0.9686 0.6432 0.3765
v -0.307098 0.487915 -0.002870 0.1098 0.0745 0.0667
v 0.307098 0.487915 -0.002870 0.1059 0.0745 0.0627
v -0.421875 0.491730 -0.002870 0.9451 0.6393 0.3804
v 0.421875 0.491730 -0.002870 0.9490 0.6354 0.3843
v -0.276459 0.505127 -0.002870 0.1137 0.0824 0.0706
v -0.297516 0.505127 -0.002870 0.1137 0.0863 0.0745
v 0.276459 0.505127 -0.002870 0.1176 0.0863 0.0745
v 0.297516 0.505127 -0.002870 0.1137 0.0824 0.0706
v -0.100449 0.514710 -0.002870 0.1098 0.0784 0.0667
v 0.100449 0.514710 -0.002870 0.1137 0.0824 0.0667
v -0.100449 0.526184 -0.002870 0.0745 0.0627 0.0431
v 0.100449 0.526184 -0.002870 0.0902 0.0667 0.0549
v 0.000957 0.531921 -0.002870 0.7176 0.4863 0.3333
v -0.044964 0.535706 -0.002870 0.1294 0.0980 0.0863
v 0.044964 0.535706 -0.002870 0.1294 0.0980 0.0824
v -0.092796 0.539551 -0.002870 0.1255 0.0863 0.0784
v 0.092796 0.539551 -0.002870 0.1294 0.0902 0.0824
v 0.000957 0.541504 -0.002870 0.9764 0.6157 0.3529
v 0.000957 0.560608 -0.002870 0.9451 0.5961 0.3372
v -0.155930 0.652466 -0.002870 0.9529 0.6118 0.3490
v 0.157852 0.652466 -0.002870 0.9490 0.6236 0.3568
v -0.157852 0.663940 -0.002870 0.9333 0.5843 0.3412
v 0.157852 0.663940 -0.002870 0.9058 0.5921 0.3255
v -0.163589 0.675415 -0.002870 0.1569 0.0863 0.0745
v 0.163589 0.675415 -0.002870 0.1137 0.0667 0.0863
v -0.209503 0.746216 -0.002870 0.2078 0.1255 0.1059
v 0.207596 0.753845 -0.002870 0.2314 0.1530 0.1294
v 0.138717 0.000000 -0.002870 0.9490 0.8509 0.7725
v -0.144454 0.040192 -0.004783 0.0980 0.0588 0.0549
v 0.144454 0.040192 -0.004783 0.0784 0.0471 0.0431
v -0.142547 0.049744 -0.004783 0.1490 0.1098 0.1020
v 0.142547 0.049744 -0.004783 0.1412 0.1098 0.0980
v -0.136794 0.068878 -0.004783 0.9215 0.8509 0.7921
v 0.136794 0.068878 -0.004783 0.9333 0.8627 0.7725
v -0.136794 0.072723 -0.004783 0.8509 0.7843 0.7294
v 0.136794 0.072723 -0.004783 0.8784 0.7804 0.6980
v -0.066009 0.091858 -0.004783 0.1216 0.1020 0.0902
v 0.066010 0.091858 -0.004783 0.1216 0.1020 0.0863
v -0.066009 0.107147 -0.004783 0.0941 0.0745 0.0588
v -0.077492 0.107147 -0.004783 0.0902 0.0745 0.0667
v 0.066010 0.107147 -0.004783 0.0863 0.0745 0.0627
v 0.077492 0.107147 -0.004783 0.3098 0.2706 0.2510
v -0.027743 0.130127 -0.004783 0.1176 0.0863 0.0745
v 0.027743 0.130127 -0.004783 0.1373 0.1059 0.0941
v 0.027743 0.133942 -0.004783 0.1373 0.1059 0.0941
v -0.027743 0.135864 -0.004783 0.1176 0.0824 0.0745
v -0.025830 0.174133 -0.004783 0.0941 0.0627 0.0510
v 0.025830 0.174133 -0.004783 0.1176 0.0980 0.0824
v -0.023917 0.185608 -0.004783 0.0902 0.0588 0.0471
v 0.023917 0.185608 -0.004783 0.1216 0.0980 0.0863
v -0.022003 0.199005 -0.004783 0.0941 0.0627 0.0510
v 0.022003 0.199005 -0.004783 0.1294 0.0980 0.0902
v -0.020090 0.212402 -0.004783 0.0941 0.0627 0.0510
v 0.020090 0.212402 -0.004783 0.1294 0.0980 0.0902
v -0.098533 0.256378 -0.004783 0.1373 0.1059 0.0941
v 0.098533 0.256378 -0.004783 0.1294 0.0980 0.0863
v -0.098533 0.267853 -0.004783 0.1255 0.0824 0.0784
v 0.098533 0.267853 -0.004783 0.1216 0.0824 0.0745
v -0.111931 0.443909 -0.004783 0.1137 0.0824 0.0627
v 0.111931 0.443909 -0.004783 0.0980 0.0667 0.0549
v -0.343445 0.470673 -0.004783 0.9294 0.6471 0.4196
v -0.439117 0.470673 -0.004783 0.9568 0.6354 0.3765
v -0.448669 0.470673 -0.004783 0.9490 0.6315 0.3843
v 0.343445 0.470673 -0.004783 0.9451 0.6118 0.3529
v 0.439117 0.470673 -0.004783 0.9647 0.6354 0.3765
v 0.448669 0.470673 -0.004783 0.9804 0.6432 0.3765
v -0.412323 0.478333 -0.004783 0.9960 0.6393 0.3647
v 0.412323 0.478333 -0.004783 0.9960 0.6393 0.3647
v -0.391266 0.480255 -0.004783 0.9490 0.6315 0.3765
v 0.391266 0.480255 -0.004783 0.9647 0.6354 0.3725
v -0.391266 0.485992 -0.004783 0.9607 0.6354 0.3686
v -0.398926 0.485992 -0.004783 0.9647 0.6393 0.3725
v 0.391266 0.485992 -0.004783 0.9607 0.6354 0.3647
v 0.398926 0.485992 -0.004783 0.9686 0.6354 0.3725
v -0.412323 0.491730 -0.004783 0.9451 0.6393 0.3804
v 0.412323 0.491730 -0.004783 0.9529 0.6393 0.3843
v -0.389343 0.493652 -0.004783 0.9607 0.6432 0.3725
v 0.389343 0.493652 -0.004783 0.9607 0.6354 0.3765
v -0.439117 0.499390 -0.004783 0.9607 0.6354 0.3725
v -0.448669 0.499390 -0.004783 0.9451 0.6276 0.3765
v 0.439117 0.499390 -0.004783 0.9607 0.6354 0.3765
v 0.448669 0.499390 -0.004783 0.9843 0.6432 0.3804
v -0.307098 0.505127 -0.004783 0.1176 0.0824 0.0706
v 0.307098 0.505127 -0.004783 0.1137 0.0784 0.0667
v -0.008610 0.531921 -0.004783 0.7686 0.5019 0.3059
v -0.029655 0.531921 -0.004783 0.1294 0.0941 0.0824
v 0.008610 0.531921 -0.004783 0.5451 0.3333 0.1882
v 0.029655 0.531921 -0.004783 0.1255 0.0980 0.0824
v -0.008610 0.541504 -0.004783 0.9764 0.6157 0.3529
v 0.008610 0.541504 -0.004783 0.9764 0.6157 0.3529
v -0.085144 0.545288 -0.004783 0.1333 0.0902 0.0745
v 0.085144 0.545288 -0.004783 0.1333 0.0902 0.0824
v -0.008610 0.551025 -0.004783 0.9451 0.5961 0.3372
v -0.081314 0.551026 -0.004783 0.1490 0.1059 0.0902
v 0.000957 0.551025 -0.004783 0.9490 0.5961 0.3490
v 0.008610 0.551025 -0.004783 0.9451 0.6000 0.3490
v 0.081314 0.551025 -0.004783 0.1490 0.1059 0.0902
v -0.008610 0.560608 -0.004783 0.9451 0.5961 0.3412
v 0.008610 0.560608 -0.004783 0.9451 0.5961 0.3372
v -0.142548 0.617981 -0.004783 0.9607 0.6276 0.3647
v 0.142548 0.617981 -0.004783 0.9568 0.6315 0.3725
v -0.155930 0.642883 -0.004783 0.9725 0.6236 0.3568
v 0.157852 0.642883 -0.004783 0.9804 0.6393 0.3686
v -0.159760 0.646729 -0.004783 0.9607 0.6197 0.3490
v 0.159759 0.646729 -0.004783 0.9568 0.6315 0.3608
v -0.169327 0.690735 -0.004783 0.1686 0.0980 0.0824
v 0.169327 0.690735 -0.004783 0.1530 0.0941 0.0941
v -0.209503 0.734741 -0.004783 0.1765 0.1020 0.0784
v 0.211426 0.738525 -0.004783 0.1882 0.1137 0.0980
v -0.173157 0.883972 -0.004783 0.3451 0.3059 0.2275
v 0.173157 0.883972 -0.004783 0.3372 0.2941 0.2078
v -0.071747 0.956665 -0.004783 0.3333 0.3019 0.2157
v 0.071747 0.958557 -0.004783 0.3412 0.3019 0.2196
v -0.039223 0.964294 -0.004783 0.3608 0.3176 0.2314
v 0.039223 0.964294 -0.004783 0.3294 0.2863 0.2078
v -0.144454 0.003845 -0.006697 0.9490 0.8549 0.7686
v 0.144454 0.003845 -0.006697 0.9686 0.8666 0.7804
v -0.150191 0.030609 -0.006697 0.9019 0.8157 0.7255
v 0.150192 0.030609 -0.006697 0.8941 0.7921 0.6941
v -0.144454 0.042114 -0.006697 0.0980 0.0706 0.0627
v 0.144454 0.042114 -0.006697 0.0902 0.0627 0.0510
v -0.142547 0.047852 -0.006697 0.1373 0.1059 0.0941
v 0.142547 0.049744 -0.006697 0.1373 0.1059 0.0941
v -0.066009 0.089935 -0.006697 0.1137 0.0941 0.0824
v 0.066010 0.089935 -0.006697 0.1059 0.0863 0.0745
v 0.077492 0.091858 -0.006697 0.1216 0.0980 0.0863
v -0.077492 0.093750 -0.006697 0.1176 0.1020 0.0902
v -0.077492 0.097595 -0.006697 0.1137 0.0980 0.0863
v 0.077492 0.097595 -0.006697 0.1176 0.0980 0.0863
v -0.108100 0.105255 -0.006697 0.8745 0.7921 0.7216
v -0.111930 0.105255 -0.006697 0.8941 0.8196 0.7451
v 0.108101 0.105255 -0.006697 0.8039 0.6980 0.6157
v 0.111930 0.105255 -0.006697 0.7451 0.6471 0.5686
v -0.029656 0.109070 -0.006697 0.0784 0.0431 0.0275
v 0.029656 0.109070 -0.006697 0.1098 0.0902 0.0784
v -0.027743 0.120544 -0.006697 0.1020 0.0667 0.0549
v 0.027743 0.120544 -0.006697 0.1255 0.0941 0.0824
v -0.111930 0.122467 -0.006697 0.1490 0.1098 0.1020
v 0.111930 0.122467 -0.006697 0.1333 0.1020 0.0902
v -0.111930 0.132019 -0.006697 0.1530 0.1137 0.1059
v 0.111930 0.132019 -0.006697 0.1412 0.1020 0.0941
v -0.110015 0.137756 -0.006697 0.1608 0.1255 0.1059
v 0.110015 0.137756 -0.006697 0.1530 0.1137 0.1059
v -0.027743 0.156891 -0.006697 0.0863 0.0549 0.0431
v 0.027743 0.156891 -0.006697 0.1255 0.0941 0.0863
v -0.102363 0.210480 -0.006697 0.1412 0.1098 0.0980
v 0.102363 0.210480 -0.006697 0.1294 0.0941 0.0863
v -0.016264 0.227692 -0.006697 0.0824 0.0510 0.0314
v 0.016264 0.227692 -0.006697 0.1294 0.0980 0.0902
v -0.102363 0.231506 -0.006697 0.1451 0.1137 0.1020
v 0.102363 0.231506 -0.006697 0.1294 0.1020 0.0902
v -0.374054 0.461121 -0.006697 0.9490 0.6315 0.3765
v 0.374054 0.461121 -0.006697 0.9568 0.6315 0.3686
v -0.431457 0.470673 -0.006697 0.9411 0.6315 0.3882
v 0.431458 0.470673 -0.006697 0.9490 0.6354 0.4000
v -0.307098 0.472595 -0.006697 0.1098 0.0745 0.0627
v -0.387451 0.472595 -0.006697 0.9647 0.6354 0.3843
v 0.307098 0.472595 -0.006697 0.1137 0.0745 0.0667
v 0.387451 0.472595 -0.006697 0.9647 0.6315 0.3765
v -0.454407 0.474518 -0.006697 0.9725 0.6550 0.3843
v 0.454407 0.474518 -0.006697 0.9804 0.6589 0.3921
v -0.406586 0.478333 -0.006697 0.9804 0.6354 0.3686
v 0.406586 0.478333 -0.006697 0.9921 0.6432 0.3608
v -0.398926 0.480255 -0.006697 0.9647 0.6315 0.3686
v -0.458252 0.480255 -0.006697 0.9568 0.6354 0.3686
v 0.398926 0.480255 -0.006697 0.9843 0.6276 0.3608
v 0.458252 0.480255 -0.006697 0.9490 0.6432 0.3804
v -0.458252 0.485992 -0.006697 0.9529 0.6432 0.3765
v 0.458252 0.485992 -0.006697 0.9451 0.6354 0.3765
v -0.458252 0.489807 -0.006697 0.9451 0.6354 0.3765
v 0.458252 0.489807 -0.006697 0.9333 0.6276 0.3686
v -0.400848 0.491730 -0.006697 0.9568 0.6471 0.3804
v 0.400848 0.491730 -0.006697 0.9568 0.6432 0.3804
v -0.454407 0.495544 -0.006697 0.9255 0.6197 0.3686
v 0.454407 0.495544 -0.006697 0.9372 0.6197 0.3608
v -0.431457 0.499390 -0.006697 0.9647 0.6393 0.3725
v 0.431458 0.499390 -0.006697 0.9647 0.6393 0.3765
v -0.372131 0.501282 -0.006697 0.9568 0.6393 0.3804
v 0.372131 0.501282 -0.006697 0.9529 0.6354 0.3765
v -0.044964 0.531922 -0.006697 0.1216 0.0941 0.0784
v 0.044964 0.531921 -0.006697 0.1176 0.0863 0.0745
v -0.016264 0.533813 -0.006697 0.9176 0.5569 0.3255
v 0.016264 0.533813 -0.006697 0.9529 0.6197 0.3804
v -0.075577 0.556763 -0.006697 0.1412 0.0980 0.0902
v 0.075577 0.556763 -0.006697 0.1373 0.0902 0.0784
v -0.069839 0.558716 -0.006697 0.1451 0.1020 0.0863
v 0.069839 0.558716 -0.006697 0.1686 0.1137 0.0902
v -0.048790 0.562500 -0.006697 0.9725 0.6118 0.3568
v 0.048790 0.562500 -0.006697 0.9607 0.6157 0.3568
v -0.159760 0.654358 -0.006697 0.9490 0.6118 0.3490
v 0.159759 0.654358 -0.006697 0.9490 0.6236 0.3608
v -0.171234 0.704102 -0.006697 0.1686 0.1137 0.0824
v 0.171234 0.704102 -0.006697 0.1569 0.0980 0.0980
v -0.217163 0.744263 -0.006697 0.2000 0.1176 0.0980
v 0.217163 0.751953 -0.006697 0.2157 0.1333 0.1137
v -0.102364 0.945190 -0.006697 0.3216 0.2902 0.2078
v 0.102364 0.945190 -0.006697 0.3294 0.2863 0.2000
v 0.090881 0.000000 -0.008610 0.9451 0.8470 0.7608
v -0.090881 0.000000 -0.008610 0.9333 0.8470 0.7568
v -0.148284 0.011505 -0.008610 0.9529 0.8431 0.7490
v 0.148284 0.011505 -0.008610 0.9529 0.8431 0.7568
v -0.150191 0.026794 -0.008610 0.9098 0.8117 0.7294
v 0.150192 0.026794 -0.008610 0.9098 0.8078 0.7255
v -0.140624 0.034454 -0.008610 0.0471 0.0078 0.0078
v 0.140624 0.034454 -0.008610 0.0392 0.0235 0.0196
v -0.033482 0.047852 -0.008610 0.1020 0.0863 0.0824
v 0.033482 0.047852 -0.008610 0.1059 0.0902 0.0863
v -0.033482 0.053589 -0.008610 0.1490 0.1176 0.1255
v 0.033482 0.053589 -0.008610 0.1451 0.0980 0.0902
v -0.037308 0.066986 -0.008610 0.3647 0.3098 0.2784
v 0.037308 0.066986 -0.008610 0.8392 0.7333 0.6628
v -0.033482 0.070801 -0.008610 0.0902 0.0588 0.0627
v 0.033482 0.070801 -0.008610 0.0275 0.0157 0.0196
v -0.033482 0.076538 -0.008610 0.1059 0.0706 0.0627
v 0.033482 0.076538 -0.008610 0.0863 0.0706 0.0627
v -0.054531 0.084198 -0.008610 0.1255 0.1059 0.0902
v 0.054531 0.084198 -0.008610 0.1294 0.1059 0.0980
v -0.054531 0.088013 -0.008610 0.1020 0.0784 0.0667
v 0.054531 0.088013 -0.008610 0.1020 0.0824 0.0667
v -0.052616 0.107147 -0.008610 0.0980 0.0667 0.0549
v -0.090881 0.107147 -0.008610 0.1137 0.0902 0.0784
v 0.052616 0.107147 -0.008610 0.0941 0.0745 0.0588
v 0.090881 0.107147 -0.008610 0.1020 0.0863 0.0745
v -0.110015 0.110992 -0.008610 0.1020 0.0627 0.0549
v 0.110015 0.110992 -0.008610 0.1137 0.0745 0.0667
v -0.031571 0.137756 -0.008610 0.0902 0.0588 0.0471
v 0.031571 0.137756 -0.008610 0.1098 0.0824 0.0706
v 0.106186 0.164551 -0.008610 0.1255 0.0941 0.0824
v -0.106185 0.166473 -0.008610 0.1333 0.1020 0.0902
v -0.104278 0.189423 -0.008610 0.1373 0.1059 0.0941
v 0.104278 0.189423 -0.008610 0.1255 0.0941 0.0863
v -0.010523 0.235352 -0.008610 0.0706 0.0392 0.0275
v 0.010523 0.235352 -0.008610 0.1176 0.0902 0.0745
v 0.000957 0.239182 -0.008610 0.1137 0.0824 0.0706
v -0.127228 0.447723 -0.008610 0.0863 0.0549 0.0471
v 0.127228 0.447723 -0.008610 0.0902 0.0588 0.0471
v -0.144455 0.449646 -0.008610 0.0902 0.0510 0.0471
v 0.144455 0.449646 -0.008610 0.0941 0.0588 0.0510
v -0.362579 0.461121 -0.008610 0.9568 0.6276 0.3765
v 0.360657 0.461121 -0.008610 0.9451 0.6276 0.3725
v -0.379791 0.464935 -0.008610 0.9568 0.6393 0.3843
v 0.379791 0.464935 -0.008610 0.9725 0.6550 0.3843
v -0.414246 0.472595 -0.008610 0.9333 0.6315 0.3921
v -0.421875 0.472595 -0.008610 0.9451 0.6354 0.3882
v 0.414246 0.472595 -0.008610 0.9647 0.6354 0.3765
v 0.421875 0.472595 -0.008610 0.9725 0.6393 0.3843
v -0.391266 0.474518 -0.008610 0.9529 0.6236 0.3804
v 0.391266 0.474518 -0.008610 0.9647 0.6354 0.3804
v -0.339600 0.484070 -0.008610 0.9921 0.7098 0.4353
v 0.339600 0.484070 -0.008610 0.9098 0.5961 0.3372
v -0.310913 0.487915 -0.008610 0.1059 0.0706 0.0627
v -0.331970 0.487915 -0.008610 0.1882 0.1333 0.1020
v 0.310913 0.487915 -0.008610 0.1098 0.0784 0.0667
v 0.331970 0.487915 -0.008610 0.0314 0.0314 0.0510
v -0.412323 0.497467 -0.008610 0.9451 0.6354 0.3765
v -0.421875 0.497467 -0.008610 0.9529 0.6354 0.3804
v 0.412323 0.497467 -0.008610 0.9490 0.6315 0.3725
v 0.421875 0.497467 -0.008610 0.9451 0.6276 0.3686
v -0.352997 0.503235 -0.008610 0.9568 0.6393 0.3804
v 0.352997 0.503235 -0.008610 0.9490 0.6354 0.3725
v -0.121498 0.516602 -0.008610 0.1137 0.0745 0.0667
v 0.121498 0.516602 -0.008610 0.1216 0.0824 0.0745
v -0.100449 0.522339 -0.008610 0.1020 0.0745 0.0510
v 0.100449 0.522339 -0.008610 0.1059 0.0745 0.0627
v -0.016264 0.541504 -0.008610 0.9725 0.6118 0.3490
v 0.016264 0.541504 -0.008610 0.9843 0.6197 0.3686
v -0.016264 0.551025 -0.008610 0.9451 0.5921 0.3451
v 0.016264 0.551025 -0.008610 0.9490 0.5961 0.3490
v -0.016264 0.562500 -0.008610 0.9490 0.6000 0.3412
v 0.016264 0.562500 -0.008610 0.9568 0.6079 0.3451
v -0.159760 0.663940 -0.008610 0.9529 0.6039 0.3529
v 0.159759 0.663940 -0.008610 0.9372 0.6118 0.3412
v -0.159760 0.677307 -0.008610 0.9647 0.6079 0.3568
v 0.159759 0.677307 -0.008610 0.9411 0.6079 0.3412
v -0.169327 0.709839 -0.008610 0.1725 0.0980 0.0784
v -0.175064 0.717468 -0.008610 0.1451 0.0863 0.0745
v -0.217163 0.742371 -0.008610 0.2196 0.1373 0.1176
v -0.215240 0.746216 -0.008610 0.1922 0.1176 0.0980
v 0.217163 0.750000 -0.008610 0.2078 0.1255 0.1059
v -0.199936 0.751953 -0.008610 0.2000 0.1255 0.1020
v 0.213333 0.753845 -0.008610 0.2118 0.1294 0.1098
v -0.196121 0.755737 -0.008610 0.2118 0.1333 0.1098
v -0.194199 0.761475 -0.008610 0.1725 0.1059 0.0902
v 0.194199 0.761475 -0.008610 0.1961 0.1255 0.0980
v -0.198029 0.765320 -0.008610 0.3098 0.2549 0.1725
v 0.198029 0.765320 -0.008610 0.2823 0.2392 0.1608
v -0.201858 0.769165 -0.008610 0.3255 0.2823 0.2039
v 0.201858 0.769165 -0.008610 0.3098 0.2667 0.1804
v -0.127228 0.931763 -0.008610 0.3451 0.3019 0.2157
v 0.127228 0.931763 -0.008610 0.3451 0.3019 0.2235
v -0.033482 0.024872 -0.010523 0.9215 0.8196 0.7294
v 0.033482 0.024872 -0.010523 0.9098 0.8000 0.7137
v -0.142547 0.036377 -0.010523 0.0314 0.0157 0.0118
v 0.142547 0.036377 -0.010523 0.0157 0.0157 0.0118
v -0.033482 0.044006 -0.010523 0.0863 0.0706 0.0667
v -0.142547 0.044006 -0.010523 0.1137 0.0824 0.0745
v 0.033482 0.044006 -0.010523 0.0784 0.0667 0.0667
v 0.142547 0.044006 -0.010523 0.1020 0.0706 0.0627
v -0.138717 0.055511 -0.010523 0.1647 0.1294 0.1216
v 0.138717 0.055512 -0.010523 0.2039 0.1608 0.1412
v -0.037308 0.057404 -0.010523 0.9960 0.8902 0.8039
v 0.037308 0.057404 -0.010523 0.9411 0.8313 0.7490
v -0.117668 0.099518 -0.010523 0.1412 0.0980 0.0824
v 0.117668 0.099518 -0.010523 0.1412 0.1098 0.1059
v 0.106186 0.139679 -0.010523 0.1294 0.1020 0.0902
v -0.106185 0.141602 -0.010523 0.0902 0.0706 0.0588
v -0.165497 0.449646 -0.010523 0.0902 0.0510 0.0431
v 0.165497 0.449646 -0.010523 0.0863 0.0471 0.0392
v -0.188461 0.451538 -0.010523 0.0863 0.0471 0.0392
v 0.188461 0.451538 -0.010523 0.0902 0.0510 0.0431
v -0.211426 0.453461 -0.010523 0.0902 0.0510 0.0431
v -0.234375 0.453461 -0.010523 0.0824 0.0431 0.0353
v 0.211426 0.453461 -0.010523 0.0941 0.0549 0.0471
v 0.234375 0.453461 -0.010523 0.0824 0.0431 0.0353
v -0.347259 0.464935 -0.010523 0.9764 0.6432 0.3804
v 0.349182 0.464935 -0.010523 0.9333 0.6236 0.3725
v -0.385529 0.468781 -0.010523 0.9490 0.6276 0.3765
v 0.385529 0.470673 -0.010523 0.9607 0.6276 0.3725
v -0.341522 0.474518 -0.010523 0.9882 0.6785 0.4039
v -0.398926 0.474518 -0.010523 0.9529 0.6276 0.3686
v -0.406586 0.474518 -0.010523 0.9411 0.6276 0.3843
v 0.341522 0.474518 -0.010523 0.9294 0.6039 0.3451
v 0.398926 0.474518 -0.010523 0.9725 0.6315 0.3765
v 0.406586 0.474518 -0.010523 0.9647 0.6354 0.3765
v -0.322388 0.487915 -0.010523 0.1176 0.0784 0.0706
v 0.322388 0.487915 -0.010523 0.0784 0.0627 0.0588
v -0.341522 0.495544 -0.010523 0.9960 0.6941 0.4118
v 0.341522 0.495544 -0.010523 0.9137 0.6039 0.3412
v -0.310913 0.501282 -0.010523 0.1059 0.0745 0.0627
v -0.387451 0.501282 -0.010523 0.9411 0.6354 0.3843
v 0.310913 0.501282 -0.010523 0.1137 0.0824 0.0706
v 0.387451 0.501282 -0.010523 0.9529 0.6315 0.3725
v -0.140625 0.516602 -0.010523 0.1176 0.0863 0.0745
v 0.140625 0.516602 -0.010523 0.1216 0.0824 0.0745
v -0.163589 0.518494 -0.010523 0.1216 0.0902 0.0784
v -0.186554 0.518494 -0.010523 0.1255 0.0941 0.0824
v -0.209503 0.518494 -0.010523 0.1216 0.0902 0.0784
v -0.232468 0.518494 -0.010523 0.1176 0.0863 0.0745
v 0.163589 0.518494 -0.010523 0.1255 0.0863 0.0824
v 0.186554 0.518494 -0.010523 0.1255 0.0863 0.0784
v 0.209503 0.518494 -0.010523 0.1216 0.0902 0.0784
v 0.232468 0.518494 -0.010523 0.1255 0.0863 0.0784
v -0.062183 0.558716 -0.010523 0.1804 0.1216 0.0863
v 0.062183 0.558716 -0.010523 0.1451 0.1098 0.0902
v -0.125320 0.598877 -0.010523 0.9568 0.6236 0.3608
v 0.125320 0.598877 -0.010523 0.9568 0.6236 0.3686
v -0.154022 0.635193 -0.010523 0.9607 0.6236 0.3529
v 0.154022 0.635193 -0.010523 0.9647 0.6354 0.3686
v -0.169327 0.642883 -0.010523 0.9764 0.6315 0.3568
v 0.169327 0.642883 -0.010523 0.9804 0.6393 0.3686
v -0.163589 0.690735 -0.010523 0.9764 0.6118 0.3686
v 0.163589 0.690735 -0.010523 0.9568 0.6157 0.3372
v 0.169327 0.711731 -0.010523 0.1373 0.0706 0.0706
v -0.171234 0.717468 -0.010523 0.1530 0.0902 0.0745
v -0.178894 0.719421 -0.010523 0.1333 0.0784 0.0745
v 0.173157 0.719421 -0.010523 0.1373 0.0824 0.0784
v 0.178894 0.719421 -0.010523 0.1333 0.0784 0.0745
v -0.184631 0.721313 -0.010523 0.1333 0.0667 0.0588
v -0.188461 0.725159 -0.010523 0.1686 0.0980 0.0784
v -0.190369 0.727051 -0.010523 0.1608 0.0902 0.0784
v -0.194199 0.727051 -0.010523 0.1490 0.0784 0.0627
v -0.217163 0.738525 -0.010523 0.2039 0.1255 0.0980
v 0.217163 0.746216 -0.010523 0.2118 0.1333 0.1098
v -0.207596 0.748108 -0.010523 0.1843 0.1059 0.1020
v 0.199936 0.755737 -0.010523 0.2078 0.1294 0.1137
v 0.196121 0.759583 -0.010523 0.2000 0.1176 0.0980
v -0.199936 0.780640 -0.010523 0.3529 0.3098 0.2275
v 0.199936 0.780640 -0.010523 0.3255 0.2823 0.2039
v -0.077492 0.954712 -0.010523 0.3216 0.2784 0.2000
v 0.077492 0.954712 -0.010523 0.3372 0.2941 0.2118
v 0.046875 0.962402 -0.010523 0.3490 0.3059 0.2196
v -0.046875 0.964294 -0.010523 0.3255 0.2823 0.2039
v 0.037308 0.001923 -0.012437 0.9529 0.8470 0.7647
v -0.037308 0.001923 -0.012437 0.9686 0.8706 0.7804
v -0.033482 0.011505 -0.012437 0.9529 0.8549 0.7686
v 0.033482 0.011505 -0.012437 0.9411 0.8392 0.7451
v -0.033482 0.028717 -0.012437 0.9255 0.8235 0.7451
v 0.033482 0.028717 -0.012437 0.9058 0.8039 0.7137
v -0.037308 0.042114 -0.012437 0.7137 0.6393 0.5804
v 0.037308 0.042114 -0.012437 0.8353 0.7451 0.6745
v -0.140624 0.047852 -0.012437 0.1490 0.1137 0.1059
v 0.140624 0.047852 -0.012437 0.1333 0.1020 0.0941
v -0.138717 0.051666 -0.012437 0.1608 0.1294 0.1216
v 0.138717 0.051666 -0.012437 0.1451 0.1137 0.1020
v -0.037308 0.082275 -0.012437 0.1412 0.1137 0.1020
v 0.037308 0.082275 -0.012437 0.1373 0.1176 0.1020
v -0.035397 0.107147 -0.012437 0.0745 0.0549 0.0392
v -0.104278 0.107147 -0.012437 0.1098 0.0902 0.0706
v -0.106186 0.107147 -0.012437 0.0863 0.0667 0.0549
v 0.035397 0.107147 -0.012437 0.1059 0.0745 0.0627
v 0.104278 0.107147 -0.012437 0.1098 0.0902 0.0784
v 0.106186 0.107147 -0.012437 0.0941 0.0745 0.0627
v -0.121498 0.380768 -0.012437 0.1294 0.0902 0.0824
v 0.121498 0.380768 -0.012437 0.1333 0.0941 0.0902
v -0.117668 0.403717 -0.012437 0.1255 0.0863 0.0784
v 0.117668 0.403717 -0.012437 0.1294 0.0902 0.0824
v -0.257355 0.455383 -0.012437 0.0824 0.0431 0.0392
v 0.257355 0.455383 -0.012437 0.0863 0.0471 0.0353
v -0.278381 0.457275 -0.012437 0.0941 0.0549 0.0510
v -0.297516 0.457275 -0.012437 0.0980 0.0627 0.0471
v 0.278381 0.457275 -0.012437 0.0941 0.0549 0.0471
v 0.297516 0.457275 -0.012437 0.0745 0.0353 0.0275
v -0.370239 0.463043 -0.012437 0.9451 0.6276 0.3725
v 0.370239 0.463043 -0.012437 0.9490 0.6315 0.3765
v -0.375977 0.464935 -0.012437 0.9451 0.6276 0.3725
v 0.375977 0.464935 -0.012437 0.9529 0.6354 0.3804
v -0.441010 0.468781 -0.012437 0.9451 0.6276 0.3725
v 0.441010 0.468781 -0.012437 0.9490 0.6315 0.3843
v -0.448669 0.470673 -0.012437 0.9333 0.6276 0.3804
v 0.448669 0.470673 -0.012437 0.9804 0.6432 0.3765
v -0.310913 0.474518 -0.012437 0.1059 0.0745 0.0627
v -0.454407 0.474518 -0.012437 0.9804 0.6510 0.3882
v 0.310913 0.474518 -0.012437 0.0980 0.0706 0.0588
v 0.454407 0.474518 -0.012437 0.9882 0.6628 0.3882
v -0.322388 0.476410 -0.012437 0.1176 0.0784 0.0706
v -0.331970 0.476410 -0.012437 0.1922 0.1373 0.1059
v 0.322388 0.476410 -0.012437 0.0941 0.0667 0.0588
v 0.331970 0.476410 -0.012437 0.0471 0.0353 0.0353
v -0.458252 0.480255 -0.012437 0.9568 0.6354 0.3686
v 0.458252 0.480255 -0.012437 0.9607 0.6432 0.3804
v -0.460144 0.485992 -0.012437 0.9647 0.6432 0.3804
v 0.460144 0.485992 -0.012437 0.9529 0.6393 0.3804
v -0.335785 0.487915 -0.012437 0.2118 0.1569 0.1137
v 0.335785 0.487915 -0.012437 0.8784 0.5647 0.3176
v -0.458252 0.489807 -0.012437 0.9568 0.6471 0.3843
v 0.458252 0.489807 -0.012437 0.9529 0.6432 0.3804
v -0.454407 0.497467 -0.012437 0.9333 0.6236 0.3725
v 0.454407 0.497467 -0.012437 0.9451 0.6315 0.3725
v -0.400848 0.499390 -0.012437 0.9451 0.6354 0.3765
v 0.400848 0.499390 -0.012437 0.9568 0.6354 0.3765
v -0.322388 0.501282 -0.012437 0.1176 0.0863 0.0706
v -0.331970 0.501282 -0.012437 0.1843 0.1412 0.1098
v -0.441010 0.501282 -0.012437 0.9647 0.6510 0.3804
v -0.448669 0.501282 -0.012437 0.9451 0.6354 0.3921
v 0.322388 0.501282 -0.012437 0.0784 0.0627 0.0588
v 0.331970 0.501282 -0.012437 0.0118 0.0196 0.0471
v 0.441010 0.501282 -0.012437 0.9686 0.6510 0.3921
v 0.448669 0.501282 -0.012437 0.9921 0.6628 0.3882
v -0.255432 0.518494 -0.012437 0.1216 0.0902 0.0784
v 0.255432 0.518494 -0.012437 0.1294 0.0902 0.0824
v -0.276459 0.520447 -0.012437 0.1216 0.0902 0.0784
v -0.297516 0.520447 -0.012437 0.1333 0.1020 0.0902
v 0.276459 0.520447 -0.012437 0.1294 0.0980 0.0863
v 0.297516 0.520447 -0.012437 0.1255 0.0902 0.0706
v -0.023916 0.533813 -0.012437 0.7137 0.4432 0.2706
v -0.037308 0.533814 -0.012437 0.1216 0.0902 0.0784
v 0.023916 0.533813 -0.012437 0.6863 0.4471 0.2784
v 0.037308 0.533813 -0.012437 0.1216 0.0902 0.0745
v -0.023916 0.541504 -0.012437 0.9490 0.5882 0.3412
v 0.023916 0.541504 -0.012437 0.9921 0.6354 0.3725
v -0.056442 0.552979 -0.012437 0.1373 0.1059 0.0902
v 0.056442 0.552979 -0.012437 0.1412 0.1059 0.0863
v -0.023916 0.562500 -0.012437 0.9451 0.5961 0.3372
v 0.023916 0.562500 -0.012437 0.9568 0.6157 0.3451
v -0.167419 0.652466 -0.012437 0.9607 0.6118 0.3451
v 0.167419 0.652466 -0.012437 0.9568 0.6276 0.3647
v -0.159760 0.675415 -0.012437 0.9568 0.6118 0.3568
v 0.159759 0.675415 -0.012437 0.9451 0.6197 0.3451
v -0.169327 0.715576 -0.012437 0.1373 0.0784 0.0627
v 0.169327 0.717468 -0.012437 0.1020 0.0588 0.0745
v 0.182724 0.721313 -0.012437 0.1176 0.0706 0.0706
v 0.188461 0.725159 -0.012437 0.1333 0.0784 0.0745
v 0.190369 0.727051 -0.012437 0.1490 0.0863 0.0745
v 0.194199 0.727051 -0.012437 0.1412 0.0863 0.0745
v -0.199936 0.729004 -0.012437 0.1412 0.0745 0.0627
v -0.213333 0.748108 -0.012437 0.1922 0.1216 0.1059
v 0.205673 0.753845 -0.012437 0.1961 0.1255 0.1098
v -0.198029 0.799744 -0.012437 0.3412 0.3019 0.2235
v 0.196121 0.799744 -0.012437 0.3255 0.2823 0.2039
v -0.161682 0.899231 -0.012437 0.3372 0.2941 0.2157
v 0.161682 0.899231 -0.012437 0.3451 0.3019 0.2235
v -0.048790 0.962402 -0.012437 0.3568 0.3137 0.2275
v 0.048790 0.962402 -0.012437 0.3451 0.3019 0.2235
v -0.110015 0.000000 -0.014350 0.9451 0.8470 0.7608
v -0.136794 0.030609 -0.014350 0.9176 0.8157 0.7333
v 0.136794 0.030609 -0.014350 0.8862 0.7764 0.6863
v -0.037308 0.036377 -0.014350 0.8784 0.7686 0.6824
v 0.037308 0.036377 -0.014350 0.9098 0.7960 0.7059
v -0.142547 0.040192 -0.014350 0.0784 0.0588 0.0471
v 0.142547 0.040192 -0.014350 0.0588 0.0431 0.0431
v -0.140624 0.049744 -0.014350 0.1569 0.1216 0.1098
v 0.140624 0.049744 -0.014350 0.1451 0.1098 0.1059
v -0.111930 0.101410 -0.014350 0.0980 0.0745 0.0667
v 0.111930 0.101410 -0.014350 0.1216 0.0980 0.0902
v -0.131057 0.329102 -0.014350 0.1333 0.0941 0.0863
v 0.131057 0.329102 -0.014350 0.1333 0.0941 0.0863
v -0.127227 0.353973 -0.014350 0.1255 0.0863 0.0824
v 0.125320 0.353973 -0.014350 0.1373 0.0980 0.0941
v -0.307098 0.459198 -0.014350 0.0980 0.0588 0.0510
v 0.307098 0.459198 -0.014350 0.0824 0.0392 0.0314
v -0.423798 0.468781 -0.014350 0.9529 0.6315 0.3725
v -0.431457 0.468781 -0.014350 0.9568 0.6276 0.3765
v 0.423798 0.468781 -0.014350 0.9490 0.6315 0.3843
v 0.431458 0.468781 -0.014350 0.9451 0.6276 0.3804
v -0.391266 0.470673 -0.014350 0.9411 0.6236 0.3725
v 0.391266 0.470673 -0.014350 0.9568 0.6276 0.3765
v -0.335785 0.476410 -0.014350 0.2196 0.1569 0.1098
v 0.335785 0.476410 -0.014350 0.9058 0.5764 0.3255
v -0.337707 0.487915 -0.014350 0.2510 0.1412 0.0941
v 0.337707 0.487915 -0.014350 0.8941 0.5843 0.3255
v -0.335785 0.499390 -0.014350 0.2078 0.1569 0.1216
v 0.335785 0.499390 -0.014350 0.8784 0.5647 0.3176
v -0.423798 0.501282 -0.014350 0.9686 0.6510 0.3843
v -0.431457 0.501282 -0.014350 0.9647 0.6510 0.3804
v 0.423798 0.501282 -0.014350 0.9647 0.6471 0.3882
v 0.431458 0.501282 -0.014350 0.9686 0.6510 0.3921
v -0.307098 0.518494 -0.014350 0.1451 0.1059 0.0980
v 0.307098 0.518494 -0.014350 0.1216 0.0863 0.0706
v -0.023916 0.552979 -0.014350 0.9255 0.5764 0.3333
v 0.023916 0.552979 -0.014350 0.9882 0.6236 0.3608
v -0.167419 0.635193 -0.014350 0.9843 0.6628 0.3725
v 0.167419 0.635193 -0.014350 0.9921 0.6628 0.3804
v -0.163589 0.688782 -0.014350 0.9686 0.6157 0.3686
v 0.163589 0.688782 -0.014350 0.9568 0.6315 0.3568
v -0.165497 0.700256 -0.014350 0.9725 0.6079 0.3647
v 0.165497 0.700256 -0.014350 0.9529 0.6157 0.3451
v 0.201858 0.730896 -0.014350 0.1294 0.0745 0.0627
v -0.207596 0.732788 -0.014350 0.1804 0.0980 0.0784
v 0.209503 0.736633 -0.014350 0.2000 0.1059 0.0902
v 0.110016 0.000000 -0.014350 0.9490 0.8509 0.7647
v -0.043049 0.000000 -0.016264 0.9607 0.8588 0.7804
v 0.043049 0.000000 -0.016264 0.9137 0.8157 0.7372
v -0.138717 0.034454 -0.016264 0.8353 0.7216 0.6393
v 0.138717 0.034454 -0.016264 0.8862 0.7568 0.6589
v -0.140624 0.044006 -0.016264 0.1098 0.0902 0.0784
v 0.140624 0.044006 -0.016264 0.1020 0.0667 0.0706
v -0.131057 0.072723 -0.016264 0.8980 0.8117 0.7412
v 0.131057 0.072723 -0.016264 0.8980 0.8078 0.7255
v -0.132980 0.076538 -0.016264 0.8353 0.7608 0.7020
v 0.132980 0.076538 -0.016264 0.8627 0.7764 0.7059
v -0.098533 0.093750 -0.016264 0.1137 0.0902 0.0745
v 0.098533 0.093750 -0.016264 0.1098 0.0902 0.0745
v -0.098533 0.097595 -0.016264 0.1137 0.0863 0.0745
v 0.098533 0.097595 -0.016264 0.1176 0.0824 0.0745
v -0.125320 0.300384 -0.016264 0.0824 0.0588 0.0471
v 0.123405 0.300384 -0.016264 0.0980 0.0667 0.0588
v -0.129150 0.304230 -0.016264 0.1373 0.0941 0.0863
v 0.129150 0.304230 -0.016264 0.1333 0.0941 0.0824
v -0.131057 0.313782 -0.016264 0.1333 0.0902 0.0824
v 0.131057 0.313782 -0.016264 0.1373 0.0980 0.0902
v -0.115753 0.420929 -0.016264 0.1216 0.0824 0.0745
v 0.115753 0.420929 -0.016264 0.1255 0.0863 0.0784
v -0.354919 0.463043 -0.016264 0.9607 0.6315 0.3804
v 0.356842 0.463043 -0.016264 0.9451 0.6276 0.3725
v -0.383606 0.468781 -0.016264 0.9451 0.6276 0.3725
v 0.383606 0.468781 -0.016264 0.9607 0.6354 0.3765
v -0.414246 0.470673 -0.016264 0.9568 0.6276 0.3765
v 0.414246 0.470673 -0.016264 0.9490 0.6315 0.3843
v -0.414246 0.501282 -0.016264 0.9686 0.6471 0.3804
v 0.414246 0.501282 -0.016264 0.9647 0.6471 0.3804
v -0.052616 0.547241 -0.016264 0.1333 0.1059 0.0824
v 0.052616 0.547241 -0.016264 0.1373 0.1020 0.0824
v -0.077492 0.572083 -0.016264 0.9882 0.6315 0.3529
v 0.077492 0.572083 -0.016264 0.9804 0.6197 0.3568
v -0.163589 0.661987 -0.016264 0.9607 0.6197 0.3568
v 0.163589 0.661987 -0.016264 0.9607 0.6276 0.3647
v -0.169327 0.698364 -0.016264 0.9647 0.6118 0.3568
v 0.169327 0.698364 -0.016264 0.9451 0.6197 0.3451
v -0.167419 0.707947 -0.016264 0.9490 0.5961 0.3451
v -0.173157 0.707947 -0.016264 0.9529 0.6000 0.3529
v 0.167419 0.707947 -0.016264 0.9411 0.6118 0.3333
v 0.173157 0.707947 -0.016264 0.9411 0.6118 0.3372
v -0.215240 0.738525 -0.016264 0.1922 0.1137 0.0863
v -0.219070 0.744263 -0.016264 0.2118 0.1373 0.1137
v 0.217163 0.744263 -0.016264 0.1922 0.1176 0.1020
v -0.219070 0.748108 -0.016264 0.1961 0.1255 0.1098
v 0.219070 0.750000 -0.016264 0.2353 0.1490 0.1294
v 0.213333 0.753845 -0.016264 0.2118 0.1373 0.1137
v 0.219070 0.755737 -0.016264 0.2157 0.1373 0.1176
v -0.196121 0.822693 -0.016264 0.3216 0.2784 0.2000
v 0.196121 0.822693 -0.016264 0.3529 0.3098 0.2235
v -0.050701 0.958557 -0.016264 0.2902 0.2471 0.1686
v 0.050701 0.958557 -0.016264 0.3372 0.2941 0.2157
v 0.050701 0.000000 -0.018177 0.9411 0.8431 0.7568
v -0.121498 0.000000 -0.018177 0.9372 0.8431 0.7490
v -0.050701 0.000000 -0.018177 0.9333 0.8470 0.7568
v -0.140624 0.038269 -0.018177 0.0431 0.0235 0.0235
v 0.140624 0.038269 -0.018177 0.0275 0.0275 0.0235
v -0.044964 0.082275 -0.018177 0.1294 0.1098 0.0941
v 0.044964 0.082275 -0.018177 0.1333 0.1137 0.0980
v -0.131057 0.084198 -0.018177 0.0863 0.0549 0.0549
v 0.131057 0.084198 -0.018177 0.0863 0.0549 0.0510
v -0.044964 0.086121 -0.018177 0.0980 0.0784 0.0667
v 0.044964 0.086121 -0.018177 0.1176 0.0980 0.0824
v -0.041138 0.107147 -0.018177 0.0863 0.0667 0.0510
v -0.100448 0.107147 -0.018177 0.1098 0.0706 0.0627
v 0.041138 0.107147 -0.018177 0.1137 0.0824 0.0706
v 0.100448 0.107147 -0.018177 0.1020 0.0745 0.0667
v -0.119583 0.275513 -0.018177 0.1294 0.0902 0.0824
v 0.119583 0.275513 -0.018177 0.1255 0.0863 0.0784
v -0.119583 0.285095 -0.018177 0.1333 0.0902 0.0824
v 0.119583 0.285095 -0.018177 0.1333 0.0941 0.0863
v -0.119583 0.296570 -0.018177 0.1255 0.0824 0.0745
v 0.119583 0.296570 -0.018177 0.1216 0.0824 0.0745
v -0.368317 0.463043 -0.018177 0.9490 0.6315 0.3765
v 0.368317 0.463043 -0.018177 0.9490 0.6315 0.3765
v -0.343445 0.466858 -0.018177 0.9725 0.6510 0.3921
v -0.377869 0.466858 -0.018177 0.9490 0.6276 0.3725
v 0.343445 0.466858 -0.018177 0.9019 0.6000 0.3568
v 0.377869 0.466858 -0.018177 0.9529 0.6354 0.3804
v -0.398926 0.470673 -0.018177 0.9490 0.6315 0.3765
v -0.406586 0.470673 -0.018177 0.9529 0.6315 0.3765
v 0.397003 0.470673 -0.018177 0.9490 0.6315 0.3765
v 0.406586 0.470673 -0.018177 0.9490 0.6315 0.3765
v -0.454407 0.474518 -0.018177 0.9882 0.6628 0.3882
v 0.454407 0.474518 -0.018177 0.9921 0.6667 0.3882
v -0.337707 0.478333 -0.018177 0.2706 0.1530 0.1020
v 0.337708 0.478333 -0.018177 0.9098 0.5882 0.3216
v -0.458252 0.480255 -0.018177 0.9607 0.6354 0.3647
v 0.458252 0.480255 -0.018177 0.9568 0.6432 0.3765
v -0.458252 0.485992 -0.018177 0.9686 0.6432 0.3765
v 0.458252 0.485992 -0.018177 0.9568 0.6393 0.3765
v -0.458252 0.489807 -0.018177 0.9607 0.6432 0.3725
v 0.458252 0.489807 -0.018177 0.9529 0.6471 0.3804
v -0.454407 0.495545 -0.018177 0.9451 0.6354 0.3765
v 0.454407 0.495544 -0.018177 0.9529 0.6354 0.3765
v -0.337707 0.497467 -0.018177 0.2980 0.1843 0.1294
v 0.337707 0.497467 -0.018177 0.8862 0.5804 0.3255
v -0.345367 0.505127 -0.018177 0.9960 0.6667 0.3921
v 0.345367 0.505127 -0.018177 0.9176 0.6118 0.3529
v -0.310913 0.512756 -0.018177 0.1255 0.0941 0.0824
v 0.310913 0.512756 -0.018177 0.1255 0.0941 0.0824
v -0.050701 0.539551 -0.018177 0.1294 0.0980 0.0863
v 0.050701 0.539551 -0.018177 0.1176 0.0863 0.0745
v -0.163589 0.675415 -0.018177 0.9607 0.6197 0.3568
v 0.163589 0.675415 -0.018177 0.9607 0.6354 0.3608
v -0.175064 0.713684 -0.018177 0.9451 0.5843 0.3412
v 0.175064 0.713684 -0.018177 0.9215 0.5961 0.3216
v -0.167419 0.715576 -0.018177 0.9137 0.5725 0.3255
v 0.167419 0.715576 -0.018177 0.9098 0.5804 0.3216
v -0.169327 0.723206 -0.018177 0.1176 0.0667 0.0431
v -0.213333 0.748108 -0.018177 0.1843 0.1137 0.1020
v -0.150192 0.914551 -0.018177 0.3255 0.2823 0.1961
v 0.150192 0.914551 -0.018177 0.3255 0.2823 0.1961
v -0.052616 0.962402 -0.018177 0.3490 0.3059 0.2235
v 0.000957 0.962402 -0.018177 0.3098 0.2667 0.1882
v 0.052616 0.962402 -0.018177 0.3412 0.2980 0.2196
v -0.004783 0.964294 -0.018177 0.3216 0.2784 0.2000
v -0.010523 0.964294 -0.018177 0.3529 0.3098 0.2314
v -0.016264 0.964294 -0.018177 0.3451 0.3019 0.2235
v 0.004783 0.964294 -0.018177 0.3412 0.2980 0.2118
v 0.010523 0.964294 -0.018177 0.3333 0.2902 0.2118
v 0.016264 0.964294 -0.018177 0.3216 0.2784 0.2000
v 0.121498 0.000000 -0.018177 0.9372 0.8509 0.7686
v -0.129150 0.000000 -0.020090 0.9176 0.8235 0.7372
v -0.132980 0.053589 -0.020090 0.8745 0.8000 0.7137
v 0.132980 0.053589 -0.020090 0.9882 0.9294 0.8392
v -0.121498 0.091858 -0.020090 0.1333 0.0980 0.0902
v 0.121498 0.091858 -0.020090 0.1451 0.1059 0.0980
v -0.111930 0.269775 -0.020090 0.0980 0.0784 0.0627
v 0.111930 0.269775 -0.020090 0.1098 0.0784 0.0667
v -0.117668 0.271698 -0.020090 0.1020 0.0745 0.0627
v 0.115753 0.271698 -0.020090 0.1098 0.0784 0.0667
v -0.310913 0.464935 -0.020090 0.0980 0.0588 0.0510
v -0.322388 0.464935 -0.020090 0.0667 0.0314 0.0196
v -0.331970 0.464935 -0.020090 0.1255 0.0784 0.0510
v 0.310913 0.464935 -0.020090 0.0745 0.0353 0.0314
v 0.322388 0.464935 -0.020090 0.0667 0.0275 0.0196
v 0.331970 0.464935 -0.020090 0.0667 0.0314 0.0235
v -0.441009 0.470673 -0.020090 0.9411 0.6236 0.3686
v 0.441010 0.470673 -0.020090 0.9490 0.6315 0.3765
v -0.448669 0.472595 -0.020090 0.9411 0.6276 0.3804
v 0.448669 0.472595 -0.020090 0.9725 0.6432 0.3804
v -0.441009 0.499390 -0.020090 0.9686 0.6432 0.3804
v -0.448669 0.499390 -0.020090 0.9490 0.6354 0.3804
v 0.441010 0.499390 -0.020090 0.9686 0.6550 0.3882
v 0.448669 0.499390 -0.020090 0.9960 0.6550 0.3843
v -0.402740 0.503235 -0.020090 0.9686 0.6432 0.3765
v 0.402741 0.503235 -0.020090 0.9686 0.6471 0.3804
v -0.322388 0.512756 -0.020090 0.1294 0.0980 0.0863
v -0.331970 0.512756 -0.020090 0.1725 0.1412 0.1176
v 0.322388 0.512756 -0.020090 0.1020 0.0824 0.0706
v 0.331970 0.512756 -0.020090 0.0745 0.0549 0.0588
v -0.121498 0.526184 -0.020090 0.1412 0.1020 0.0941
v 0.121498 0.526184 -0.020090 0.1412 0.1020 0.0941
v -0.029655 0.533813 -0.020090 0.2706 0.1569 0.0941
v -0.050701 0.533814 -0.020090 0.1216 0.0902 0.0784
v 0.029655 0.533813 -0.020090 0.3608 0.2078 0.1255
v 0.050701 0.533813 -0.020090 0.1137 0.0824 0.0706
v -0.027742 0.543396 -0.020090 0.9255 0.5725 0.3294
v 0.027742 0.543396 -0.020090 0.9882 0.6471 0.3843
v -0.027742 0.552979 -0.020090 0.9176 0.5686 0.3176
v 0.027742 0.552979 -0.020090 0.9882 0.6432 0.3804
v -0.029655 0.562500 -0.020090 0.9411 0.5882 0.3372
v 0.029655 0.562500 -0.020090 0.9568 0.6157 0.3529
v -0.152115 0.631409 -0.020090 0.9411 0.6079 0.3451
v -0.163589 0.631409 -0.020090 0.9607 0.6510 0.3921
v 0.152115 0.631409 -0.020090 0.9451 0.6197 0.3608
v 0.163589 0.631409 -0.020090 0.9764 0.6471 0.3725
v -0.180801 0.642883 -0.020090 0.9725 0.6315 0.3568
v 0.180801 0.642883 -0.020090 0.9804 0.6432 0.3568
v -0.167419 0.686890 -0.020090 0.9607 0.6197 0.3568
v 0.167419 0.686890 -0.020090 0.9568 0.6315 0.3568
v 0.169327 0.723206 -0.020090 0.2784 0.1530 0.0980
v 0.171234 0.723206 -0.020090 0.1725 0.1020 0.0863
v -0.175064 0.725159 -0.020090 0.1059 0.0627 0.0588
v -0.213333 0.740417 -0.020090 0.1922 0.1098 0.0902
v -0.205673 0.746216 -0.020090 0.1882 0.1098 0.0980
v -0.192291 0.843750 -0.020090 0.3137 0.2706 0.1922
v 0.192291 0.843750 -0.020090 0.3765 0.3333 0.2471
v -0.110016 0.943237 -0.020090 0.3333 0.2902 0.2118
v 0.110016 0.943237 -0.020090 0.3372 0.2941 0.2078
v -0.085144 0.952820 -0.020090 0.3098 0.2667 0.1882
v 0.085144 0.952820 -0.020090 0.3294 0.2863 0.2078
v -0.056442 0.960449 -0.020090 0.3412 0.2980 0.2196
v 0.056442 0.962402 -0.020090 0.3451 0.3019 0.2196
v 0.022003 0.964294 -0.020090 0.3412 0.2980 0.2196
v -0.022003 0.966187 -0.020090 0.3333 0.2902 0.2157
v 0.129150 0.000000 -0.020090 0.9568 0.8588 0.7804
v 0.062183 0.000000 -0.022003 0.9372 0.8392 0.7529
v -0.062183 0.000000 -0.022003 0.9333 0.8470 0.7568
v -0.136794 0.049744 -0.022003 0.1569 0.1255 0.1059
v 0.136794 0.049744 -0.022003 0.1530 0.1137 0.1059
v -0.104278 0.089935 -0.022003 0.1137 0.0941 0.0824
v 0.104278 0.089935 -0.022003 0.1098 0.0902 0.0784
v -0.104278 0.091858 -0.022003 0.1059 0.0863 0.0745
v 0.104278 0.091858 -0.022003 0.1020 0.0824 0.0706
v -0.113838 0.093750 -0.022003 0.1059 0.0745 0.0667
v 0.113838 0.093750 -0.022003 0.1373 0.1059 0.1020
v -0.016264 0.130127 -0.022003 0.0706 0.0471 0.0353
v 0.016264 0.130127 -0.022003 0.1608 0.1294 0.1176
v 0.121498 0.132019 -0.022003 0.1451 0.1137 0.1020
v -0.121498 0.133942 -0.022003 0.1490 0.1098 0.1020
v -0.018177 0.135864 -0.022003 0.0745 0.0510 0.0353
v 0.018177 0.135864 -0.022003 0.1490 0.1294 0.1137
v -0.020090 0.156891 -0.022003 0.0588 0.0314 0.0196
v 0.020090 0.156891 -0.022003 0.1412 0.1137 0.0980
v -0.016264 0.174133 -0.022003 0.0588 0.0392 0.0235
v 0.016264 0.174133 -0.022003 0.1373 0.1059 0.0941
v -0.014350 0.185608 -0.022003 0.0588 0.0392 0.0235
v 0.014351 0.185608 -0.022003 0.1294 0.1020 0.0902
v -0.111930 0.193268 -0.022003 0.1333 0.1020 0.0941
v 0.111930 0.193268 -0.022003 0.1333 0.1020 0.0941
v -0.012437 0.199005 -0.022003 0.0549 0.0353 0.0196
v 0.012437 0.199005 -0.022003 0.1216 0.1020 0.0863
v -0.010523 0.212402 -0.022003 0.0588 0.0392 0.0235
v 0.010523 0.212402 -0.022003 0.1137 0.0941 0.0784
v -0.110015 0.214294 -0.022003 0.1373 0.1059 0.0980
v 0.110015 0.214294 -0.022003 0.1373 0.1059 0.0980
v -0.010523 0.225769 -0.022003 0.0627 0.0353 0.0235
v 0.010523 0.225769 -0.022003 0.1098 0.0863 0.0706
v -0.110015 0.235352 -0.022003 0.1412 0.1098 0.0980
v 0.110015 0.235352 -0.022003 0.1412 0.1137 0.0941
v -0.108100 0.258301 -0.022003 0.1373 0.1059 0.0941
v 0.108100 0.258301 -0.022003 0.1373 0.1059 0.0941
v -0.108100 0.269775 -0.022003 0.1216 0.0863 0.0745
v 0.108100 0.269775 -0.022003 0.1176 0.0824 0.0745
v -0.115753 0.434326 -0.022003 0.1176 0.0784 0.0667
v 0.115753 0.434326 -0.022003 0.1098 0.0706 0.0627
v -0.389343 0.470673 -0.022003 0.9529 0.6354 0.3804
v -0.423798 0.470673 -0.022003 0.9529 0.6315 0.3725
v -0.433349 0.470673 -0.022003 0.9490 0.6315 0.3725
v 0.389343 0.470673 -0.022003 0.9490 0.6315 0.3765
v 0.423798 0.470673 -0.022003 0.9490 0.6315 0.3765
v 0.433349 0.470673 -0.022003 0.9529 0.6354 0.3804
v -0.423798 0.499390 -0.022003 0.9686 0.6471 0.3765
v -0.433349 0.499390 -0.022003 0.9725 0.6432 0.3765
v 0.423798 0.499390 -0.022003 0.9725 0.6471 0.3804
v 0.433350 0.499390 -0.022003 0.9686 0.6471 0.3882
v -0.387451 0.507019 -0.022003 0.9647 0.6432 0.3725
v 0.387451 0.507019 -0.022003 0.9725 0.6471 0.3765
v -0.335785 0.508972 -0.022003 0.1961 0.1530 0.1294
v 0.335785 0.508972 -0.022003 0.8274 0.5294 0.3137
v -0.366394 0.510864 -0.022003 0.9686 0.6471 0.3725
v 0.366394 0.510864 -0.022003 0.9686 0.6432 0.3686
v -0.176987 0.652466 -0.022003 0.9647 0.6157 0.3490
v 0.176987 0.652466 -0.022003 0.9647 0.6315 0.3647
v -0.175064 0.696472 -0.022003 0.9607 0.6197 0.3568
v 0.175064 0.696472 -0.022003 0.9568 0.6236 0.3568
v -0.180801 0.704102 -0.022003 0.9882 0.6236 0.3529
v 0.180801 0.704102 -0.022003 0.9098 0.5921 0.3372
v -0.184631 0.713684 -0.022003 0.9333 0.5882 0.3372
v 0.184631 0.713684 -0.022003 0.9137 0.6039 0.3372
v -0.167419 0.719421 -0.022003 0.8706 0.5373 0.3019
v -0.175064 0.719421 -0.022003 0.8157 0.4980 0.2823
v 0.167419 0.719421 -0.022003 0.8823 0.5451 0.3137
v 0.175064 0.719421 -0.022003 0.8274 0.5137 0.2784
v 0.175064 0.725159 -0.022003 0.1098 0.0706 0.0667
v -0.215240 0.744263 -0.022003 0.1765 0.1020 0.0863
v 0.215240 0.746216 -0.022003 0.1961 0.1176 0.0941
v 0.211426 0.751953 -0.022003 0.2078 0.1294 0.1098
v -0.134887 0.003845 -0.023916 0.9490 0.8549 0.7608
v 0.134887 0.003845 -0.023916 0.9686 0.8706 0.7764
v -0.138717 0.011505 -0.023916 0.9529 0.8431 0.7490
v 0.138717 0.011505 -0.023916 0.9490 0.8470 0.7568
v -0.138717 0.028717 -0.023916 0.9215 0.8353 0.7529
v 0.138717 0.028717 -0.023916 0.9176 0.8235 0.7372
v -0.132980 0.032532 -0.023916 0.8706 0.7451 0.6510
v 0.132980 0.032532 -0.023916 0.8706 0.7608 0.6667
v -0.132980 0.036377 -0.023916 0.8431 0.7216 0.6393
v 0.132980 0.036377 -0.023916 0.8862 0.7686 0.6667
v -0.136794 0.040192 -0.023916 0.0627 0.0510 0.0431
v 0.136794 0.040192 -0.023916 0.0314 0.0235 0.0235
v -0.136794 0.044006 -0.023916 0.1059 0.0824 0.0824
v 0.136794 0.044006 -0.023916 0.0863 0.0627 0.0667
v -0.025830 0.059326 -0.023916 0.1176 0.1020 0.1020
v 0.025830 0.059326 -0.023916 0.1216 0.0980 0.0863
v -0.029656 0.061249 -0.023916 0.9294 0.8353 0.7608
v 0.029656 0.061249 -0.023916 0.8823 0.7725 0.6902
v -0.029656 0.063141 -0.023916 0.9607 0.8431 0.7568
v 0.029656 0.063141 -0.023916 0.8706 0.7568 0.6628
v -0.025830 0.066986 -0.023916 0.8902 0.7843 0.7059
v 0.025830 0.066986 -0.023916 0.2118 0.1765 0.1530
v -0.027743 0.076538 -0.023916 0.1059 0.0745 0.0667
v 0.027743 0.076538 -0.023916 0.1333 0.1098 0.1098
v -0.020090 0.109070 -0.023916 0.0549 0.0353 0.0235
v 0.020091 0.109070 -0.023916 0.1373 0.1059 0.0941
v -0.119583 0.110992 -0.023916 0.1255 0.0941 0.0784
v 0.119583 0.110992 -0.023916 0.1294 0.0941 0.0863
v -0.018177 0.120544 -0.023916 0.0588 0.0314 0.0157
v 0.018177 0.120544 -0.023916 0.1451 0.1137 0.1020
v -0.121498 0.122467 -0.023916 0.1490 0.1098 0.1020
v 0.121498 0.122467 -0.023916 0.1490 0.1098 0.1020
v -0.119583 0.137756 -0.023916 0.1608 0.1176 0.1098
v 0.119583 0.137756 -0.023916 0.1569 0.1176 0.1098
v -0.022004 0.139679 -0.023916 0.0667 0.0471 0.0314
v 0.022004 0.139679 -0.023916 0.1333 0.1098 0.0941
v -0.113838 0.141602 -0.023916 0.0824 0.0627 0.0471
v 0.113838 0.141602 -0.023916 0.0941 0.0784 0.0627
v 0.111930 0.166473 -0.023916 0.1333 0.1020 0.0902
v -0.111930 0.168396 -0.023916 0.1294 0.0980 0.0902
v -0.006697 0.235352 -0.023916 0.0784 0.0588 0.0431
v 0.006697 0.235352 -0.023916 0.0980 0.0706 0.0549
v 0.000957 0.237274 -0.023916 0.1020 0.0706 0.0588
v -0.127228 0.438171 -0.023916 0.0471 0.0118 0.0078
v -0.144455 0.438171 -0.023916 0.0471 0.0314 0.0275
v 0.127228 0.438171 -0.023916 0.0549 0.0157 0.0078
v 0.144455 0.438171 -0.023916 0.0941 0.0627 0.0549
v -0.335785 0.468781 -0.023916 0.2275 0.1569 0.1216
v 0.335785 0.468781 -0.023916 0.7568 0.4863 0.2941
v -0.416138 0.472595 -0.023916 0.9529 0.6354 0.3765
v 0.416138 0.472595 -0.023916 0.9490 0.6315 0.3765
v -0.454407 0.482178 -0.023916 0.9647 0.6315 0.3686
v 0.454407 0.482178 -0.023916 0.9607 0.6354 0.3765
v -0.452484 0.484070 -0.023916 0.9607 0.6354 0.3765
v 0.452484 0.484070 -0.023916 0.9607 0.6354 0.3765
v -0.454407 0.485992 -0.023916 0.9607 0.6354 0.3686
v 0.454407 0.485992 -0.023916 0.9607 0.6354 0.3765
v -0.454407 0.487915 -0.023916 0.9607 0.6354 0.3647
v 0.454407 0.487915 -0.023916 0.9647 0.6393 0.3725
v -0.416138 0.499390 -0.023916 0.9686 0.6432 0.3765
v 0.416138 0.499390 -0.023916 0.9686 0.6432 0.3765
v -0.043049 0.535706 -0.023916 0.1137 0.0824 0.0706
v 0.043049 0.535706 -0.023916 0.1059 0.0863 0.0706
v -0.056442 0.566345 -0.023916 0.9607 0.6197 0.3568
v 0.056442 0.566345 -0.023916 0.9568 0.6157 0.3529
v -0.108101 0.587402 -0.023916 0.9568 0.6157 0.3490
v 0.108101 0.587402 -0.023916 0.9568 0.6118 0.3608
v -0.178894 0.633301 -0.023916 0.9647 0.6354 0.3608
v 0.178894 0.633301 -0.023916 0.9647 0.6276 0.3608
v -0.171234 0.661987 -0.023916 0.9607 0.6197 0.3490
v 0.171234 0.661987 -0.023916 0.9490 0.6236 0.3568
v -0.178894 0.725159 -0.023916 0.5608 0.4039 0.2863
v 0.178894 0.725159 -0.023916 0.4510 0.3372 0.2588
v -0.182724 0.729004 -0.023916 0.1176 0.0627 0.0588
v -0.207596 0.736633 -0.023916 0.1647 0.0902 0.0745
v 0.207596 0.738525 -0.023916 0.1843 0.1020 0.0824
v 0.205673 0.748108 -0.023916 0.1882 0.1176 0.1020
v -0.199936 0.750000 -0.023916 0.1882 0.1137 0.0941
v 0.213333 0.750000 -0.023916 0.2118 0.1333 0.1137
v -0.027742 0.964294 -0.023916 0.3372 0.2941 0.2118
v 0.027742 0.964294 -0.023916 0.3333 0.2902 0.2118
v -0.083229 0.000000 -0.025829 0.9451 0.8470 0.7608
v -0.138717 0.026794 -0.025829 0.9294 0.8392 0.7529
v 0.138717 0.026794 -0.025829 0.9294 0.8235 0.7412
v -0.025830 0.053589 -0.025829 0.0941 0.0863 0.0824
v 0.025830 0.053589 -0.025829 0.0863 0.0784 0.0745
v -0.031571 0.080383 -0.025829 0.1412 0.1176 0.1020
v 0.031571 0.080383 -0.025829 0.1530 0.1255 0.1137
v -0.025830 0.107147 -0.025829 0.0627 0.0431 0.0275
v 0.025830 0.107147 -0.025829 0.0980 0.0784 0.0627
v -0.113838 0.109070 -0.025829 0.0784 0.0627 0.0510
v 0.113838 0.109070 -0.025829 0.0941 0.0745 0.0627
v -0.165497 0.440064 -0.025829 0.1098 0.0706 0.0627
v 0.165497 0.440064 -0.025829 0.1098 0.0706 0.0627
v -0.188461 0.441986 -0.025829 0.1098 0.0706 0.0627
v -0.211426 0.441986 -0.025829 0.1098 0.0784 0.0667
v 0.188461 0.441986 -0.025829 0.1098 0.0784 0.0667
v 0.211426 0.441986 -0.025829 0.1137 0.0745 0.0667
v -0.234375 0.443909 -0.025829 0.1098 0.0745 0.0667
v 0.234375 0.443909 -0.025829 0.1137 0.0824 0.0667
v -0.337707 0.470673 -0.025829 0.3608 0.2314 0.1412
v 0.337707 0.470673 -0.025829 0.8627 0.5647 0.3294
v -0.433350 0.476410 -0.025829 0.9607 0.6315 0.3804
v -0.442932 0.476410 -0.025829 0.9529 0.6276 0.3686
v -0.452484 0.476410 -0.025829 0.9647 0.6393 0.3804
v 0.433350 0.476410 -0.025829 0.9490 0.6315 0.3725
v 0.442932 0.476410 -0.025829 0.9607 0.6315 0.3725
v 0.452484 0.476410 -0.025829 0.9686 0.6432 0.3804
v -0.433349 0.478333 -0.025829 0.9568 0.6315 0.3765
v -0.442932 0.478333 -0.025829 0.9568 0.6315 0.3647
v -0.450592 0.478332 -0.025829 0.9607 0.6393 0.3765
v 0.433350 0.478333 -0.025829 0.9529 0.6354 0.3765
v 0.442932 0.478333 -0.025829 0.9686 0.6276 0.3647
v 0.450592 0.478333 -0.025829 0.9686 0.6354 0.3725
v -0.460144 0.482178 -0.025829 0.9451 0.6276 0.3765
v 0.460144 0.482178 -0.025829 0.9686 0.6354 0.3804
v -0.442932 0.485992 -0.025829 0.9490 0.6315 0.3765
v -0.450592 0.485992 -0.025829 0.9568 0.6354 0.3765
v 0.442932 0.485992 -0.025829 0.9568 0.6276 0.3725
v 0.450592 0.485992 -0.025829 0.9607 0.6276 0.3765
v -0.433350 0.491730 -0.025829 0.9686 0.6393 0.3647
v -0.442932 0.491730 -0.025829 0.9686 0.6315 0.3647
v -0.450592 0.491730 -0.025829 0.9529 0.6315 0.3725
v 0.442932 0.491730 -0.025829 0.9686 0.6393 0.3725
v 0.450592 0.491730 -0.025829 0.9686 0.6432 0.3843
v -0.433350 0.493652 -0.025829 0.9647 0.6354 0.3686
v -0.442932 0.493652 -0.025829 0.9607 0.6354 0.3647
v -0.452484 0.493652 -0.025829 0.9529 0.6236 0.3725
v 0.433350 0.493652 -0.025829 0.9607 0.6393 0.3804
v 0.442932 0.493652 -0.025829 0.9725 0.6393 0.3725
v 0.452484 0.493652 -0.025829 0.9843 0.6432 0.3843
v -0.337707 0.505127 -0.025829 0.3372 0.2039 0.1255
v 0.337708 0.505127 -0.025829 0.8823 0.5725 0.3294
v -0.140625 0.528076 -0.025829 0.1451 0.1098 0.0980
v -0.163589 0.528076 -0.025829 0.1490 0.1098 0.1020
v -0.186554 0.528076 -0.025829 0.1490 0.1098 0.1020
v -0.209503 0.528076 -0.025829 0.1451 0.1059 0.0980
v -0.232468 0.528076 -0.025829 0.1255 0.0863 0.0784
v 0.140625 0.528076 -0.025829 0.1569 0.1176 0.1098
v 0.163589 0.528076 -0.025829 0.1530 0.1137 0.1059
v 0.186554 0.528076 -0.025829 0.1530 0.1137 0.1059
v 0.209503 0.528076 -0.025829 0.1530 0.1137 0.1059
v 0.232468 0.528076 -0.025829 0.1294 0.0902 0.0824
v -0.142548 0.619934 -0.025829 0.9490 0.6197 0.3451
v 0.142548 0.619934 -0.025829 0.9568 0.6236 0.3686
v -0.169327 0.673462 -0.025829 0.9725 0.6236 0.3568
v 0.169327 0.673462 -0.025829 0.9607 0.6315 0.3568
v -0.184631 0.719421 -0.025829 0.9019 0.5804 0.3216
v 0.184631 0.719421 -0.025829 0.8941 0.5725 0.3137
v -0.167419 0.729004 -0.025829 0.1059 0.0627 0.0510
v 0.171234 0.729004 -0.025829 0.1373 0.0745 0.0627
v 0.182724 0.729004 -0.025829 0.0863 0.0510 0.0549
v -0.186554 0.730896 -0.025829 0.1176 0.0627 0.0588
v 0.186554 0.730896 -0.025829 0.1020 0.0588 0.0549
v -0.186554 0.860962 -0.025829 0.3059 0.2627 0.1843
v 0.186554 0.860962 -0.025829 0.3216 0.2784 0.1922
v -0.134888 0.927979 -0.025829 0.3059 0.2627 0.1882
v 0.134888 0.927979 -0.025829 0.3333 0.2980 0.2157
v -0.060268 0.960449 -0.025829 0.3451 0.3019 0.2235
v 0.060268 0.960449 -0.025829 0.3255 0.2823 0.2039
v -0.031570 0.964294 -0.025829 0.3529 0.3098 0.2353
v 0.031570 0.964294 -0.025829 0.3490 0.3059 0.2275
v 0.083229 0.000000 -0.025829 0.9451 0.8470 0.7608
v -0.029656 0.047852 -0.027742 0.8941 0.7921 0.7137
v 0.029656 0.047852 -0.027742 0.8823 0.7843 0.7059
v -0.027743 0.049744 -0.027742 0.1137 0.0902 0.0745
v 0.027743 0.049744 -0.027742 0.2706 0.2353 0.2078
v -0.039223 0.082275 -0.027742 0.1373 0.1176 0.1059
v 0.039223 0.082275 -0.027742 0.1412 0.1216 0.1059
v -0.257355 0.445801 -0.027742 0.1098 0.0784 0.0667
v 0.257355 0.445801 -0.027742 0.1137 0.0824 0.0706
v -0.278381 0.447723 -0.027742 0.1137 0.0824 0.0706
v -0.299438 0.447723 -0.027742 0.1137 0.0824 0.0706
v 0.278381 0.447723 -0.027742 0.1098 0.0706 0.0627
v 0.299438 0.447723 -0.027742 0.1137 0.0824 0.0706
v -0.379791 0.468781 -0.027742 0.9568 0.6354 0.3804
v 0.379791 0.468781 -0.027742 0.9568 0.6276 0.3765
v -0.398926 0.470673 -0.027742 0.9529 0.6354 0.3804
v 0.398926 0.470673 -0.027742 0.9568 0.6393 0.3843
v -0.408478 0.474518 -0.027742 0.9568 0.6315 0.3725
v -0.458252 0.474518 -0.027742 0.9686 0.6432 0.3804
v -0.465881 0.474518 -0.027742 0.9686 0.6471 0.3882
v 0.408478 0.474518 -0.027742 0.9490 0.6315 0.3765
v 0.458252 0.474518 -0.027742 0.9843 0.6471 0.3725
v 0.465881 0.474518 -0.027742 0.9921 0.6628 0.3921
v -0.416138 0.476410 -0.027742 0.9529 0.6276 0.3686
v -0.423798 0.476410 -0.027742 0.9490 0.6276 0.3647
v -0.433350 0.476410 -0.027742 0.9568 0.6315 0.3765
v 0.416138 0.476410 -0.027742 0.9529 0.6315 0.3765
v 0.423798 0.476410 -0.027742 0.9529 0.6276 0.3765
v -0.465881 0.480255 -0.027742 0.9411 0.6315 0.3843
v 0.465881 0.480255 -0.027742 0.9882 0.6510 0.3804
v -0.465881 0.485992 -0.027742 0.9255 0.6276 0.3804
v 0.465881 0.485992 -0.027742 0.9764 0.6432 0.3804
v -0.460144 0.489807 -0.027742 0.9529 0.6354 0.3804
v 0.460144 0.489807 -0.027742 0.9647 0.6432 0.3843
v -0.425720 0.493652 -0.027742 0.9607 0.6315 0.3647
v -0.433350 0.493652 -0.027742 0.9647 0.6393 0.3686
v 0.425720 0.493652 -0.027742 0.9647 0.6432 0.3804
v 0.433350 0.493652 -0.027742 0.9647 0.6393 0.3804
v -0.416138 0.495544 -0.027742 0.9647 0.6432 0.3765
v -0.425720 0.495545 -0.027742 0.9607 0.6393 0.3686
v 0.416138 0.495544 -0.027742 0.9686 0.6432 0.3765
v 0.425720 0.495544 -0.027742 0.9647 0.6432 0.3804
v -0.255432 0.528076 -0.027742 0.1294 0.0902 0.0824
v -0.307098 0.528076 -0.027742 0.1333 0.0902 0.0824
v 0.307098 0.528076 -0.027742 0.1373 0.1020 0.0824
v -0.276459 0.529968 -0.027742 0.1255 0.0941 0.0824
v -0.297516 0.529968 -0.027742 0.1294 0.0980 0.0863
v 0.255432 0.529968 -0.027742 0.1294 0.0902 0.0824
v 0.276459 0.529968 -0.027742 0.1333 0.0941 0.0863
v 0.297516 0.529968 -0.027742 0.1294 0.0980 0.0863
v -0.129150 0.604614 -0.027742 0.9568 0.6157 0.3529
v 0.129150 0.604614 -0.027742 0.9529 0.6197 0.3647
v -0.159760 0.629456 -0.027742 0.9568 0.6236 0.3608
v 0.159759 0.629456 -0.027742 0.9607 0.6354 0.3686
v -0.173157 0.684998 -0.027742 0.9725 0.6236 0.3568
v 0.173157 0.684998 -0.027742 0.9568 0.6276 0.3529
v -0.180801 0.692627 -0.027742 0.9921 0.6354 0.3568
v 0.180801 0.692627 -0.027742 0.9333 0.6079 0.3490
v -0.188461 0.702209 -0.027742 0.9607 0.6197 0.3412
v 0.188461 0.702209 -0.027742 0.9529 0.6236 0.3490
v -0.192291 0.730896 -0.027742 0.1098 0.0588 0.0549
v 0.192291 0.730896 -0.027742 0.1059 0.0627 0.0549
v -0.198029 0.732788 -0.027742 0.1255 0.0706 0.0588
v 0.199936 0.734741 -0.027742 0.1216 0.0667 0.0588
v -0.207596 0.742371 -0.027742 0.1608 0.0863 0.0627
v 0.207596 0.744263 -0.027742 0.1765 0.1059 0.0902
v 0.198029 0.750000 -0.027742 0.1804 0.1059 0.0824
v -0.194199 0.755737 -0.027742 0.1922 0.1176 0.0941
v 0.194199 0.755737 -0.027742 0.2000 0.1137 0.0941
v -0.033482 0.960449 -0.027742 0.3372 0.2941 0.2157
v 0.033482 0.960449 -0.027742 0.3019 0.2588 0.1804
v -0.022004 0.011505 -0.029655 0.9882 0.8666 0.7647
v 0.022004 0.011505 -0.029655 0.9137 0.8078 0.7255
v -0.022004 0.026794 -0.029655 0.9451 0.8274 0.7333
v 0.022004 0.026795 -0.029655 0.8706 0.7608 0.6785
v -0.022004 0.028717 -0.029655 0.9451 0.8274 0.7333
v 0.022004 0.028717 -0.029655 0.8627 0.7529 0.6706
v -0.023917 0.032532 -0.029655 0.4706 0.4196 0.3490
v 0.023917 0.032532 -0.029655 0.3608 0.3137 0.2941
v -0.023917 0.034454 -0.029655 0.0706 0.0706 0.0627
v 0.023917 0.034454 -0.029655 0.0118 0.0196 0.0275
v -0.023917 0.038269 -0.029655 0.1059 0.0745 0.0667
v 0.023917 0.038269 -0.029655 0.0745 0.0627 0.0588
v -0.027743 0.042114 -0.029655 0.1412 0.1059 0.0902
v 0.027743 0.042114 -0.029655 0.8706 0.7451 0.6550
v -0.029656 0.045929 -0.029655 0.8823 0.7725 0.6941
v 0.029656 0.045929 -0.029655 0.8706 0.7725 0.6941
v -0.039223 0.086121 -0.029655 0.1059 0.0745 0.0627
v 0.039223 0.086121 -0.029655 0.1176 0.0863 0.0784
v -0.035397 0.107147 -0.029655 0.0941 0.0667 0.0471
v 0.035397 0.107147 -0.029655 0.1255 0.0902 0.0784
v -0.106186 0.109070 -0.029655 0.0980 0.0706 0.0588
v 0.106186 0.109070 -0.029655 0.1020 0.0784 0.0627
v -0.307098 0.451538 -0.029656 0.1294 0.0941 0.0745
v 0.307098 0.451538 -0.029655 0.1294 0.0902 0.0706
v -0.349182 0.464935 -0.029656 0.9843 0.6510 0.3961
v -0.366394 0.466858 -0.029656 0.9607 0.6315 0.3804
v 0.351105 0.466858 -0.029655 0.9411 0.6236 0.3686
v 0.366394 0.466858 -0.029655 0.9529 0.6354 0.3765
v -0.404663 0.503235 -0.029656 0.9686 0.6550 0.3765
v 0.404663 0.503235 -0.029655 0.9686 0.6432 0.3765
v -0.033482 0.535706 -0.029655 0.5333 0.3255 0.2000
v 0.033482 0.535706 -0.029655 0.5412 0.3412 0.1843
v -0.031570 0.543396 -0.029655 0.9490 0.5804 0.3372
v 0.031570 0.543396 -0.029655 0.9568 0.5961 0.3490
v -0.031570 0.554871 -0.029655 0.9372 0.5843 0.3294
v 0.031570 0.554871 -0.029655 0.9176 0.5647 0.3019
v -0.033482 0.564453 -0.029655 0.9529 0.6039 0.3451
v 0.033482 0.564453 -0.029655 0.9529 0.6079 0.3529
v -0.186554 0.654358 -0.029655 0.9647 0.6236 0.3529
v 0.186554 0.654358 -0.029655 0.9647 0.6432 0.3647
v -0.194199 0.709839 -0.029655 0.9176 0.5961 0.3372
v 0.194199 0.709839 -0.029655 0.9490 0.6236 0.3490
v -0.175064 0.721313 -0.029655 0.8627 0.5451 0.2941
v 0.175064 0.721313 -0.029655 0.8941 0.5647 0.3059
v -0.167419 0.727051 -0.029655 0.1530 0.0745 0.0588
v 0.169327 0.727051 -0.029655 0.2980 0.1216 0.0980
v -0.173157 0.730896 -0.029655 0.0980 0.0549 0.0510
v 0.173157 0.730896 -0.029655 0.1412 0.0706 0.0627
v -0.178894 0.878174 -0.029655 0.3412 0.2980 0.2196
v 0.178894 0.878174 -0.029655 0.3412 0.2980 0.2196
v -0.033482 0.960449 -0.029655 0.3255 0.2823 0.2039
v 0.033482 0.960449 -0.029655 0.3372 0.2941 0.2157
v 0.102363 0.000000 -0.031570 0.9490 0.8509 0.7647
v -0.025830 0.003845 -0.031570 0.9804 0.8784 0.7882
v 0.025830 0.003845 -0.031570 0.9529 0.8470 0.7647
v -0.125320 0.070801 -0.031570 0.8784 0.7921 0.7059
v 0.125320 0.070801 -0.031570 0.9137 0.8157 0.7372
v -0.127227 0.074615 -0.031570 0.7686 0.6980 0.6276
v 0.127227 0.074616 -0.031570 0.5137 0.4550 0.4157
v -0.310913 0.457275 -0.031570 0.1176 0.0824 0.0627
v 0.310913 0.457275 -0.031570 0.1255 0.0941 0.0784
v -0.322388 0.459198 -0.031570 0.1255 0.0863 0.0784
v -0.331970 0.459198 -0.031570 0.1804 0.1373 0.1098
v 0.322388 0.459198 -0.031570 0.0941 0.0745 0.0627
v 0.331970 0.459198 -0.031570 0.0235 0.0392 0.0627
v -0.452484 0.468781 -0.031571 0.9411 0.6236 0.3804
v -0.458252 0.468781 -0.031571 0.9451 0.6315 0.3921
v 0.452484 0.468781 -0.031570 0.9686 0.6432 0.3882
v 0.458252 0.468781 -0.031570 0.9725 0.6510 0.3882
v -0.423798 0.470673 -0.031571 0.9529 0.6276 0.3686
v -0.433349 0.470673 -0.031571 0.9529 0.6276 0.3686
v -0.442932 0.470673 -0.031571 0.9529 0.6276 0.3765
v 0.423798 0.470673 -0.031570 0.9490 0.6315 0.3765
v 0.433350 0.470673 -0.031570 0.9490 0.6315 0.3765
v 0.442932 0.470673 -0.031570 0.9607 0.6354 0.3882
v -0.416138 0.472595 -0.031570 0.9490 0.6236 0.3647
v 0.416138 0.472595 -0.031570 0.9490 0.6315 0.3765
v -0.469727 0.476410 -0.031571 0.9804 0.6667 0.4000
v 0.469727 0.476410 -0.031570 0.9921 0.6785 0.4078
v -0.471619 0.480255 -0.031571 0.9725 0.6550 0.3882
v 0.471619 0.480255 -0.031570 0.9804 0.6589 0.3961
v -0.471619 0.485992 -0.031571 0.9607 0.6471 0.3843
v 0.471619 0.485992 -0.031570 0.9568 0.6432 0.3843
v -0.467804 0.491730 -0.031571 0.9647 0.6471 0.3882
v 0.467804 0.491730 -0.031570 0.9568 0.6393 0.3725
v -0.460144 0.495544 -0.031571 0.9411 0.6276 0.3765
v 0.460144 0.495544 -0.031570 0.9921 0.6432 0.3804
v -0.433349 0.499390 -0.031571 0.9607 0.6354 0.3686
v -0.442932 0.499390 -0.031571 0.9647 0.6393 0.3725
v -0.452484 0.499390 -0.031571 0.9568 0.6393 0.3765
v 0.433350 0.499390 -0.031570 0.9647 0.6393 0.3725
v 0.442932 0.499390 -0.031570 0.9725 0.6471 0.3804
v 0.452484 0.499390 -0.031570 0.9882 0.6471 0.3765
v -0.351105 0.510864 -0.031570 0.9764 0.6471 0.3843
v 0.351105 0.510864 -0.031570 0.9647 0.6393 0.3647
v -0.322388 0.520447 -0.031570 0.1333 0.0941 0.0863
v -0.331970 0.520447 -0.031570 0.1725 0.1333 0.1020
v 0.322388 0.520447 -0.031570 0.1059 0.0863 0.0824
v 0.331970 0.520447 -0.031570 0.0353 0.0471 0.0745
v -0.310913 0.522339 -0.031570 0.1373 0.0980 0.0902
v 0.310913 0.522339 -0.031570 0.1216 0.0941 0.0784
v -0.175064 0.629456 -0.031570 0.9686 0.6354 0.3725
v 0.175064 0.629456 -0.031570 0.9647 0.6315 0.3686
v -0.148285 0.631409 -0.031570 0.9451 0.6118 0.3529
v 0.148285 0.631409 -0.031570 0.9451 0.6118 0.3568
v -0.190369 0.644775 -0.031570 0.9686 0.6276 0.3529
v 0.190369 0.644775 -0.031570 0.9725 0.6432 0.3608
v -0.180801 0.663940 -0.031570 0.9647 0.6197 0.3451
v 0.180801 0.663940 -0.031570 0.9647 0.6315 0.3647
v -0.167419 0.721313 -0.031570 0.8627 0.5333 0.3019
v -0.184631 0.721313 -0.031570 0.8784 0.5530 0.3019
v 0.167419 0.721313 -0.031570 0.8862 0.5530 0.3098
v 0.184631 0.721313 -0.031570 0.8902 0.5569 0.3059
v -0.176987 0.732788 -0.031570 0.0980 0.0549 0.0471
v 0.176987 0.732788 -0.031570 0.1137 0.0588 0.0549
v -0.092796 0.950928 -0.031570 0.3372 0.3059 0.2235
v 0.092796 0.950928 -0.031570 0.3255 0.2823 0.2000
v -0.037308 0.962402 -0.031570 0.3529 0.3098 0.2275
v 0.037308 0.962402 -0.031570 0.3333 0.2902 0.2118
v -0.010523 0.964294 -0.031570 0.3412 0.2980 0.2196
v 0.010523 0.964294 -0.031570 0.3216 0.2784 0.2000
v -0.102363 0.000000 -0.031570 0.9333 0.8470 0.7568
v -0.031571 0.000000 -0.033482 0.9804 0.8745 0.7921
v 0.031571 0.000000 -0.033482 0.9058 0.8117 0.7294
v -0.127227 0.057404 -0.033482 0.9960 0.8862 0.7921
v 0.127227 0.057404 -0.033482 0.9921 0.9098 0.8196
v -0.125320 0.080383 -0.033482 0.0667 0.0392 0.0392
v 0.125320 0.080383 -0.033482 0.0824 0.0471 0.0471
v -0.108100 0.086121 -0.033482 0.1373 0.1020 0.0902
v -0.121498 0.086121 -0.033482 0.1255 0.0863 0.0784
v 0.108101 0.086121 -0.033482 0.1333 0.0941 0.0863
v 0.121498 0.086121 -0.033482 0.1294 0.0902 0.0784
v -0.115753 0.088013 -0.033482 0.1294 0.0980 0.0902
v 0.115753 0.088013 -0.033482 0.1294 0.0941 0.0863
v -0.108100 0.089935 -0.033482 0.1098 0.0941 0.0824
v 0.108101 0.089935 -0.033482 0.0980 0.0784 0.0627
v -0.335785 0.463043 -0.033482 0.1922 0.1490 0.1333
v 0.335785 0.463043 -0.033482 0.1686 0.1333 0.1098
v -0.463989 0.470673 -0.033482 0.9451 0.6432 0.3882
v 0.463989 0.470673 -0.033482 0.9921 0.6589 0.3882
v -0.467804 0.472595 -0.033482 0.9882 0.6785 0.4157
v 0.467804 0.472595 -0.033482 0.9921 0.6863 0.4039
v -0.416138 0.499390 -0.033482 0.9686 0.6432 0.3725
v -0.425720 0.499390 -0.033482 0.9686 0.6432 0.3765
v 0.416138 0.499390 -0.033482 0.9647 0.6393 0.3725
v 0.425720 0.499390 -0.033482 0.9686 0.6432 0.3765
v -0.389343 0.508972 -0.033482 0.9725 0.6471 0.3725
v 0.389343 0.508972 -0.033482 0.9764 0.6550 0.3765
v -0.337707 0.510864 -0.033482 0.4510 0.2902 0.1765
v 0.337707 0.510864 -0.033482 0.8588 0.5490 0.3137
v -0.335785 0.516602 -0.033482 0.1569 0.1255 0.1059
v 0.335785 0.516602 -0.033482 0.3372 0.2667 0.2196
v -0.110016 0.535706 -0.033482 0.0980 0.0784 0.0667
v 0.110016 0.535706 -0.033482 0.0784 0.0588 0.0471
v -0.110016 0.541504 -0.033482 0.1216 0.0824 0.0745
v 0.110016 0.541504 -0.033482 0.1176 0.0784 0.0706
v -0.106186 0.545288 -0.033482 0.1294 0.0902 0.0824
v 0.106186 0.545288 -0.033482 0.1216 0.0824 0.0745
v -0.178894 0.673462 -0.033482 0.9686 0.6236 0.3451
v 0.178894 0.673462 -0.033482 0.9490 0.6236 0.3568
v -0.180801 0.681152 -0.033482 0.9764 0.6315 0.3529
v 0.180801 0.681152 -0.033482 0.9372 0.6236 0.3529
v -0.186554 0.688782 -0.033482 0.9686 0.6236 0.3451
v 0.186554 0.688782 -0.033482 0.9647 0.6236 0.3529
v -0.196121 0.696472 -0.033482 0.9568 0.6236 0.3451
v 0.196121 0.696472 -0.033482 0.9647 0.6354 0.3529
v -0.196121 0.717468 -0.033482 0.8941 0.5725 0.3255
v 0.196121 0.717468 -0.033482 0.9058 0.5921 0.3333
v -0.184631 0.734741 -0.033482 0.1059 0.0627 0.0549
v 0.184631 0.734741 -0.033482 0.0824 0.0510 0.0471
v -0.196121 0.744263 -0.033482 0.1804 0.1059 0.0824
v 0.196121 0.744263 -0.033482 0.1608 0.0941 0.0706
v -0.201858 0.759583 -0.033482 0.3294 0.2667 0.2000
v 0.201858 0.759583 -0.033482 0.2980 0.2471 0.1686
v -0.203766 0.763428 -0.033482 0.3451 0.2980 0.2118
v 0.203766 0.763428 -0.033482 0.3176 0.2745 0.1882
v -0.169327 0.895447 -0.033482 0.3333 0.2902 0.2039
v 0.167419 0.895447 -0.033482 0.3176 0.2745 0.1882
v -0.066010 0.958557 -0.033482 0.3255 0.2823 0.2039
v 0.066009 0.958557 -0.033482 0.3372 0.2941 0.2157
v -0.113838 0.000000 -0.035397 0.9333 0.8392 0.7451
v 0.113838 0.000000 -0.035397 0.9372 0.8392 0.7608
v -0.039223 0.000000 -0.035397 0.9372 0.8509 0.7608
v 0.039223 0.000000 -0.035397 0.9372 0.8392 0.7529
v -0.131057 0.053589 -0.035397 0.1530 0.1294 0.1255
v 0.131057 0.053589 -0.035397 0.1490 0.1098 0.1059
v -0.337707 0.468781 -0.035397 0.2863 0.1765 0.1098
v 0.337707 0.468781 -0.035397 0.8549 0.5569 0.3176
v -0.111931 0.531922 -0.035397 0.1137 0.0824 0.0706
v 0.111931 0.531921 -0.035397 0.1098 0.0863 0.0706
v -0.098534 0.549133 -0.035397 0.1294 0.0863 0.0784
v 0.098534 0.549133 -0.035397 0.1294 0.0902 0.0824
v -0.190369 0.639038 -0.035397 0.9725 0.6432 0.3686
v 0.190369 0.639038 -0.035397 0.9647 0.6393 0.3725
v -0.188461 0.667725 -0.035397 0.9647 0.6197 0.3490
v 0.188461 0.667725 -0.035397 0.9647 0.6354 0.3608
v -0.175064 0.723206 -0.035397 0.8470 0.5255 0.2706
v 0.175064 0.723206 -0.035397 0.8784 0.5294 0.2745
v -0.175064 0.729004 -0.035397 0.0824 0.0431 0.0392
v 0.175064 0.729004 -0.035397 0.1843 0.0784 0.0627
v -0.190369 0.738525 -0.035397 0.1333 0.0706 0.0588
v 0.190369 0.738525 -0.035397 0.1333 0.0706 0.0627
v -0.188461 0.755737 -0.035397 0.1765 0.1059 0.0902
v -0.196121 0.755737 -0.035397 0.1686 0.0980 0.0824
v 0.188461 0.755737 -0.035397 0.1686 0.1098 0.0902
v 0.196121 0.755737 -0.035397 0.1765 0.1020 0.0863
v -0.203766 0.774902 -0.035397 0.3333 0.2902 0.2118
v 0.203766 0.774902 -0.035397 0.3333 0.2902 0.2039
v -0.117668 0.939453 -0.035397 0.3372 0.2941 0.2157
v 0.117668 0.939453 -0.035397 0.3294 0.2863 0.2078
v 0.000957 0.960449 -0.035397 0.3216 0.2784 0.1961
v -0.004783 0.962402 -0.035397 0.3372 0.2941 0.2157
v -0.039223 0.962402 -0.035397 0.3372 0.2941 0.2157
v 0.004783 0.962402 -0.035397 0.3333 0.2902 0.2039
v 0.039223 0.962402 -0.035397 0.3372 0.2941 0.2157
v -0.127227 0.042114 -0.037308 0.7216 0.6197 0.5569
v 0.127227 0.042114 -0.037308 0.9098 0.8039 0.7059
v -0.131057 0.047852 -0.037308 0.0980 0.0824 0.0784
v 0.131057 0.047852 -0.037308 0.0980 0.0706 0.0706
v -0.058357 0.549133 -0.037308 0.1137 0.0824 0.0706
v 0.058357 0.549133 -0.037308 0.1176 0.0863 0.0745
v -0.090881 0.552979 -0.037308 0.1333 0.0902 0.0745
v 0.090881 0.552979 -0.037308 0.1373 0.0980 0.0784
v -0.062183 0.556763 -0.037308 0.1333 0.1020 0.0824
v 0.062183 0.556763 -0.037308 0.1451 0.1098 0.0902
v -0.085144 0.558716 -0.037308 0.1608 0.1137 0.0980
v 0.085144 0.558716 -0.037308 0.1608 0.1176 0.0980
v -0.066009 0.562500 -0.037308 0.1530 0.1176 0.0980
v 0.066010 0.562500 -0.037308 0.1530 0.1176 0.0980
v -0.079399 0.564453 -0.037308 0.1647 0.1255 0.1059
v 0.079399 0.564453 -0.037308 0.1686 0.1294 0.1059
v -0.073662 0.566345 -0.037308 0.1765 0.1333 0.1059
v 0.073662 0.566345 -0.037308 0.1843 0.1333 0.1059
v -0.140625 0.621826 -0.037308 0.9764 0.6118 0.3333
v 0.140625 0.621826 -0.037308 0.9764 0.6276 0.3608
v -0.171234 0.629456 -0.037308 0.9686 0.6354 0.3725
v 0.171234 0.629456 -0.037308 0.9725 0.6393 0.3725
v -0.157852 0.631409 -0.037308 0.9529 0.6157 0.3529
v 0.157852 0.631409 -0.037308 0.9686 0.6315 0.3686
v -0.196121 0.658203 -0.037308 0.9607 0.6276 0.3608
v 0.196121 0.658203 -0.037308 0.9882 0.6510 0.3647
v -0.192291 0.671570 -0.037308 0.9647 0.6236 0.3529
v 0.192291 0.671570 -0.037308 0.9647 0.6354 0.3608
v -0.192291 0.683044 -0.037308 0.9647 0.6236 0.3490
v 0.192291 0.683044 -0.037308 0.9607 0.6315 0.3568
v -0.203766 0.705994 -0.037308 0.9529 0.6197 0.3490
v 0.203766 0.705994 -0.037308 0.9607 0.6315 0.3568
v -0.194199 0.719421 -0.037308 0.8862 0.5490 0.3137
v 0.194199 0.719421 -0.037308 0.8941 0.5647 0.3098
v -0.184631 0.721313 -0.037308 0.8784 0.5255 0.3019
v 0.184631 0.721313 -0.037308 0.8941 0.5333 0.2980
v -0.184631 0.727051 -0.037308 0.0667 0.0314 0.0392
v 0.184631 0.727051 -0.037308 0.0588 0.0235 0.0392
v -0.014350 0.962402 -0.037308 0.3372 0.2941 0.2157
v 0.014350 0.962402 -0.037308 0.3412 0.2980 0.2196
v -0.121498 0.000000 -0.039223 0.9137 0.8196 0.7294
v -0.127227 0.036377 -0.039223 0.9019 0.7843 0.6902
v 0.127227 0.036377 -0.039223 0.8941 0.7843 0.6980
v -0.129150 0.044006 -0.039223 0.0627 0.0510 0.0549
v 0.129150 0.044006 -0.039223 0.1216 0.0745 0.0549
v -0.023917 0.078461 -0.039223 0.1255 0.1059 0.0902
v 0.023917 0.078461 -0.039223 0.1333 0.1137 0.1020
v -0.027743 0.082275 -0.039223 0.1530 0.1216 0.1098
v 0.027743 0.082275 -0.039223 0.1530 0.1216 0.1098
v -0.014350 0.176025 -0.039223 0.0941 0.0745 0.0588
v 0.014351 0.176025 -0.039223 0.1020 0.0824 0.0667
v -0.012437 0.187500 -0.039223 0.0863 0.0667 0.0510
v 0.012438 0.187500 -0.039223 0.0980 0.0784 0.0627
v -0.010523 0.200897 -0.039223 0.0902 0.0706 0.0549
v 0.010523 0.200897 -0.039223 0.0902 0.0706 0.0549
v -0.008610 0.214294 -0.039223 0.0863 0.0667 0.0510
v 0.008610 0.214294 -0.039223 0.0824 0.0627 0.0471
v -0.111930 0.216217 -0.039223 0.1373 0.1059 0.0980
v 0.111930 0.216217 -0.039223 0.1373 0.1059 0.0980
v -0.008610 0.225769 -0.039223 0.0863 0.0667 0.0510
v 0.008610 0.227692 -0.039223 0.0784 0.0588 0.0431
v -0.004783 0.235352 -0.039223 0.0902 0.0627 0.0510
v 0.004783 0.235352 -0.039223 0.0784 0.0510 0.0392
v -0.111930 0.237274 -0.039223 0.1412 0.1098 0.0980
v 0.000957 0.237274 -0.039223 0.0863 0.0627 0.0471
v 0.111930 0.237274 -0.039223 0.1412 0.1098 0.0980
v -0.110015 0.260223 -0.039223 0.1373 0.1059 0.0941
v 0.110015 0.260223 -0.039223 0.1333 0.1020 0.0902
v -0.110015 0.269775 -0.039223 0.1255 0.0902 0.0784
v 0.110015 0.269775 -0.039223 0.1255 0.0863 0.0784
v -0.113838 0.271698 -0.039223 0.1020 0.0706 0.0588
v 0.113838 0.271698 -0.039223 0.1098 0.0784 0.0667
v -0.123405 0.382660 -0.039223 0.1294 0.0902 0.0824
v 0.123405 0.382660 -0.039223 0.1255 0.0941 0.0824
v -0.119583 0.403717 -0.039223 0.1294 0.0902 0.0824
v 0.119583 0.403717 -0.039223 0.1294 0.0902 0.0824
v -0.117668 0.419006 -0.039223 0.1255 0.0863 0.0784
v 0.117668 0.419006 -0.039223 0.1255 0.0863 0.0784
v -0.442932 0.466858 -0.039223 0.9490 0.6315 0.3765
v -0.452484 0.466858 -0.039223 0.9451 0.6276 0.3765
v -0.458252 0.466858 -0.039223 0.9333 0.6276 0.3882
v 0.442932 0.466858 -0.039223 0.9490 0.6315 0.3843
v 0.452484 0.466858 -0.039223 0.9529 0.6354 0.3804
v 0.458252 0.466858 -0.039223 0.9764 0.6432 0.3882
v -0.423798 0.468781 -0.039223 0.9529 0.6276 0.3686
v -0.433349 0.468781 -0.039223 0.9529 0.6276 0.3765
v -0.463989 0.468781 -0.039223 0.9294 0.6393 0.3921
v 0.423798 0.468781 -0.039223 0.9490 0.6315 0.3765
v 0.433350 0.468781 -0.039223 0.9490 0.6315 0.3765
v 0.463989 0.468781 -0.039223 0.9882 0.6589 0.3843
v -0.387451 0.470673 -0.039223 0.9568 0.6276 0.3765
v -0.414246 0.470673 -0.039223 0.9568 0.6276 0.3765
v -0.467804 0.470673 -0.039223 0.9686 0.6785 0.4118
v 0.387451 0.470673 -0.039223 0.9607 0.6315 0.3804
v 0.414246 0.470673 -0.039223 0.9490 0.6276 0.3765
v 0.467804 0.470673 -0.039223 0.9843 0.6863 0.4000
v -0.471619 0.476410 -0.039223 0.9921 0.6824 0.4118
v 0.471619 0.476410 -0.039223 0.9960 0.6902 0.4078
v -0.473541 0.480255 -0.039223 0.9882 0.6628 0.3961
v 0.473541 0.480255 -0.039223 0.9921 0.6706 0.4078
v -0.473541 0.485992 -0.039223 0.9607 0.6432 0.3843
v 0.473541 0.485992 -0.039223 0.9647 0.6550 0.3921
v -0.467804 0.491730 -0.039223 0.9607 0.6432 0.3765
v 0.467804 0.491730 -0.039223 0.9647 0.6471 0.3843
v -0.460144 0.497467 -0.039223 0.9529 0.6393 0.3804
v 0.460144 0.497467 -0.039223 0.9804 0.6510 0.3882
v -0.425720 0.501282 -0.039223 0.9686 0.6432 0.3765
v -0.452484 0.501282 -0.039223 0.9647 0.6393 0.3725
v 0.425720 0.501282 -0.039223 0.9686 0.6432 0.3765
v 0.452484 0.501282 -0.039223 0.9764 0.6471 0.3804
v -0.433350 0.503235 -0.039223 0.9647 0.6432 0.3765
v -0.442932 0.503235 -0.039223 0.9568 0.6393 0.3647
v 0.433350 0.503235 -0.039223 0.9725 0.6432 0.3686
v 0.442932 0.503235 -0.039223 0.9725 0.6471 0.3804
v -0.033482 0.535706 -0.039223 0.5333 0.3451 0.2196
v -0.044964 0.535706 -0.039223 0.1098 0.0784 0.0667
v -0.054531 0.535706 -0.039223 0.1059 0.0745 0.0627
v 0.033482 0.535706 -0.039223 0.4432 0.2471 0.1176
v 0.044964 0.535706 -0.039223 0.1020 0.0784 0.0627
v 0.054531 0.535706 -0.039223 0.1059 0.0745 0.0627
v -0.054531 0.541504 -0.039223 0.1020 0.0706 0.0588
v 0.054531 0.541504 -0.039223 0.1059 0.0745 0.0627
v -0.033482 0.545288 -0.039223 0.9686 0.6079 0.3608
v 0.033482 0.545288 -0.039223 0.9725 0.6079 0.3686
v -0.033482 0.554871 -0.039223 0.9490 0.6079 0.3451
v 0.033482 0.554871 -0.039223 0.9490 0.6079 0.3451
v -0.033482 0.566345 -0.039223 0.9529 0.6079 0.3568
v 0.033482 0.566345 -0.039223 0.9490 0.6118 0.3529
v -0.113838 0.593140 -0.039223 0.9451 0.6000 0.3451
v 0.113838 0.593140 -0.039223 0.9490 0.6000 0.3412
v -0.129150 0.608459 -0.039223 0.9568 0.6000 0.3451
v 0.129150 0.608459 -0.039223 0.9647 0.6157 0.3490
v -0.199936 0.650513 -0.039223 0.9647 0.6354 0.3608
v 0.199936 0.650513 -0.039223 0.9686 0.6354 0.3725
v -0.194199 0.677307 -0.039223 0.9686 0.6276 0.3490
v 0.194199 0.677307 -0.039223 0.9647 0.6354 0.3608
v -0.201858 0.690735 -0.039223 0.9490 0.6197 0.3490
v 0.201858 0.690735 -0.039223 0.9804 0.6432 0.3568
v -0.201858 0.794006 -0.039223 0.3255 0.2823 0.2039
v 0.201858 0.794006 -0.039223 0.3255 0.2823 0.2039
v -0.155930 0.910706 -0.039223 0.3176 0.2823 0.2000
v 0.155930 0.910706 -0.039223 0.3216 0.2784 0.1922
v 0.052616 0.000000 -0.039223 0.9451 0.8470 0.7608
v -0.052616 0.000000 -0.039223 0.9451 0.8470 0.7608
v 0.121498 0.000000 -0.039223 0.9686 0.8706 0.7843
v -0.127227 0.003845 -0.041138 0.9490 0.8509 0.7647
v 0.127227 0.003845 -0.041138 0.9686 0.8706 0.7804
v -0.129150 0.011505 -0.041138 0.9568 0.8470 0.7529
v 0.129150 0.011505 -0.041138 0.9529 0.8431 0.7568
v -0.131057 0.026794 -0.041138 0.9411 0.8470 0.7647
v 0.131057 0.026794 -0.041138 0.9411 0.8353 0.7529
v -0.129150 0.028717 -0.041138 0.9333 0.8509 0.7725
v 0.129150 0.028717 -0.041138 0.9372 0.8431 0.7568
v -0.022004 0.065064 -0.041138 0.0941 0.0706 0.0706
v 0.022004 0.065064 -0.041138 0.0902 0.0745 0.0706
v -0.022004 0.066986 -0.041138 0.0941 0.0706 0.0706
v 0.022004 0.066986 -0.041138 0.0941 0.0784 0.0745
v -0.022004 0.068878 -0.041138 0.0941 0.0745 0.0627
v 0.022004 0.068878 -0.041138 0.0902 0.0784 0.0745
v -0.035397 0.084198 -0.041138 0.1294 0.1098 0.0980
v 0.035397 0.084198 -0.041138 0.1412 0.1098 0.0980
v -0.035397 0.088013 -0.041138 0.0902 0.0706 0.0549
v 0.035397 0.088013 -0.041138 0.1255 0.0941 0.0824
v -0.014350 0.135864 -0.041138 0.0902 0.0706 0.0549
v 0.014351 0.135864 -0.041138 0.1294 0.0980 0.0863
v 0.121498 0.137756 -0.041138 0.1569 0.1176 0.1098
v -0.020090 0.139679 -0.041138 0.0902 0.0667 0.0549
v -0.121498 0.139679 -0.041138 0.1608 0.1216 0.1137
v 0.020090 0.139679 -0.041138 0.1098 0.0863 0.0706
v -0.115753 0.141602 -0.041138 0.1098 0.0824 0.0745
v 0.115753 0.141602 -0.041138 0.1176 0.0902 0.0784
v -0.016264 0.158813 -0.041138 0.0980 0.0784 0.0627
v 0.016264 0.158814 -0.041138 0.1176 0.0863 0.0745
v -0.115753 0.168396 -0.041138 0.1333 0.1020 0.0902
v 0.115753 0.168396 -0.041138 0.1333 0.1020 0.0902
v -0.113838 0.195160 -0.041138 0.1333 0.1020 0.0941
v 0.113838 0.195160 -0.041138 0.1333 0.1020 0.0941
v -0.119583 0.271698 -0.041138 0.0980 0.0706 0.0627
v 0.119583 0.271698 -0.041138 0.1098 0.0784 0.0667
v -0.121498 0.277435 -0.041138 0.1333 0.0902 0.0824
v 0.121498 0.277435 -0.041138 0.1294 0.0902 0.0824
v -0.121498 0.286987 -0.041138 0.1333 0.0941 0.0863
v 0.121498 0.286987 -0.041138 0.1294 0.0902 0.0824
v -0.121498 0.298492 -0.041138 0.1255 0.0824 0.0745
v 0.121498 0.298492 -0.041138 0.1255 0.0824 0.0745
v -0.129150 0.355865 -0.041138 0.1294 0.0902 0.0863
v 0.129150 0.355865 -0.041138 0.1333 0.0941 0.0902
v -0.117668 0.430512 -0.041138 0.1216 0.0824 0.0667
v 0.117668 0.430511 -0.041138 0.1137 0.0824 0.0706
v -0.400848 0.470673 -0.041138 0.9568 0.6393 0.3804
v 0.400848 0.470673 -0.041138 0.9568 0.6393 0.3843
v -0.406586 0.472595 -0.041138 0.9490 0.6315 0.3725
v 0.406586 0.472595 -0.041138 0.9529 0.6276 0.3765
v -0.416138 0.501282 -0.041138 0.9725 0.6471 0.3725
v 0.416138 0.501282 -0.041138 0.9686 0.6432 0.3725
v -0.406586 0.505127 -0.041138 0.9764 0.6510 0.3765
v 0.406586 0.505127 -0.041138 0.9764 0.6510 0.3765
v -0.123405 0.531921 -0.041138 0.1333 0.1059 0.0824
v 0.123405 0.531921 -0.041138 0.1333 0.1020 0.0863
v -0.146362 0.631409 -0.041138 0.9411 0.5961 0.3451
v 0.146362 0.631409 -0.041138 0.9411 0.5961 0.3451
v -0.188461 0.635193 -0.041138 0.9804 0.6471 0.3568
v 0.188461 0.635193 -0.041138 0.9921 0.6510 0.3608
v -0.152115 0.639038 -0.041138 0.9529 0.6157 0.3529
v 0.152115 0.639038 -0.041138 0.9490 0.6157 0.3608
v -0.201858 0.665833 -0.041138 0.9529 0.6236 0.3608
v 0.201858 0.665833 -0.041138 0.9921 0.6510 0.3608
v -0.205673 0.683044 -0.041138 0.9411 0.6276 0.3568
v 0.205673 0.683044 -0.041138 0.9843 0.6393 0.3529
v -0.194199 0.721313 -0.041138 0.8823 0.5137 0.2980
v 0.194199 0.721313 -0.041138 0.8431 0.5059 0.2902
v -0.198029 0.727051 -0.041138 0.0745 0.0392 0.0471
v 0.198029 0.727051 -0.041138 0.0863 0.0510 0.0627
v -0.194199 0.740417 -0.041138 0.1843 0.1020 0.0824
v 0.194199 0.740417 -0.041138 0.1843 0.1098 0.0941
v -0.044964 0.960449 -0.041138 0.3451 0.3019 0.2235
v 0.044964 0.960449 -0.041138 0.3412 0.2980 0.2196
v -0.018177 0.962402 -0.041138 0.3333 0.2902 0.2039
v 0.018177 0.962402 -0.041138 0.3098 0.2667 0.1882
v -0.073662 0.000000 -0.043049 0.9451 0.8470 0.7608
v 0.073662 0.000000 -0.043049 0.9451 0.8470 0.7608
v -0.018177 0.109070 -0.043049 0.0824 0.0588 0.0471
v -0.108100 0.109070 -0.043049 0.1059 0.0706 0.0627
v -0.117668 0.109070 -0.043049 0.0824 0.0627 0.0471
v 0.018177 0.109070 -0.043049 0.1176 0.0863 0.0745
v 0.108101 0.109070 -0.043049 0.1098 0.0784 0.0667
v 0.117668 0.109070 -0.043049 0.1059 0.0745 0.0627
v 0.121498 0.110992 -0.043049 0.1176 0.0863 0.0745
v -0.121498 0.112885 -0.043049 0.1373 0.1020 0.0902
v -0.014350 0.120544 -0.043049 0.1020 0.0706 0.0588
v 0.014351 0.120544 -0.043049 0.1176 0.0980 0.0824
v 0.123405 0.122467 -0.043049 0.1451 0.1137 0.0980
v -0.123405 0.124390 -0.043049 0.1490 0.1098 0.1020
v -0.012437 0.132019 -0.043049 0.0980 0.0784 0.0627
v 0.012438 0.132019 -0.043049 0.1255 0.0980 0.0863
v -0.123405 0.133942 -0.043049 0.1490 0.1098 0.1020
v 0.123405 0.133942 -0.043049 0.1530 0.1137 0.1059
v -0.127227 0.300384 -0.043049 0.0941 0.0667 0.0549
v 0.125320 0.300384 -0.043049 0.1137 0.0784 0.0706
v -0.132980 0.315704 -0.043049 0.1373 0.0980 0.0902
v 0.132980 0.315704 -0.043049 0.1373 0.0980 0.0902
v -0.132980 0.330994 -0.043049 0.1333 0.0941 0.0902
v 0.132980 0.330994 -0.043049 0.1333 0.0941 0.0863
v -0.127228 0.434326 -0.043049 0.0667 0.0471 0.0353
v -0.144455 0.434326 -0.043049 0.0745 0.0549 0.0431
v 0.127228 0.434326 -0.043049 0.1765 0.1451 0.1333
v 0.144455 0.434326 -0.043049 0.1294 0.0941 0.0824
v -0.467804 0.472595 -0.043049 0.9764 0.6941 0.4118
v 0.467804 0.472595 -0.043049 0.9960 0.6941 0.4118
v -0.391266 0.508972 -0.043049 0.9764 0.6510 0.3765
v 0.391266 0.508972 -0.043049 0.9804 0.6550 0.3804
v -0.056442 0.570190 -0.043049 0.9607 0.6197 0.3568
v 0.056442 0.570190 -0.043049 0.9568 0.6118 0.3608
v -0.146362 0.600769 -0.043049 0.1765 0.1020 0.0863
v 0.146362 0.600769 -0.043049 0.1843 0.1020 0.0824
v -0.144455 0.612244 -0.043049 0.1647 0.0902 0.0745
v 0.144455 0.612244 -0.043049 0.2392 0.1412 0.1137
v -0.167419 0.633301 -0.043049 0.9647 0.6315 0.3686
v 0.167419 0.633301 -0.043049 0.9725 0.6393 0.3765
v -0.157852 0.637146 -0.043049 0.9568 0.6236 0.3608
v 0.157852 0.637146 -0.043049 0.9725 0.6393 0.3765
v -0.205673 0.675415 -0.043049 0.9490 0.6236 0.3529
v 0.205673 0.675415 -0.043049 0.9882 0.6432 0.3529
v -0.203766 0.711731 -0.043049 0.9098 0.5921 0.3451
v 0.203766 0.711731 -0.043049 0.9176 0.6039 0.3412
v -0.192291 0.753845 -0.043049 0.1843 0.1098 0.0863
v 0.192291 0.753845 -0.043049 0.1569 0.0824 0.0706
v -0.199936 0.816956 -0.043049 0.3098 0.2667 0.1804
v 0.199936 0.818909 -0.043049 0.3137 0.2706 0.1922
v -0.140625 0.924133 -0.043049 0.3255 0.2823 0.2039
v 0.140625 0.924133 -0.043049 0.3137 0.2706 0.1922
v -0.096619 0.947083 -0.043049 0.3137 0.2823 0.1922
v 0.096619 0.947083 -0.043049 0.3333 0.2902 0.2118
v -0.071747 0.956665 -0.043049 0.3529 0.3098 0.2314
v 0.071747 0.956665 -0.043049 0.3294 0.2863 0.2000
v -0.020090 0.960449 -0.043049 0.3019 0.2588 0.1804
v 0.020090 0.960449 -0.043049 0.3294 0.2863 0.2000
v -0.025830 0.057404 -0.044964 0.8784 0.7843 0.7059
v 0.025830 0.057404 -0.044964 0.9019 0.7921 0.7176
v -0.022004 0.059326 -0.044964 0.0980 0.0824 0.0745
v 0.022004 0.059326 -0.044964 0.0863 0.0667 0.0667
v -0.023917 0.107147 -0.044964 0.0784 0.0588 0.0431
v -0.033482 0.107147 -0.044964 0.0980 0.0745 0.0588
v 0.023917 0.107147 -0.044964 0.0784 0.0588 0.0471
v 0.033482 0.107147 -0.044964 0.1137 0.0784 0.0706
v -0.131057 0.306122 -0.044964 0.1294 0.0941 0.0824
v 0.131057 0.306122 -0.044964 0.1294 0.0902 0.0824
v -0.165497 0.436249 -0.044964 0.1137 0.0745 0.0667
v 0.165497 0.436249 -0.044964 0.1059 0.0745 0.0627
v -0.188461 0.438171 -0.044964 0.1137 0.0824 0.0706
v 0.188461 0.438171 -0.044964 0.1137 0.0824 0.0706
v -0.211426 0.440064 -0.044964 0.1176 0.0784 0.0706
v 0.211426 0.440064 -0.044964 0.1137 0.0824 0.0706
v -0.234375 0.441986 -0.044964 0.1137 0.0824 0.0706
v 0.234375 0.441986 -0.044964 0.1176 0.0784 0.0706
v -0.257355 0.443909 -0.044964 0.1137 0.0824 0.0706
v -0.278381 0.443909 -0.044964 0.1176 0.0863 0.0745
v -0.299438 0.443909 -0.044964 0.1216 0.0902 0.0784
v 0.257355 0.443909 -0.044964 0.1176 0.0824 0.0745
v 0.278381 0.443909 -0.044964 0.1137 0.0824 0.0706
v 0.299438 0.443909 -0.044964 0.1216 0.0902 0.0745
v -0.307098 0.449646 -0.044964 0.1333 0.0902 0.0745
v 0.307098 0.449646 -0.044964 0.1294 0.0902 0.0824
v -0.310913 0.455383 -0.044964 0.1255 0.0863 0.0667
v 0.310913 0.455383 -0.044964 0.1176 0.0863 0.0706
v -0.322388 0.457275 -0.044964 0.1294 0.0902 0.0824
v -0.331970 0.457275 -0.044964 0.1882 0.1373 0.1059
v 0.322388 0.457275 -0.044964 0.0941 0.0706 0.0706
v 0.331970 0.457275 -0.044964 0.0275 0.0392 0.0588
v -0.335785 0.461121 -0.044964 0.1843 0.1294 0.1020
v 0.335785 0.461121 -0.044964 0.1569 0.1176 0.1020
v -0.337707 0.468781 -0.044964 0.5843 0.3804 0.2510
v 0.337707 0.468781 -0.044964 0.8431 0.5490 0.3176
v -0.463989 0.470673 -0.044964 0.9647 0.6589 0.4000
v 0.463989 0.470673 -0.044964 0.9843 0.6706 0.4039
v -0.469727 0.476410 -0.044964 0.9960 0.6785 0.4039
v 0.469727 0.476410 -0.044964 0.9921 0.6902 0.4078
v -0.471619 0.485992 -0.044964 0.9607 0.6471 0.3882
v 0.471619 0.485992 -0.044964 0.9607 0.6510 0.3882
v -0.467804 0.491730 -0.044964 0.9607 0.6471 0.3725
v 0.467804 0.491730 -0.044964 0.9647 0.6471 0.3882
v -0.337707 0.512756 -0.044964 0.3843 0.2471 0.1608
v 0.337707 0.512756 -0.044964 0.8235 0.5255 0.2980
v -0.335785 0.518494 -0.044964 0.1451 0.1176 0.0980
v 0.335785 0.518494 -0.044964 0.2118 0.1882 0.1451
v -0.310913 0.524231 -0.044964 0.1294 0.0902 0.0824
v -0.322388 0.524231 -0.044964 0.1412 0.1020 0.0863
v -0.331970 0.524231 -0.044964 0.1882 0.1412 0.1137
v 0.310913 0.524231 -0.044964 0.1294 0.0941 0.0824
v 0.322388 0.524231 -0.044964 0.1137 0.0941 0.0824
v 0.331970 0.524231 -0.044964 0.0706 0.0667 0.0941
v -0.307098 0.529968 -0.044964 0.1373 0.0980 0.0902
v 0.307098 0.529968 -0.044964 0.1333 0.0980 0.0784
v -0.140625 0.531921 -0.044964 0.1412 0.1020 0.0941
v -0.163589 0.531921 -0.044964 0.1412 0.1020 0.0941
v -0.186554 0.531921 -0.044964 0.1333 0.1020 0.0902
v -0.209503 0.531921 -0.044964 0.1255 0.0941 0.0824
v -0.232468 0.531922 -0.044964 0.1255 0.0863 0.0784
v -0.255432 0.531922 -0.044964 0.1294 0.0902 0.0824
v 0.140625 0.531921 -0.044964 0.1373 0.1059 0.0941
v 0.163589 0.531921 -0.044964 0.1373 0.0980 0.0902
v 0.186554 0.531921 -0.044964 0.1373 0.1020 0.0863
v 0.209503 0.531921 -0.044964 0.1490 0.1098 0.1020
v 0.232468 0.531921 -0.044964 0.1333 0.0941 0.0863
v 0.255432 0.531922 -0.044964 0.1333 0.0941 0.0863
v -0.276459 0.533814 -0.044964 0.1294 0.0902 0.0824
v -0.297516 0.533814 -0.044964 0.1255 0.0863 0.0784
v 0.276459 0.533814 -0.044964 0.1294 0.0902 0.0824
v 0.297516 0.533814 -0.044964 0.1333 0.1020 0.0902
v -0.083229 0.577820 -0.044964 0.9568 0.6039 0.3451
v 0.083229 0.577820 -0.044964 0.9686 0.5961 0.3451
v -0.136795 0.593140 -0.044964 0.1569 0.0824 0.0667
v 0.136795 0.593140 -0.044964 0.1765 0.0941 0.0745
v -0.132980 0.602722 -0.044964 0.1490 0.0902 0.0784
v 0.132980 0.602722 -0.044964 0.2314 0.1412 0.1098
v -0.140625 0.621826 -0.044964 0.2549 0.1373 0.0980
v 0.140625 0.621826 -0.044964 0.2118 0.1137 0.0902
v -0.150192 0.639038 -0.044964 0.9490 0.6118 0.3529
v 0.150192 0.639038 -0.044964 0.9372 0.6118 0.3529
v -0.155930 0.644775 -0.044964 0.9451 0.6118 0.3568
v 0.155930 0.644775 -0.044964 0.9568 0.6197 0.3647
v -0.201858 0.646729 -0.044964 0.9764 0.6471 0.3725
v 0.201858 0.646729 -0.044964 0.9804 0.6510 0.3765
v -0.209503 0.696472 -0.044964 0.9568 0.6236 0.3451
v 0.209503 0.696472 -0.044964 0.9686 0.6315 0.3608
v -0.006697 0.962402 -0.044964 0.3372 0.2941 0.2078
v 0.006697 0.962402 -0.044964 0.3412 0.2980 0.2118
v -0.020090 0.051666 -0.046875 0.1137 0.0941 0.0784
v 0.020091 0.051666 -0.046875 0.0980 0.0824 0.0784
v -0.025830 0.053589 -0.046875 0.8431 0.7490 0.6863
v 0.025830 0.053589 -0.046875 0.8509 0.7568 0.6863
v -0.108100 0.086121 -0.046875 0.1333 0.0941 0.0863
v 0.108101 0.086121 -0.046875 0.1255 0.0941 0.0824
v -0.108100 0.089935 -0.046875 0.0941 0.0667 0.0588
v 0.108101 0.089935 -0.046875 0.1098 0.0784 0.0706
v -0.351105 0.468781 -0.046875 0.9686 0.6393 0.3882
v -0.452484 0.468781 -0.046875 0.9451 0.6276 0.3765
v -0.460144 0.468781 -0.046875 0.9451 0.6354 0.3882
v 0.351105 0.468781 -0.046875 0.9451 0.6276 0.3725
v 0.452484 0.468781 -0.046875 0.9607 0.6354 0.3804
v 0.460144 0.468781 -0.046875 0.9804 0.6432 0.3882
v -0.423798 0.470673 -0.046875 0.9490 0.6315 0.3725
v -0.433350 0.470673 -0.046875 0.9490 0.6315 0.3725
v -0.442932 0.470673 -0.046875 0.9490 0.6315 0.3765
v 0.423798 0.470673 -0.046875 0.9490 0.6315 0.3765
v 0.433350 0.470673 -0.046875 0.9529 0.6354 0.3804
v 0.442932 0.470673 -0.046875 0.9529 0.6354 0.3804
v -0.471619 0.480255 -0.046875 0.9921 0.6628 0.3921
v 0.471619 0.480255 -0.046875 0.9882 0.6667 0.4000
v -0.460144 0.495544 -0.046875 0.9411 0.6315 0.3804
v 0.460144 0.495544 -0.046875 0.9960 0.6510 0.3725
v -0.416138 0.499390 -0.046875 0.9725 0.6471 0.3725
v -0.425720 0.499390 -0.046875 0.9725 0.6471 0.3765
v -0.433350 0.499390 -0.046875 0.9764 0.6510 0.3765
v -0.442932 0.499390 -0.046875 0.9686 0.6432 0.3725
v -0.452484 0.499390 -0.046875 0.9529 0.6354 0.3804
v 0.416138 0.499390 -0.046875 0.9725 0.6471 0.3765
v 0.425720 0.499390 -0.046875 0.9725 0.6471 0.3804
v 0.433350 0.499390 -0.046875 0.9686 0.6471 0.3804
v 0.442932 0.499390 -0.046875 0.9647 0.6432 0.3765
v 0.452484 0.499390 -0.046875 0.9764 0.6471 0.3804
v -0.351105 0.512756 -0.046875 0.9804 0.6471 0.3843
v -0.372131 0.512756 -0.046875 0.9725 0.6471 0.3725
v 0.351105 0.512756 -0.046875 0.9647 0.6432 0.3568
v 0.372131 0.512756 -0.046875 0.9764 0.6510 0.3765
v -0.033482 0.537659 -0.046875 0.6589 0.4157 0.2510
v 0.033482 0.537659 -0.046875 0.3882 0.2235 0.1255
v -0.031570 0.545288 -0.046875 0.9647 0.6118 0.3647
v 0.031570 0.545288 -0.046875 0.9725 0.6197 0.3765
v -0.031570 0.556763 -0.046875 0.9529 0.6118 0.3490
v 0.031570 0.556763 -0.046875 0.9568 0.6118 0.3608
v -0.115753 0.598877 -0.046875 0.9529 0.5961 0.3529
v 0.115753 0.598877 -0.046875 0.9451 0.6000 0.3529
v -0.129150 0.610352 -0.046875 0.8784 0.5882 0.4078
v 0.129150 0.610352 -0.046875 0.8274 0.5412 0.3412
v -0.150192 0.619934 -0.046875 0.1725 0.0980 0.0902
v 0.152115 0.619934 -0.046875 0.2157 0.1294 0.1059
v -0.148285 0.631409 -0.046875 0.2275 0.1216 0.0902
v 0.148285 0.631409 -0.046875 0.1843 0.1137 0.0902
v -0.163589 0.639038 -0.046875 0.9568 0.6236 0.3608
v 0.163589 0.639038 -0.046875 0.9686 0.6354 0.3725
v -0.157852 0.642883 -0.046875 0.9529 0.6079 0.3568
v 0.157852 0.642883 -0.046875 0.9647 0.6197 0.3647
v -0.207596 0.660095 -0.046875 0.9686 0.6354 0.3725
v 0.207596 0.660095 -0.046875 0.9647 0.6393 0.3725
v -0.203766 0.713684 -0.046875 0.9019 0.5804 0.3333
v 0.203766 0.713684 -0.046875 0.8902 0.5608 0.3098
v -0.201858 0.730896 -0.046875 0.1647 0.0941 0.0863
v 0.201858 0.730896 -0.046875 0.1608 0.0902 0.0824
v -0.196121 0.838013 -0.046875 0.2902 0.2549 0.1725
v 0.196121 0.838013 -0.046875 0.3333 0.2902 0.2118
v -0.048790 0.960449 -0.046875 0.3176 0.2863 0.2039
v 0.000957 0.960449 -0.046875 0.3294 0.2863 0.2000
v 0.048790 0.960449 -0.046875 0.3372 0.2941 0.2157
v -0.022003 0.962402 -0.046875 0.3372 0.2941 0.2078
v 0.023916 0.962402 -0.046875 0.3333 0.2902 0.2118
v -0.018177 0.044006 -0.048790 0.1020 0.0863 0.0745
v 0.018177 0.044006 -0.048790 0.0941 0.0706 0.0667
v -0.121498 0.061249 -0.048790 0.9804 0.8627 0.7608
v 0.121498 0.061249 -0.048790 0.9882 0.8902 0.8039
v -0.119583 0.066986 -0.048790 0.9294 0.8157 0.7176
v 0.119583 0.066986 -0.048790 0.9647 0.8627 0.7804
v -0.115753 0.086121 -0.048790 0.1412 0.1020 0.0941
v 0.115753 0.086121 -0.048790 0.1373 0.1020 0.0941
v -0.370239 0.470673 -0.048790 0.9529 0.6354 0.3765
v 0.370239 0.470673 -0.048790 0.9607 0.6315 0.3765
v -0.414246 0.472595 -0.048790 0.9490 0.6315 0.3725
v 0.414246 0.472595 -0.048790 0.9529 0.6354 0.3804
v -0.465881 0.476410 -0.048790 0.9921 0.6706 0.4078
v 0.465881 0.476410 -0.048790 0.9882 0.6824 0.4039
v -0.465881 0.485992 -0.048790 0.9607 0.6432 0.3843
v 0.465881 0.485992 -0.048790 0.9607 0.6471 0.3843
v -0.033482 0.566345 -0.048790 0.9529 0.6000 0.3490
v 0.033482 0.566345 -0.048790 0.9568 0.6157 0.3568
v -0.142548 0.583557 -0.048790 0.1451 0.0706 0.0549
v 0.142548 0.583557 -0.048790 0.1451 0.0706 0.0510
v -0.152115 0.606506 -0.048790 0.1647 0.1059 0.0941
v 0.152115 0.606506 -0.048790 0.1765 0.1059 0.1059
v -0.182724 0.633301 -0.048790 0.9725 0.6393 0.3647
v 0.182724 0.633301 -0.048790 0.9764 0.6471 0.3725
v -0.150192 0.637146 -0.048790 0.1961 0.1059 0.0863
v 0.150192 0.637146 -0.048790 0.1608 0.1020 0.0941
v -0.152115 0.642883 -0.048790 0.8862 0.5647 0.3333
v -0.163589 0.642883 -0.048790 0.9451 0.6118 0.3608
v 0.152115 0.642883 -0.048790 0.8000 0.5333 0.3529
v 0.163589 0.642883 -0.048790 0.9490 0.6157 0.3608
v -0.157852 0.650513 -0.048790 0.9255 0.6000 0.3608
v 0.157852 0.650513 -0.048790 0.9411 0.6079 0.3568
v -0.211426 0.673462 -0.048790 0.9607 0.6315 0.3568
v 0.211426 0.673462 -0.048790 0.9686 0.6393 0.3647
v -0.213333 0.684998 -0.048790 0.9725 0.6276 0.3529
v 0.213333 0.684998 -0.048790 0.9686 0.6354 0.3647
v -0.207596 0.719421 -0.048790 0.0941 0.0510 0.0667
v 0.207596 0.719421 -0.048790 0.1686 0.1020 0.0902
v -0.196121 0.742371 -0.048790 0.2118 0.1255 0.1098
v 0.196121 0.742371 -0.048790 0.2078 0.1255 0.1059
v -0.121498 0.935608 -0.048790 0.3372 0.2941 0.2157
v 0.121498 0.935608 -0.048790 0.3255 0.2823 0.2039
v -0.094711 0.000000 -0.050701 0.9411 0.8431 0.7568
v -0.018177 0.003845 -0.050701 0.9764 0.8902 0.8000
v 0.018177 0.003845 -0.050701 0.9294 0.8274 0.7490
v -0.014350 0.013397 -0.050701 0.9411 0.8431 0.7568
v 0.014352 0.013397 -0.050701 0.9411 0.8431 0.7608
v -0.014350 0.026794 -0.050701 0.9137 0.8078 0.7255
v 0.014352 0.026795 -0.050701 0.9019 0.8000 0.7176
v -0.016264 0.030609 -0.050701 0.8902 0.7921 0.7059
v 0.016264 0.030609 -0.050701 0.8627 0.7568 0.6745
v -0.016264 0.038269 -0.050701 0.0824 0.0667 0.0627
v 0.016264 0.038269 -0.050701 0.0706 0.0549 0.0431
v -0.125320 0.070801 -0.050701 0.6902 0.6079 0.5530
v 0.125320 0.070801 -0.050701 0.1451 0.0980 0.0627
v -0.125320 0.076538 -0.050701 0.0706 0.0510 0.0510
v 0.125320 0.076538 -0.050701 0.0824 0.0588 0.0510
v -0.121498 0.082275 -0.050701 0.1255 0.0863 0.0824
v 0.121498 0.082275 -0.050701 0.1294 0.0941 0.0824
v -0.460144 0.476410 -0.050701 0.9725 0.6471 0.4078
v 0.460144 0.476410 -0.050701 0.9725 0.6550 0.4000
v -0.465881 0.482178 -0.050701 0.9725 0.6432 0.3804
v 0.465881 0.482178 -0.050701 0.9725 0.6510 0.3882
v -0.460144 0.489807 -0.050701 0.9529 0.6354 0.3765
v 0.460144 0.489807 -0.050701 0.9607 0.6471 0.3843
v -0.150192 0.589294 -0.050701 0.1608 0.0902 0.0784
v 0.150192 0.589294 -0.050701 0.1490 0.0824 0.0706
v -0.121498 0.595032 -0.050701 0.1608 0.0980 0.0863
v 0.121498 0.595032 -0.050701 0.2118 0.1333 0.1098
v -0.154022 0.621826 -0.050701 0.1804 0.1059 0.0980
v 0.154022 0.621826 -0.050701 0.2039 0.1176 0.1020
v -0.152115 0.635193 -0.050701 0.1804 0.1098 0.0941
v 0.154022 0.635193 -0.050701 0.1882 0.1098 0.0980
v -0.163589 0.646729 -0.050701 0.9294 0.5961 0.3490
v 0.163589 0.646729 -0.050701 0.9255 0.5961 0.3529
v -0.211426 0.700256 -0.050701 0.9333 0.6197 0.3490
v 0.211426 0.700256 -0.050701 0.9411 0.6276 0.3568
v -0.201858 0.713684 -0.050701 0.8980 0.5647 0.3216
v -0.205673 0.713684 -0.050701 0.8980 0.5530 0.3137
v 0.201858 0.713684 -0.050701 0.8039 0.4823 0.2902
v 0.205673 0.713684 -0.050701 0.5843 0.3686 0.2627
v -0.190369 0.857178 -0.050701 0.3451 0.3019 0.2235
v 0.190369 0.857178 -0.050701 0.3568 0.3137 0.2275
v -0.006697 0.958557 -0.050701 0.3412 0.3019 0.2235
v 0.006697 0.958557 -0.050701 0.3019 0.2588 0.1765
v -0.025829 0.962402 -0.050701 0.3372 0.2941 0.2157
v 0.025829 0.962402 -0.050701 0.3372 0.2941 0.2078
v 0.094711 0.000000 -0.050701 0.9490 0.8509 0.7647
v -0.033482 0.001923 -0.052616 0.9411 0.8509 0.7686
v 0.023917 0.001923 -0.052616 0.8784 0.7921 0.7098
v 0.033482 0.001923 -0.052616 0.9372 0.8431 0.7568
v -0.023917 0.001923 -0.052616 0.9882 0.8823 0.8000
v -0.125320 0.057404 -0.052616 0.1294 0.1059 0.1020
v 0.125320 0.057404 -0.052616 0.1176 0.0902 0.0902
v -0.387451 0.470673 -0.052616 0.9647 0.6354 0.3843
v -0.400848 0.470673 -0.052616 0.9568 0.6315 0.3725
v 0.387451 0.470673 -0.052616 0.9568 0.6315 0.3725
v 0.400848 0.470673 -0.052616 0.9529 0.6354 0.3804
v -0.408478 0.474518 -0.052616 0.9568 0.6354 0.3765
v 0.408478 0.474518 -0.052616 0.9568 0.6354 0.3765
v -0.416138 0.476410 -0.052616 0.9451 0.6276 0.3686
v -0.423798 0.476410 -0.052616 0.9490 0.6315 0.3725
v -0.433350 0.476410 -0.052616 0.9490 0.6315 0.3725
v -0.442932 0.476410 -0.052616 0.9490 0.6276 0.3686
v -0.452484 0.476410 -0.052616 0.9686 0.6471 0.3961
v 0.416138 0.476410 -0.052616 0.9607 0.6354 0.3843
v 0.423798 0.476410 -0.052616 0.9607 0.6315 0.3804
v 0.433350 0.476410 -0.052616 0.9490 0.6315 0.3765
v 0.442932 0.476410 -0.052616 0.9490 0.6354 0.3843
v 0.452484 0.476410 -0.052616 0.9764 0.6471 0.3921
v -0.460144 0.484070 -0.052616 0.9607 0.6432 0.3843
v 0.460144 0.484070 -0.052616 0.9647 0.6471 0.3882
v -0.452484 0.485993 -0.052616 0.9490 0.6315 0.3725
v 0.452484 0.485992 -0.052616 0.9607 0.6393 0.3804
v -0.425720 0.493652 -0.052616 0.9686 0.6354 0.3725
v -0.433350 0.493652 -0.052616 0.9647 0.6315 0.3686
v -0.442932 0.493653 -0.052616 0.9647 0.6315 0.3647
v -0.452484 0.493652 -0.052616 0.9568 0.6276 0.3765
v 0.425720 0.493652 -0.052616 0.9725 0.6432 0.3686
v 0.433350 0.493652 -0.052616 0.9647 0.6315 0.3686
v 0.442932 0.493652 -0.052616 0.9647 0.6393 0.3725
v 0.452484 0.493652 -0.052616 0.9686 0.6393 0.3765
v -0.416138 0.495544 -0.052616 0.9647 0.6393 0.3686
v -0.425720 0.495545 -0.052616 0.9607 0.6393 0.3725
v -0.433350 0.495545 -0.052616 0.9647 0.6354 0.3725
v 0.416138 0.495544 -0.052616 0.9686 0.6432 0.3725
v 0.425720 0.495544 -0.052616 0.9686 0.6432 0.3725
v 0.433350 0.495544 -0.052616 0.9686 0.6393 0.3725
v -0.406586 0.503235 -0.052616 0.9647 0.6471 0.3686
v 0.406586 0.503235 -0.052616 0.9686 0.6471 0.3725
v -0.391266 0.508972 -0.052616 0.9725 0.6471 0.3725
v 0.391266 0.508972 -0.052616 0.9686 0.6550 0.3765
v -0.125320 0.587402 -0.052616 0.1451 0.0745 0.0667
v 0.125320 0.587402 -0.052616 0.1922 0.1020 0.0784
v -0.117668 0.600769 -0.052616 0.6236 0.4000 0.2667
v 0.117668 0.600769 -0.052616 0.3765 0.2392 0.1686
v -0.161682 0.637146 -0.052616 0.1961 0.1176 0.1059
v -0.178894 0.637146 -0.052616 0.9607 0.6118 0.3333
v 0.161682 0.637146 -0.052616 0.2039 0.1216 0.1098
v 0.178894 0.637146 -0.052616 0.9921 0.6706 0.3804
v -0.198029 0.642883 -0.052616 0.9882 0.6589 0.3725
v 0.198029 0.642883 -0.052616 0.9921 0.6706 0.3804
v -0.155930 0.646729 -0.052616 0.2078 0.1255 0.1020
v -0.161682 0.646729 -0.052616 0.2471 0.1490 0.1098
v 0.155930 0.646729 -0.052616 0.1882 0.1176 0.1059
v 0.161682 0.646729 -0.052616 0.3412 0.2000 0.1373
v -0.209503 0.658203 -0.052616 0.9725 0.6471 0.3765
v 0.209503 0.658203 -0.052616 0.9686 0.6432 0.3765
v -0.207596 0.725159 -0.052616 0.1451 0.0902 0.0824
v 0.207596 0.725159 -0.052616 0.1686 0.1020 0.0902
v -0.201858 0.732788 -0.052616 0.2039 0.1294 0.1059
v 0.201858 0.732788 -0.052616 0.2118 0.1255 0.1059
v -0.180801 0.874390 -0.052616 0.2941 0.2510 0.1725
v 0.180801 0.874390 -0.052616 0.3333 0.2902 0.2118
v -0.075577 0.954712 -0.052616 0.3451 0.3176 0.2353
v 0.075577 0.954712 -0.052616 0.3255 0.2823 0.2039
v 0.000957 0.958557 -0.052616 0.3372 0.2941 0.2157
v -0.108100 0.000000 -0.054531 0.9411 0.8431 0.7568
v 0.044964 0.001923 -0.054531 0.9451 0.8470 0.7608
v -0.044964 0.001923 -0.054531 0.9490 0.8509 0.7647
v -0.119583 0.045929 -0.054531 0.9255 0.8039 0.7216
v 0.119583 0.045929 -0.054531 0.9058 0.7921 0.7098
v -0.123405 0.047852 -0.054531 0.2235 0.1804 0.1569
v 0.123405 0.047852 -0.054531 0.8627 0.7725 0.6785
v -0.125320 0.053589 -0.054531 0.1059 0.0941 0.0980
v 0.125320 0.053589 -0.054531 0.0863 0.0667 0.0667
v -0.027743 0.088013 -0.054531 0.1490 0.1176 0.1020
v -0.035397 0.088013 -0.054531 0.1255 0.1020 0.0902
v 0.027743 0.088013 -0.054531 0.1490 0.1216 0.1098
v 0.035397 0.088013 -0.054531 0.1294 0.1098 0.0941
v -0.035397 0.089935 -0.054531 0.0980 0.0784 0.0667
v 0.035397 0.089935 -0.054531 0.0980 0.0784 0.0627
v -0.452484 0.476410 -0.054531 0.9647 0.6393 0.3804
v 0.452484 0.476410 -0.054531 0.9725 0.6432 0.3843
v -0.452484 0.493652 -0.054531 0.9529 0.6354 0.3765
v 0.452484 0.493652 -0.054531 0.9647 0.6354 0.3804
v -0.043049 0.537659 -0.054531 0.1098 0.0784 0.0667
v 0.043049 0.537659 -0.054531 0.1059 0.0745 0.0627
v -0.161682 0.623718 -0.054531 0.1843 0.1020 0.0784
v 0.161682 0.623718 -0.054531 0.2078 0.1137 0.0863
v -0.155930 0.637146 -0.054531 0.1922 0.1176 0.0980
v -0.167419 0.637146 -0.054531 0.1922 0.1176 0.1020
v 0.155930 0.637146 -0.054531 0.1882 0.1137 0.0980
v 0.167419 0.637146 -0.054531 0.2000 0.1176 0.1020
v -0.173157 0.642883 -0.054531 0.9451 0.6079 0.3568
v 0.173157 0.642883 -0.054531 0.9764 0.6354 0.3725
v -0.171234 0.644775 -0.054531 0.9333 0.6000 0.3490
v 0.171234 0.646729 -0.054531 0.9647 0.6197 0.3725
v -0.167419 0.648621 -0.054531 0.8588 0.5530 0.3255
v -0.169327 0.648621 -0.054531 0.9255 0.5961 0.3490
v 0.167419 0.648621 -0.054531 0.6393 0.4157 0.2706
v 0.169327 0.648621 -0.054531 0.8941 0.5804 0.3412
v -0.215240 0.686890 -0.054531 0.9607 0.6432 0.3608
v 0.215240 0.686890 -0.054531 0.9686 0.6354 0.3725
v -0.052616 0.958557 -0.054531 0.3372 0.2941 0.2157
v 0.052616 0.958557 -0.054531 0.3216 0.2784 0.2000
v -0.008610 0.960449 -0.054531 0.3176 0.2745 0.1961
v 0.008610 0.960449 -0.054531 0.3333 0.2902 0.2039
v 0.108101 0.000000 -0.054531 0.9451 0.8470 0.7647
v -0.119583 0.042114 -0.056442 0.9294 0.8039 0.7098
v 0.119583 0.042114 -0.056442 0.9098 0.8000 0.7137
v -0.022004 0.084198 -0.056442 0.1451 0.1137 0.1020
v 0.022004 0.084198 -0.056442 0.1412 0.1098 0.0980
v -0.106186 0.109070 -0.056442 0.1098 0.0824 0.0706
v 0.106186 0.109070 -0.056442 0.1137 0.0824 0.0706
v 0.111930 0.168396 -0.056442 0.1294 0.0980 0.0863
v -0.111930 0.170288 -0.056442 0.1333 0.1020 0.0902
v -0.110015 0.195160 -0.056442 0.1373 0.1059 0.0980
v 0.110015 0.195160 -0.056442 0.1333 0.1020 0.0941
v -0.014350 0.204742 -0.056442 0.1412 0.1098 0.1020
v 0.014350 0.204742 -0.056442 0.0627 0.0314 0.0196
v -0.012437 0.216217 -0.056442 0.1451 0.1137 0.1020
v -0.110015 0.216217 -0.056442 0.1373 0.1059 0.0980
v 0.012437 0.216217 -0.056442 0.0392 0.0196 0.0039
v 0.110015 0.216217 -0.056442 0.1373 0.1059 0.0941
v -0.010523 0.229614 -0.056442 0.1294 0.0980 0.0863
v 0.010523 0.229614 -0.056442 0.0549 0.0353 0.0196
v -0.006697 0.237274 -0.056442 0.1176 0.0902 0.0784
v -0.108100 0.237274 -0.056442 0.1412 0.1098 0.0980
v 0.006697 0.237274 -0.056442 0.0549 0.0314 0.0196
v 0.108100 0.237274 -0.056442 0.1412 0.1098 0.0980
v 0.000957 0.239182 -0.056442 0.0784 0.0471 0.0431
v -0.108100 0.260223 -0.056442 0.1373 0.1059 0.0941
v 0.108100 0.260223 -0.056442 0.1333 0.1020 0.0902
v -0.106185 0.271698 -0.056442 0.1137 0.0863 0.0745
v 0.106186 0.271698 -0.056442 0.1176 0.0863 0.0745
v -0.335785 0.463043 -0.056442 0.1804 0.1294 0.1176
v 0.335785 0.463043 -0.056442 0.1843 0.1530 0.1294
v -0.337708 0.468781 -0.056442 0.5176 0.3176 0.1804
v 0.337707 0.468780 -0.056442 0.8000 0.5255 0.3216
v -0.414246 0.472595 -0.056442 0.9529 0.6315 0.3725
v 0.414246 0.472595 -0.056442 0.9529 0.6315 0.3804
v -0.460144 0.480255 -0.056442 0.9882 0.6628 0.3961
v 0.460144 0.480255 -0.056442 0.9882 0.6628 0.3961
v -0.460144 0.485993 -0.056442 0.9607 0.6471 0.3882
v 0.460144 0.485992 -0.056442 0.9568 0.6471 0.3882
v 0.460144 0.489807 -0.056442 0.9607 0.6471 0.3843
v -0.460144 0.491730 -0.056442 0.9568 0.6432 0.3725
v -0.337707 0.510864 -0.056442 0.3921 0.2549 0.1490
v 0.337707 0.510864 -0.056442 0.8745 0.5647 0.3216
v -0.029655 0.537659 -0.056442 0.1490 0.1059 0.0863
v 0.029655 0.537659 -0.056442 0.1922 0.1255 0.0902
v -0.027742 0.547241 -0.056442 0.9568 0.6039 0.3529
v 0.027742 0.547241 -0.056442 0.9647 0.6118 0.3608
v -0.027742 0.556763 -0.056442 0.9568 0.6157 0.3529
v 0.027742 0.556763 -0.056442 0.9568 0.6157 0.3529
v -0.029655 0.568237 -0.056442 0.9333 0.5921 0.3490
v 0.029655 0.568237 -0.056442 0.9804 0.6157 0.3529
v -0.132980 0.579712 -0.056442 0.1333 0.0588 0.0431
v 0.132980 0.579712 -0.056442 0.1176 0.0431 0.0275
v -0.152115 0.596985 -0.056442 0.1608 0.1020 0.0902
v 0.152115 0.596985 -0.056442 0.1647 0.0980 0.0902
v -0.154022 0.610352 -0.056442 0.1373 0.0784 0.0667
v 0.154022 0.610352 -0.056442 0.1882 0.1020 0.0902
v -0.157852 0.623718 -0.056442 0.1922 0.1059 0.0902
v -0.167419 0.623718 -0.056442 0.2196 0.1294 0.1059
v 0.157852 0.623718 -0.056442 0.2235 0.1255 0.0941
v 0.167419 0.623718 -0.056442 0.2235 0.1176 0.0902
v -0.215240 0.671570 -0.056442 0.9647 0.6471 0.3686
v 0.215240 0.671570 -0.056442 0.9647 0.6393 0.3725
v -0.209503 0.702209 -0.056442 0.9098 0.6079 0.3451
v 0.209503 0.702209 -0.056442 0.9255 0.6000 0.3412
v -0.171234 0.889709 -0.056442 0.2941 0.2588 0.1765
v 0.171234 0.891602 -0.056442 0.3255 0.2823 0.2039
v -0.100449 0.945190 -0.056442 0.3294 0.2902 0.2078
v 0.100449 0.945190 -0.056442 0.3255 0.2823 0.2039
v -0.014350 0.960449 -0.056442 0.3333 0.2902 0.2039
v -0.027742 0.960449 -0.056442 0.3568 0.3137 0.2353
v 0.000957 0.960449 -0.056442 0.3412 0.2980 0.2118
v 0.014350 0.960449 -0.056442 0.3333 0.2902 0.2039
v 0.027742 0.960449 -0.056442 0.3216 0.2784 0.2000
v -0.066009 0.001923 -0.058357 0.9490 0.8509 0.7647
v -0.115753 0.001923 -0.058357 0.9215 0.8274 0.7372
v 0.066010 0.001923 -0.058357 0.9372 0.8470 0.7568
v 0.115753 0.001923 -0.058357 0.9686 0.8627 0.7804
v -0.020090 0.076538 -0.058357 0.1020 0.0824 0.0745
v 0.020091 0.076538 -0.058357 0.0980 0.0824 0.0706
v -0.035397 0.107147 -0.058357 0.1098 0.0824 0.0627
v 0.035397 0.107147 -0.058357 0.1020 0.0706 0.0549
v 0.113838 0.141602 -0.058357 0.1294 0.1020 0.0902
v -0.113838 0.143494 -0.058357 0.0902 0.0706 0.0627
v -0.020090 0.160736 -0.058357 0.1412 0.1137 0.1020
v 0.020090 0.160736 -0.058357 0.0549 0.0235 0.0118
v -0.018177 0.177948 -0.058357 0.1490 0.1176 0.1059
v 0.018177 0.177948 -0.058357 0.0627 0.0314 0.0196
v -0.016264 0.191345 -0.058357 0.1412 0.1098 0.0980
v 0.016264 0.191345 -0.058357 0.0667 0.0353 0.0235
v -0.110015 0.271698 -0.058357 0.0980 0.0784 0.0667
v 0.110015 0.271698 -0.058357 0.0980 0.0706 0.0588
v -0.310913 0.457275 -0.058357 0.1137 0.0784 0.0667
v 0.310913 0.457275 -0.058357 0.1137 0.0784 0.0588
v -0.322388 0.459198 -0.058357 0.1333 0.0941 0.0824
v -0.333862 0.459198 -0.058357 0.1804 0.1333 0.1098
v 0.322388 0.459198 -0.058357 0.0902 0.0745 0.0627
v 0.333862 0.459198 -0.058357 0.0275 0.0275 0.0431
v -0.423798 0.470673 -0.058357 0.9529 0.6315 0.3725
v -0.431458 0.470673 -0.058357 0.9529 0.6315 0.3725
v -0.442932 0.470673 -0.058357 0.9411 0.6276 0.3765
v -0.452484 0.470673 -0.058357 0.9411 0.6276 0.3804
v 0.423797 0.470673 -0.058357 0.9568 0.6354 0.3804
v 0.431457 0.470673 -0.058357 0.9529 0.6315 0.3804
v 0.442932 0.470673 -0.058357 0.9529 0.6354 0.3843
v 0.452484 0.470673 -0.058357 0.9686 0.6432 0.3843
v -0.416138 0.501282 -0.058357 0.9686 0.6393 0.3647
v -0.423798 0.501282 -0.058357 0.9686 0.6393 0.3686
v -0.433350 0.501282 -0.058357 0.9686 0.6354 0.3725
v -0.442932 0.501282 -0.058357 0.9607 0.6315 0.3647
v 0.416138 0.501282 -0.058357 0.9686 0.6393 0.3686
v 0.423798 0.501282 -0.058357 0.9686 0.6432 0.3765
v 0.433350 0.501282 -0.058357 0.9647 0.6393 0.3725
v 0.442932 0.501282 -0.058357 0.9725 0.6393 0.3765
v -0.335785 0.516602 -0.058357 0.1882 0.1490 0.1137
v 0.335785 0.516602 -0.058357 0.4510 0.3176 0.2235
v -0.052616 0.537659 -0.058357 0.0784 0.0588 0.0431
v 0.052616 0.537659 -0.058357 0.0980 0.0667 0.0549
v -0.052616 0.541504 -0.058357 0.0706 0.0510 0.0392
v 0.052616 0.541504 -0.058357 0.0941 0.0667 0.0549
v -0.096619 0.587402 -0.058357 0.9529 0.6197 0.3568
v 0.096619 0.587402 -0.058357 0.9607 0.6157 0.3608
v -0.194199 0.642883 -0.058357 0.9764 0.6471 0.3725
v 0.194199 0.642883 -0.058357 0.9686 0.6432 0.3843
v -0.205673 0.727051 -0.058357 0.1882 0.1176 0.1020
v 0.205673 0.727051 -0.058357 0.2235 0.1373 0.1216
v -0.198029 0.751953 -0.058357 0.1804 0.1059 0.0824
v 0.198029 0.751953 -0.058357 0.1725 0.1059 0.0824
v -0.157852 0.904968 -0.058357 0.3294 0.2863 0.2039
v 0.157852 0.904968 -0.058357 0.3216 0.2784 0.1922
v -0.121498 0.032532 -0.060268 0.8784 0.8235 0.7686
v 0.121498 0.032532 -0.060268 0.7372 0.6941 0.6471
v -0.121498 0.034454 -0.060268 0.2039 0.1412 0.1020
v 0.121498 0.034454 -0.060268 0.0863 0.0667 0.0784
v -0.121498 0.038269 -0.060268 0.9411 0.7960 0.7098
v 0.121498 0.038269 -0.060268 0.9215 0.8470 0.7412
v -0.022004 0.070801 -0.060268 0.0980 0.0863 0.0824
v 0.022004 0.070801 -0.060268 0.0706 0.0627 0.0549
v -0.106186 0.086121 -0.060268 0.1451 0.1059 0.0980
v 0.106186 0.086121 -0.060268 0.1373 0.1059 0.0941
v -0.106185 0.089935 -0.060268 0.1059 0.0745 0.0667
v 0.106186 0.089935 -0.060268 0.1098 0.0784 0.0706
v -0.113838 0.109070 -0.060268 0.1020 0.0706 0.0627
v 0.113838 0.109070 -0.060268 0.1059 0.0745 0.0627
v -0.119583 0.112885 -0.060268 0.1412 0.1020 0.0941
v 0.119583 0.112885 -0.060268 0.1373 0.0980 0.0902
v -0.023917 0.139679 -0.060268 0.1451 0.1176 0.1059
v -0.117668 0.139679 -0.060268 0.1608 0.1216 0.1137
v 0.023917 0.139679 -0.060268 0.0667 0.0471 0.0314
v 0.117668 0.139679 -0.060268 0.1569 0.1176 0.1098
v -0.115753 0.432404 -0.060268 0.1216 0.0784 0.0706
v 0.115753 0.432404 -0.060268 0.1176 0.0784 0.0706
v -0.452484 0.501282 -0.060268 0.9451 0.6315 0.3725
v 0.452484 0.501282 -0.060268 0.9882 0.6432 0.3725
v -0.322388 0.520447 -0.060268 0.1333 0.0941 0.0863
v -0.331970 0.520447 -0.060268 0.1961 0.1490 0.1176
v 0.322388 0.520447 -0.060268 0.1098 0.0863 0.0863
v 0.331970 0.520447 -0.060268 0.0431 0.0549 0.0784
v -0.310913 0.522339 -0.060268 0.1294 0.0902 0.0784
v 0.310913 0.522339 -0.060268 0.1255 0.0902 0.0784
v -0.054531 0.549133 -0.060268 0.0784 0.0549 0.0431
v 0.054531 0.549133 -0.060268 0.1176 0.0824 0.0627
v -0.056442 0.558716 -0.060268 0.1373 0.1020 0.0784
v 0.056442 0.558716 -0.060268 0.1569 0.1137 0.0980
v -0.048790 0.572083 -0.060268 0.9647 0.6197 0.3686
v 0.048790 0.572083 -0.060268 0.9568 0.6079 0.3490
v -0.161682 0.610352 -0.060268 0.1569 0.0824 0.0627
v 0.161682 0.610352 -0.060268 0.1412 0.0706 0.0588
v -0.173157 0.625671 -0.060268 0.1922 0.1098 0.0902
v 0.173157 0.625671 -0.060268 0.1882 0.1098 0.0863
v -0.173157 0.639038 -0.060268 0.2000 0.1216 0.1020
v 0.173157 0.639038 -0.060268 0.2275 0.1333 0.1176
v -0.175064 0.654358 -0.060268 0.9176 0.5843 0.3255
v 0.175064 0.654358 -0.060268 0.9372 0.6157 0.3608
v -0.207596 0.656250 -0.060268 0.9921 0.6589 0.3882
v 0.207596 0.656250 -0.060268 0.9804 0.6667 0.3804
v -0.215240 0.715576 -0.060268 0.1608 0.0902 0.0863
v 0.215240 0.715576 -0.060268 0.1608 0.0941 0.0902
v -0.215240 0.721313 -0.060268 0.1686 0.1020 0.0941
v 0.215240 0.721313 -0.060268 0.1765 0.1020 0.0902
v -0.196121 0.742371 -0.060268 0.2078 0.1255 0.1059
v 0.196121 0.742371 -0.060268 0.2118 0.1294 0.1098
v -0.192291 0.750000 -0.060268 0.1882 0.1098 0.0941
v 0.192291 0.750000 -0.060268 0.1961 0.1137 0.1020
v -0.201858 0.753845 -0.060268 0.2941 0.2432 0.1686
v 0.201858 0.753845 -0.060268 0.2941 0.2392 0.1725
v -0.203766 0.759583 -0.060268 0.2941 0.2510 0.1725
v 0.203766 0.759583 -0.060268 0.3137 0.2706 0.1843
v -0.031570 0.960449 -0.060268 0.3333 0.2902 0.2039
v 0.000957 0.960449 -0.060268 0.3216 0.2784 0.2000
v 0.031570 0.960449 -0.060268 0.3255 0.2863 0.2078
v -0.123405 0.003845 -0.062183 0.9490 0.8470 0.7568
v 0.123405 0.003845 -0.062183 0.9568 0.8666 0.7725
v -0.125320 0.011505 -0.062183 0.9568 0.8470 0.7608
v 0.125320 0.011505 -0.062183 0.9451 0.8470 0.7568
v -0.127227 0.026794 -0.062183 0.9411 0.8353 0.7529
v 0.127227 0.026794 -0.062183 0.9372 0.8353 0.7490
v -0.125320 0.030609 -0.062183 0.9411 0.8588 0.7764
v 0.125320 0.030609 -0.062183 0.9411 0.8470 0.7608
v -0.023917 0.065064 -0.062183 0.8706 0.7764 0.7020
v 0.023917 0.065064 -0.062183 0.8196 0.7294 0.6550
v -0.023917 0.068878 -0.062183 0.8627 0.7764 0.7059
v 0.023917 0.068878 -0.062183 0.8862 0.8039 0.7255
v -0.025830 0.107147 -0.062183 0.1020 0.0745 0.0627
v 0.025830 0.107147 -0.062183 0.0549 0.0353 0.0196
v -0.018177 0.122467 -0.062183 0.1412 0.1098 0.1059
v 0.018177 0.122467 -0.062183 0.0588 0.0157 0.0118
v -0.119583 0.124390 -0.062183 0.1451 0.1137 0.1020
v 0.119583 0.124390 -0.062183 0.1412 0.1098 0.0980
v -0.016264 0.132019 -0.062183 0.1608 0.1294 0.1137
v 0.016264 0.132019 -0.062183 0.0784 0.0431 0.0353
v -0.121498 0.133942 -0.062183 0.1490 0.1176 0.1059
v 0.121498 0.133942 -0.062183 0.1451 0.1137 0.1020
v -0.018177 0.137756 -0.062183 0.1490 0.1216 0.1059
v 0.018177 0.137756 -0.062183 0.0784 0.0588 0.0431
v -0.113838 0.420929 -0.062183 0.1255 0.0863 0.0784
v 0.115753 0.420929 -0.062183 0.1176 0.0863 0.0745
v -0.127228 0.436249 -0.062183 0.0667 0.0471 0.0353
v 0.127228 0.436249 -0.062183 0.1059 0.0745 0.0627
v -0.234375 0.443909 -0.062183 0.1176 0.0863 0.0745
v 0.234375 0.443909 -0.062183 0.1176 0.0863 0.0745
v -0.257355 0.445801 -0.062183 0.1176 0.0863 0.0745
v 0.257355 0.445801 -0.062183 0.1176 0.0863 0.0745
v -0.280304 0.447723 -0.062183 0.1137 0.0824 0.0706
v -0.299438 0.447723 -0.062183 0.1216 0.0902 0.0784
v 0.280304 0.447723 -0.062183 0.1137 0.0824 0.0706
v 0.299438 0.447723 -0.062183 0.1176 0.0863 0.0745
v -0.307098 0.451538 -0.062183 0.1255 0.0863 0.0784
v 0.307098 0.451538 -0.062183 0.1255 0.0941 0.0824
v -0.349182 0.468781 -0.062183 0.9804 0.6510 0.3921
v 0.349182 0.468781 -0.062183 0.9333 0.6197 0.3765
v -0.385529 0.470673 -0.062183 0.9607 0.6315 0.3804
v 0.385529 0.470673 -0.062183 0.9568 0.6315 0.3725
v -0.460144 0.472595 -0.062183 0.9764 0.6745 0.4078
v 0.460144 0.472595 -0.062183 0.9921 0.6863 0.4039
v -0.463989 0.480255 -0.062183 0.9882 0.6628 0.3961
v 0.463989 0.480255 -0.062183 0.9921 0.6667 0.4000
v -0.465881 0.485993 -0.062183 0.9607 0.6510 0.3882
v 0.465881 0.485993 -0.062183 0.9568 0.6510 0.3843
v -0.463989 0.491730 -0.062183 0.9647 0.6471 0.3882
v 0.463989 0.491730 -0.062183 0.9607 0.6510 0.3882
v -0.460144 0.497467 -0.062183 0.9529 0.6432 0.3843
v 0.460144 0.497467 -0.062183 0.9607 0.6393 0.3765
v -0.404663 0.505127 -0.062183 0.9725 0.6471 0.3725
v 0.404663 0.505127 -0.062183 0.9764 0.6510 0.3765
v -0.351105 0.512756 -0.062183 0.9843 0.6510 0.3765
v 0.351105 0.512756 -0.062183 0.9647 0.6393 0.3647
v -0.307098 0.528076 -0.062183 0.1373 0.0980 0.0902
v 0.307098 0.528076 -0.062183 0.1412 0.1059 0.0902
v -0.113838 0.531922 -0.062183 0.1059 0.0784 0.0627
v 0.113838 0.531921 -0.062183 0.1020 0.0824 0.0667
v -0.023916 0.539551 -0.062183 0.8509 0.5451 0.3333
v 0.023916 0.539551 -0.062183 0.8902 0.5804 0.3765
v -0.023916 0.547241 -0.062183 0.9647 0.6157 0.3608
v 0.023916 0.547241 -0.062183 0.9607 0.6118 0.3647
v -0.023916 0.558716 -0.062183 0.9647 0.6157 0.3529
v 0.023916 0.558716 -0.062183 0.9647 0.6236 0.3608
v -0.060268 0.564453 -0.062183 0.1451 0.1098 0.0902
v 0.060268 0.564453 -0.062183 0.1490 0.1137 0.0941
v -0.148285 0.577820 -0.062183 0.1294 0.0627 0.0471
v 0.148285 0.577820 -0.062183 0.1059 0.0431 0.0235
v -0.117668 0.583557 -0.062183 0.1333 0.0745 0.0627
v -0.154022 0.583557 -0.062183 0.1020 0.0627 0.0627
v 0.117668 0.583557 -0.062183 0.1725 0.0980 0.0745
v 0.154022 0.583557 -0.062183 0.1294 0.0824 0.0863
v -0.111931 0.591248 -0.062183 0.1765 0.1216 0.1137
v 0.111931 0.591248 -0.062183 0.1961 0.1255 0.1176
v -0.155930 0.614197 -0.062183 0.1804 0.0941 0.0784
v 0.155930 0.614197 -0.062183 0.1686 0.0902 0.0706
v -0.188461 0.646729 -0.062183 0.9882 0.6432 0.3412
v 0.188461 0.646729 -0.062183 0.9804 0.6393 0.3608
v -0.182724 0.650513 -0.062183 0.9137 0.6000 0.3294
v 0.182724 0.650513 -0.062183 0.9921 0.6628 0.3765
v -0.178894 0.654358 -0.062183 0.8941 0.5764 0.3216
v 0.178894 0.654358 -0.062183 0.9804 0.6550 0.3765
v -0.213333 0.671570 -0.062183 0.9647 0.6510 0.3725
v 0.213333 0.671570 -0.062183 0.9764 0.6432 0.3725
v -0.213333 0.688782 -0.062183 0.9568 0.6432 0.3647
v 0.213333 0.688782 -0.062183 0.9607 0.6315 0.3647
v -0.178894 0.700256 -0.062183 0.8823 0.5569 0.3059
v 0.178894 0.700256 -0.062183 0.8235 0.4980 0.2745
v -0.205673 0.702209 -0.062183 0.9058 0.5686 0.3294
v 0.205673 0.702209 -0.062183 0.9255 0.5764 0.3098
v -0.213333 0.709839 -0.062183 0.0824 0.0549 0.0549
v 0.213333 0.709839 -0.062183 0.1176 0.0706 0.0784
v -0.199936 0.734741 -0.062183 0.2078 0.1255 0.1059
v 0.198029 0.734741 -0.062183 0.2235 0.1412 0.1216
v -0.203766 0.769165 -0.062183 0.3882 0.3451 0.2667
v 0.203766 0.769165 -0.062183 0.3412 0.2980 0.2196
v -0.142548 0.920288 -0.062183 0.3294 0.2980 0.2118
v 0.142548 0.920288 -0.062183 0.3529 0.3098 0.2314
v -0.077492 0.950928 -0.062183 0.3294 0.2980 0.2157
v 0.077492 0.950928 -0.062183 0.3255 0.2823 0.2039
v -0.054531 0.956665 -0.062183 0.3216 0.2784 0.2000
v 0.054531 0.956665 -0.062183 0.3451 0.3019 0.2235
v 0.000957 0.970032 -0.062183 0.3451 0.3019 0.2353
v -0.020090 0.061249 -0.064095 0.1294 0.1098 0.1059
v 0.020091 0.061249 -0.064095 0.0784 0.0667 0.0627
v -0.111930 0.084198 -0.064095 0.1530 0.1137 0.1059
v 0.111930 0.084198 -0.064095 0.1530 0.1137 0.1059
v -0.020090 0.110992 -0.064095 0.1333 0.1020 0.0902
v 0.020091 0.110992 -0.064095 0.0588 0.0314 0.0157
v -0.115753 0.405640 -0.064095 0.1294 0.0902 0.0824
v 0.115753 0.405640 -0.064095 0.1255 0.0941 0.0824
v -0.144455 0.438171 -0.064095 0.1059 0.0745 0.0627
v 0.144455 0.438171 -0.064094 0.1137 0.0824 0.0706
v -0.165497 0.440064 -0.064095 0.1098 0.0784 0.0667
v -0.188461 0.440064 -0.064095 0.1176 0.0863 0.0745
v 0.165497 0.440064 -0.064094 0.1137 0.0824 0.0706
v 0.188461 0.440064 -0.064094 0.1176 0.0863 0.0745
v -0.211426 0.441986 -0.064095 0.1176 0.0863 0.0745
v 0.211426 0.441986 -0.064094 0.1176 0.0863 0.0745
v -0.421875 0.468781 -0.064095 0.9529 0.6354 0.3765
v 0.421875 0.468781 -0.064094 0.9529 0.6354 0.3804
v -0.398926 0.470673 -0.064095 0.9529 0.6354 0.3804
v -0.412323 0.470673 -0.064095 0.9568 0.6276 0.3765
v 0.398926 0.470673 -0.064094 0.9529 0.6354 0.3804
v 0.412323 0.470673 -0.064094 0.9607 0.6354 0.3804
v -0.406586 0.472595 -0.064095 0.9647 0.6354 0.3843
v 0.406586 0.472595 -0.064094 0.9529 0.6354 0.3804
v -0.414246 0.501282 -0.064095 0.9686 0.6432 0.3686
v 0.414246 0.501282 -0.064094 0.9725 0.6471 0.3725
v -0.387451 0.508972 -0.064095 0.9764 0.6510 0.3765
v 0.387451 0.508972 -0.064094 0.9804 0.6550 0.3804
v -0.140625 0.528076 -0.064095 0.1530 0.1137 0.1059
v -0.163589 0.528076 -0.064095 0.1569 0.1176 0.1098
v -0.186554 0.528076 -0.064095 0.1569 0.1176 0.1098
v -0.209503 0.528076 -0.064095 0.1569 0.1176 0.1098
v -0.232468 0.528076 -0.064095 0.1333 0.0941 0.0863
v -0.255432 0.528076 -0.064095 0.1333 0.0941 0.0863
v 0.140625 0.528076 -0.064094 0.1451 0.1059 0.0980
v 0.163589 0.528076 -0.064094 0.1490 0.1098 0.1020
v 0.186554 0.528076 -0.064094 0.1530 0.1137 0.1059
v 0.209503 0.528076 -0.064094 0.1530 0.1137 0.1059
v 0.232468 0.528076 -0.064094 0.1373 0.0980 0.0902
v -0.123405 0.529968 -0.064095 0.1373 0.0980 0.0902
v -0.278381 0.529968 -0.064095 0.1294 0.0980 0.0863
v -0.297516 0.529968 -0.064095 0.1333 0.0941 0.0863
v 0.123405 0.529968 -0.064095 0.1333 0.1020 0.0902
v 0.255432 0.529968 -0.064094 0.1373 0.0980 0.0902
v 0.278381 0.529968 -0.064094 0.1333 0.0941 0.0863
v 0.297516 0.529968 -0.064094 0.1373 0.0980 0.0902
v -0.113838 0.535706 -0.064095 0.0902 0.0706 0.0588
v 0.113838 0.535706 -0.064095 0.0863 0.0549 0.0431
v -0.023916 0.568237 -0.064095 0.9529 0.6079 0.3490
v 0.023916 0.568237 -0.064095 0.9529 0.6118 0.3490
v -0.102364 0.593140 -0.064095 0.9568 0.6039 0.3568
v 0.102364 0.593140 -0.064095 0.9568 0.6079 0.3568
v -0.154022 0.600769 -0.064095 0.1804 0.1059 0.0863
v 0.154022 0.600769 -0.064095 0.1882 0.1059 0.0941
v -0.171234 0.606506 -0.064095 0.1412 0.0706 0.0471
v 0.171234 0.606506 -0.064094 0.1255 0.0431 0.0235
v -0.176987 0.667725 -0.064095 0.8941 0.5569 0.2980
v 0.176987 0.667725 -0.064094 0.3882 0.2588 0.1843
v -0.178894 0.688782 -0.064095 0.8823 0.5530 0.3098
v 0.178894 0.688782 -0.064094 0.5686 0.3451 0.1922
v -0.186554 0.700256 -0.064095 0.8941 0.5686 0.3176
v 0.186554 0.700256 -0.064094 0.9333 0.5882 0.3333
v -0.211426 0.725159 -0.064095 0.2000 0.1255 0.1098
v 0.211426 0.725159 -0.064094 0.2235 0.1412 0.1216
v -0.033482 0.958557 -0.064095 0.3294 0.2863 0.2039
v 0.033482 0.958557 -0.064095 0.3294 0.2863 0.2078
v -0.087059 0.001923 -0.066010 0.9333 0.8392 0.7529
v 0.087059 0.001923 -0.066010 0.9411 0.8470 0.7608
v -0.117668 0.080383 -0.066010 0.1294 0.0941 0.0902
v 0.117668 0.080383 -0.066010 0.1294 0.0902 0.0863
v -0.111930 0.273621 -0.066010 0.0941 0.0627 0.0510
v 0.111930 0.273621 -0.066009 0.1020 0.0784 0.0667
v -0.115753 0.277435 -0.066010 0.1294 0.0863 0.0784
v 0.115753 0.277435 -0.066009 0.1294 0.0902 0.0824
v -0.115753 0.288910 -0.066010 0.1294 0.0902 0.0824
v 0.113838 0.288910 -0.066009 0.1294 0.0902 0.0784
v -0.113838 0.300384 -0.066010 0.1216 0.0784 0.0706
v 0.113838 0.300384 -0.066009 0.1176 0.0745 0.0667
v -0.119583 0.384582 -0.066010 0.1333 0.0941 0.0902
v 0.117668 0.384583 -0.066009 0.1255 0.0863 0.0824
v -0.431458 0.468781 -0.066010 0.9490 0.6315 0.3765
v -0.441009 0.468781 -0.066010 0.9490 0.6315 0.3765
v -0.450592 0.468781 -0.066010 0.9451 0.6315 0.3921
v 0.431457 0.468781 -0.066009 0.9490 0.6315 0.3843
v 0.441009 0.468781 -0.066009 0.9529 0.6354 0.3882
v 0.450592 0.468781 -0.066009 0.9725 0.6432 0.3921
v -0.337707 0.472595 -0.066010 0.8862 0.5725 0.3451
v 0.337707 0.472595 -0.066009 0.4196 0.2745 0.1765
v -0.423798 0.503235 -0.066010 0.9725 0.6471 0.3725
v -0.431458 0.503235 -0.066010 0.9725 0.6471 0.3725
v -0.441009 0.503235 -0.066010 0.9725 0.6471 0.3725
v 0.423798 0.503235 -0.066009 0.9725 0.6471 0.3804
v 0.431457 0.503235 -0.066009 0.9725 0.6471 0.3804
v 0.441009 0.503235 -0.066009 0.9725 0.6471 0.3804
v -0.337707 0.507019 -0.066010 0.6550 0.4235 0.2471
v 0.337707 0.507019 -0.066009 0.5530 0.3686 0.2196
v 0.037308 0.537659 -0.066010 0.1059 0.0745 0.0627
v -0.111931 0.541504 -0.066010 0.1255 0.0863 0.0784
v 0.111931 0.541504 -0.066009 0.1176 0.0784 0.0706
v -0.067924 0.566345 -0.066010 0.1686 0.1255 0.1020
v 0.067924 0.566345 -0.066009 0.1647 0.1216 0.0980
v -0.140625 0.573975 -0.066010 0.1059 0.0510 0.0392
v 0.140625 0.573975 -0.066009 0.1059 0.0510 0.0353
v -0.125320 0.577820 -0.066010 0.1176 0.0627 0.0392
v 0.125320 0.577820 -0.066009 0.1216 0.0588 0.0431
v -0.154022 0.589294 -0.066010 0.1451 0.0824 0.0706
v 0.154022 0.589294 -0.066009 0.1686 0.0941 0.0863
v -0.106186 0.595032 -0.066010 0.8666 0.5530 0.3176
v 0.106186 0.595032 -0.066009 0.6824 0.4589 0.3098
v -0.176987 0.612244 -0.066010 0.1647 0.0902 0.0745
v 0.176987 0.612244 -0.066009 0.1569 0.0745 0.0549
v -0.203766 0.656250 -0.066010 0.9882 0.6589 0.3725
v 0.203766 0.656250 -0.066009 0.9607 0.6393 0.3647
v -0.184631 0.665833 -0.066010 0.9058 0.5961 0.3372
v 0.184631 0.665833 -0.066009 0.9882 0.6628 0.3765
v -0.178894 0.679199 -0.066010 0.8588 0.5490 0.2980
v 0.178894 0.679199 -0.066009 0.3216 0.1882 0.1569
v -0.201858 0.702209 -0.066010 0.8666 0.5490 0.3059
v 0.201858 0.702209 -0.066009 0.8588 0.5451 0.3059
v -0.203766 0.729004 -0.066010 0.2314 0.1490 0.1294
v 0.203766 0.729004 -0.066009 0.2196 0.1255 0.1098
v -0.201858 0.790222 -0.066010 0.3451 0.3019 0.2235
v 0.201858 0.790222 -0.066009 0.3059 0.2627 0.1843
v -0.123405 0.933716 -0.066010 0.3137 0.2823 0.1922
v 0.123405 0.933716 -0.066009 0.3294 0.2863 0.2078
v -0.014350 0.960449 -0.066010 0.3059 0.2627 0.1843
v 0.014350 0.960449 -0.066010 0.3294 0.2863 0.2078
v -0.031571 0.001923 -0.067924 0.9568 0.8588 0.7804
v 0.031571 0.001923 -0.067925 0.9372 0.8392 0.7529
v 0.041138 0.001923 -0.067925 0.9294 0.8431 0.7529
v -0.041138 0.001923 -0.067924 0.9372 0.8509 0.7608
v -0.018177 0.051666 -0.067924 0.1530 0.1294 0.1137
v 0.018177 0.051666 -0.067925 0.0863 0.0627 0.0471
v -0.117668 0.063141 -0.067925 0.1098 0.0863 0.0863
v 0.117668 0.063141 -0.067924 0.0863 0.0745 0.0745
v -0.117668 0.065063 -0.067925 0.1686 0.1216 0.0902
v 0.117668 0.065064 -0.067924 0.1843 0.1451 0.1373
v -0.117668 0.066986 -0.067925 0.9372 0.7921 0.6902
v 0.117668 0.066986 -0.067924 0.9411 0.8431 0.7608
v -0.119583 0.076538 -0.067925 0.1137 0.0824 0.0745
v 0.119583 0.076538 -0.067924 0.1176 0.0824 0.0784
v -0.041138 0.091858 -0.067925 0.1176 0.0980 0.0863
v 0.041138 0.091858 -0.067924 0.1137 0.0902 0.0784
v -0.041138 0.095673 -0.067925 0.1137 0.0824 0.0706
v 0.041138 0.095673 -0.067924 0.0980 0.0784 0.0627
v -0.100448 0.109070 -0.067925 0.1098 0.0824 0.0706
v 0.100448 0.109070 -0.067924 0.1176 0.0863 0.0745
v -0.102363 0.271698 -0.067925 0.1137 0.0824 0.0706
v 0.102363 0.271698 -0.067924 0.1098 0.0784 0.0667
v -0.121498 0.357788 -0.067925 0.1294 0.0902 0.0863
v 0.121498 0.357788 -0.067924 0.1294 0.0902 0.0863
v -0.335785 0.468781 -0.067925 0.2392 0.1725 0.1255
v -0.364471 0.468781 -0.067925 0.9529 0.6354 0.3804
v 0.335785 0.468781 -0.067924 0.2275 0.1765 0.1137
v 0.364471 0.468781 -0.067924 0.9568 0.6393 0.3804
v -0.460144 0.472595 -0.067925 0.9607 0.6667 0.4078
v 0.460144 0.472595 -0.067924 0.9921 0.6785 0.4039
v -0.465881 0.480255 -0.067925 0.9921 0.6706 0.4039
v 0.465881 0.480255 -0.067924 0.9882 0.6745 0.4118
v -0.465881 0.485993 -0.067925 0.9607 0.6510 0.3882
v 0.465881 0.485993 -0.067924 0.9607 0.6510 0.3882
v -0.465881 0.491730 -0.067925 0.9607 0.6510 0.3882
v 0.465881 0.491730 -0.067924 0.9607 0.6510 0.3921
v -0.460144 0.499390 -0.067925 0.9372 0.6276 0.3804
v 0.460144 0.499390 -0.067924 0.9764 0.6432 0.3686
v -0.450592 0.503235 -0.067925 0.9568 0.6393 0.3804
v 0.450592 0.503235 -0.067924 0.9843 0.6550 0.3765
v -0.335785 0.510864 -0.067925 0.3372 0.2706 0.1765
v -0.366394 0.510864 -0.067925 0.9725 0.6471 0.3725
v 0.335785 0.510864 -0.067924 0.7255 0.4314 0.2196
v 0.366394 0.510864 -0.067924 0.9686 0.6550 0.3765
v -0.016264 0.539551 -0.067924 0.6706 0.4275 0.2627
v 0.016264 0.539551 -0.067924 0.8431 0.5530 0.3490
v -0.108101 0.545288 -0.067924 0.1294 0.0902 0.0824
v 0.108101 0.545288 -0.067924 0.1294 0.0863 0.0784
v -0.016264 0.549133 -0.067924 0.9607 0.6118 0.3529
v 0.016264 0.549133 -0.067924 0.9568 0.6039 0.3568
v -0.081314 0.554871 -0.067924 0.1373 0.0941 0.0784
v 0.081314 0.554871 -0.067924 0.1333 0.0941 0.0745
v -0.016264 0.558716 -0.067924 0.9607 0.6118 0.3451
v 0.016264 0.558716 -0.067924 0.9686 0.6276 0.3568
v -0.077492 0.560608 -0.067924 0.1569 0.1137 0.0980
v 0.077492 0.560608 -0.067924 0.1451 0.1098 0.0902
v -0.073662 0.564453 -0.067924 0.1569 0.1216 0.0941
v 0.073662 0.564453 -0.067924 0.1569 0.1216 0.1020
v -0.016264 0.570190 -0.067924 0.9568 0.6157 0.3529
v -0.178894 0.614197 -0.067925 0.1804 0.1059 0.0824
v 0.178894 0.614197 -0.067924 0.1882 0.0980 0.0824
v -0.190369 0.661987 -0.067925 0.9607 0.6354 0.3608
v 0.190369 0.661987 -0.067924 0.9725 0.6354 0.3647
v -0.209503 0.671570 -0.067925 0.9882 0.6510 0.3490
v 0.209503 0.671570 -0.067924 0.9451 0.6236 0.3647
v -0.209503 0.688782 -0.067925 0.9764 0.6354 0.3451
v 0.209503 0.688782 -0.067924 0.9215 0.6118 0.3568
v -0.194199 0.700256 -0.067925 0.8823 0.5608 0.3176
v 0.194199 0.700256 -0.067924 0.9176 0.5882 0.3372
v -0.102364 0.941345 -0.067925 0.3137 0.2823 0.1922
v 0.102364 0.943237 -0.067924 0.3294 0.2863 0.2039
v -0.056442 0.956665 -0.067924 0.3333 0.3019 0.2196
v 0.056442 0.956665 -0.067924 0.3255 0.2823 0.2039
v -0.014350 0.970032 -0.067924 0.3216 0.2823 0.2078
v 0.014350 0.970032 -0.067924 0.2941 0.2588 0.1882
v -0.060268 0.001923 -0.069839 0.9451 0.8470 0.7608
v 0.060268 0.001923 -0.069839 0.9451 0.8470 0.7608
v -0.023917 0.003845 -0.069839 0.9882 0.8902 0.8039
v 0.023917 0.003845 -0.069839 0.8862 0.8000 0.7176
v -0.018177 0.030609 -0.069839 0.8627 0.7647 0.6863
v 0.018177 0.030609 -0.069839 0.8941 0.7843 0.7098
v -0.018177 0.040192 -0.069839 0.1176 0.0902 0.0863
v 0.018177 0.040192 -0.069839 0.0667 0.0510 0.0471
v -0.111930 0.053589 -0.069839 0.9607 0.8353 0.7451
v 0.111930 0.053589 -0.069839 0.9490 0.8274 0.7412
v -0.115753 0.055511 -0.069839 0.1490 0.1137 0.1098
v 0.115753 0.055512 -0.069839 0.7608 0.6902 0.6315
v -0.117668 0.059326 -0.069839 0.0745 0.0588 0.0706
v 0.117668 0.059326 -0.069839 0.0745 0.0549 0.0627
v -0.098533 0.091858 -0.069839 0.1137 0.0824 0.0706
v 0.098533 0.091858 -0.069839 0.1137 0.0824 0.0706
v -0.031571 0.093750 -0.069839 0.1451 0.1216 0.1098
v 0.031571 0.093750 -0.069839 0.1373 0.1176 0.1020
v 0.104278 0.168396 -0.069839 0.1294 0.0980 0.0902
v -0.104278 0.170288 -0.069839 0.1294 0.0980 0.0863
v -0.104278 0.195160 -0.069839 0.1255 0.0941 0.0863
v 0.104278 0.195160 -0.069839 0.1333 0.1020 0.0941
v -0.102363 0.216217 -0.069839 0.1294 0.0941 0.0824
v 0.102363 0.216217 -0.069839 0.1412 0.1098 0.0980
v -0.100448 0.237274 -0.069839 0.1294 0.0980 0.0863
v 0.100448 0.237274 -0.069839 0.1412 0.1098 0.0980
v -0.098533 0.260223 -0.069839 0.1255 0.0941 0.0824
v 0.098533 0.260223 -0.069839 0.1373 0.1059 0.0902
v -0.098533 0.271698 -0.069839 0.1176 0.0863 0.0745
v 0.098533 0.271698 -0.069839 0.1176 0.0902 0.0784
v -0.119583 0.302307 -0.069839 0.0745 0.0627 0.0549
v 0.117668 0.302307 -0.069839 0.1098 0.0784 0.0706
v -0.310913 0.464935 -0.069840 0.0863 0.0510 0.0431
v 0.310913 0.464935 -0.069839 0.1059 0.0667 0.0588
v -0.322388 0.466858 -0.069839 0.0824 0.0431 0.0353
v -0.333862 0.466858 -0.069839 0.0980 0.0549 0.0392
v 0.322388 0.466858 -0.069839 0.0902 0.0510 0.0431
v 0.333862 0.466858 -0.069839 0.1451 0.1020 0.0745
v -0.100449 0.549133 -0.069839 0.1255 0.0863 0.0784
v 0.100449 0.549133 -0.069839 0.1294 0.0902 0.0824
v -0.094711 0.551026 -0.069839 0.1294 0.0902 0.0824
v 0.094711 0.551026 -0.069839 0.1255 0.0863 0.0784
v -0.085144 0.552979 -0.069839 0.1294 0.0941 0.0745
v 0.085144 0.552979 -0.069839 0.1216 0.0863 0.0706
v 0.016264 0.570190 -0.069839 0.9568 0.6157 0.3529
v -0.155930 0.606506 -0.069839 0.1490 0.0824 0.0745
v 0.155930 0.606506 -0.069839 0.1412 0.0745 0.0667
v -0.175064 0.640991 -0.069839 0.2039 0.1216 0.1020
v 0.175064 0.640991 -0.069839 0.2314 0.1412 0.1176
v -0.175064 0.654358 -0.069839 0.2000 0.1255 0.1020
v 0.175064 0.654358 -0.069839 0.2275 0.1333 0.1176
v -0.198029 0.658203 -0.069840 0.9960 0.6510 0.3529
v 0.198029 0.658203 -0.069839 0.9451 0.6315 0.3725
v -0.186554 0.677307 -0.069839 0.9058 0.5961 0.3333
v 0.186554 0.677307 -0.069839 0.9921 0.6550 0.3686
v -0.186554 0.688782 -0.069839 0.8666 0.5451 0.2980
v 0.186554 0.688782 -0.069839 0.9725 0.6315 0.3529
v -0.178894 0.700256 -0.069839 0.5921 0.3608 0.2078
v 0.178894 0.700256 -0.069839 0.4589 0.2863 0.1961
v -0.209503 0.704102 -0.069840 0.0941 0.0510 0.0510
v 0.209503 0.704102 -0.069839 0.1569 0.0824 0.0784
v -0.220993 0.715576 -0.069840 0.1804 0.1059 0.0902
v 0.220993 0.715576 -0.069839 0.1882 0.1137 0.0941
v -0.220993 0.719421 -0.069840 0.1882 0.1176 0.1020
v 0.220993 0.719421 -0.069839 0.1882 0.1098 0.0941
v -0.209503 0.727051 -0.069840 0.2157 0.1373 0.1216
v 0.209503 0.727051 -0.069839 0.2157 0.1451 0.1216
v -0.199936 0.813171 -0.069840 0.3490 0.3059 0.2275
v 0.199936 0.813171 -0.069839 0.3529 0.3098 0.2235
v -0.018177 0.958557 -0.069839 0.3137 0.2706 0.1922
v -0.035397 0.958557 -0.069839 0.3333 0.2902 0.2039
v 0.035397 0.958557 -0.069839 0.3333 0.2902 0.2118
v 0.000957 0.975769 -0.069839 0.3451 0.3019 0.2196
v -0.098533 0.001923 -0.071747 0.9411 0.8431 0.7568
v 0.098533 0.001923 -0.071747 0.9451 0.8470 0.7686
v -0.018177 0.005737 -0.071747 0.9568 0.8627 0.7725
v 0.018177 0.005737 -0.071747 0.9490 0.8509 0.7725
v -0.016264 0.015320 -0.071747 0.9098 0.8117 0.7333
v 0.016264 0.015320 -0.071747 0.9607 0.8745 0.7921
v -0.016264 0.028717 -0.071747 0.8745 0.7764 0.6941
v 0.016264 0.028717 -0.071747 0.9098 0.8039 0.7255
v -0.111930 0.049744 -0.071747 0.9843 0.8549 0.7608
v 0.111930 0.049744 -0.071747 0.9764 0.8627 0.7764
v -0.098533 0.088013 -0.071747 0.1137 0.0863 0.0784
v 0.098533 0.088013 -0.071747 0.1255 0.0980 0.0863
v -0.043049 0.107147 -0.071747 0.1098 0.0784 0.0627
v 0.043049 0.107147 -0.071747 0.0941 0.0667 0.0510
v -0.106185 0.143494 -0.071747 0.0941 0.0706 0.0588
v 0.106186 0.143494 -0.071747 0.1020 0.0824 0.0667
v -0.123405 0.306122 -0.071747 0.1294 0.0902 0.0824
v 0.123405 0.306122 -0.071747 0.1294 0.0902 0.0824
v 0.125320 0.330994 -0.071747 0.1333 0.0902 0.0902
v -0.125320 0.332916 -0.071747 0.1333 0.0941 0.0863
v -0.381714 0.470673 -0.071747 0.9529 0.6354 0.3804
v -0.421875 0.470673 -0.071747 0.9490 0.6315 0.3765
v 0.381714 0.470673 -0.071747 0.9568 0.6393 0.3804
v 0.421875 0.470673 -0.071747 0.9529 0.6354 0.3804
v -0.412323 0.472595 -0.071747 0.9568 0.6315 0.3765
v 0.412323 0.472595 -0.071747 0.9529 0.6354 0.3804
v -0.337707 0.480255 -0.071747 0.9058 0.5804 0.3333
v 0.337707 0.480255 -0.071747 0.2784 0.1686 0.1098
v -0.337707 0.499390 -0.071747 0.8902 0.5686 0.3294
v -0.414246 0.499390 -0.071747 0.9725 0.6432 0.3686
v 0.337707 0.499390 -0.071747 0.2471 0.1451 0.0980
v 0.414246 0.499390 -0.071747 0.9725 0.6471 0.3765
v -0.421875 0.501282 -0.071747 0.9686 0.6393 0.3725
v 0.421875 0.501282 -0.071747 0.9725 0.6471 0.3725
v -0.402740 0.503235 -0.071747 0.9725 0.6471 0.3725
v 0.402740 0.503235 -0.071747 0.9764 0.6510 0.3765
v -0.310913 0.512756 -0.071747 0.1294 0.0980 0.0824
v -0.322388 0.512756 -0.071747 0.1176 0.0902 0.0784
v -0.333862 0.512756 -0.071747 0.3608 0.2432 0.1569
v 0.310913 0.512756 -0.071747 0.1412 0.1020 0.0941
v 0.322388 0.512756 -0.071747 0.1333 0.1020 0.0902
v 0.331970 0.512756 -0.071747 0.2039 0.1569 0.1255
v -0.008610 0.539551 -0.071747 0.2588 0.1216 0.0510
v 0.000957 0.539551 -0.071747 0.8588 0.5530 0.3412
v 0.008610 0.539551 -0.071747 0.1843 0.0588 0.0275
v -0.008610 0.549133 -0.071747 0.9568 0.6079 0.3529
v 0.000957 0.549133 -0.071747 0.9529 0.6079 0.3568
v 0.008610 0.549133 -0.071747 0.9529 0.6039 0.3451
v -0.008610 0.560608 -0.071747 0.9568 0.6118 0.3647
v 0.000957 0.560608 -0.071747 0.9568 0.6079 0.3490
v 0.008610 0.560608 -0.071747 0.9607 0.6157 0.3647
v -0.008610 0.570190 -0.071747 0.9568 0.6157 0.3529
v 0.008610 0.570190 -0.071747 0.9568 0.6157 0.3529
v -0.067924 0.577820 -0.071747 0.9686 0.6197 0.3529
v 0.067924 0.577820 -0.071747 0.9647 0.6157 0.3568
v -0.111931 0.583557 -0.071747 0.1530 0.0941 0.0745
v 0.111931 0.583557 -0.071747 0.1765 0.1098 0.0941
v -0.108101 0.589294 -0.071747 0.1922 0.1333 0.1059
v 0.108101 0.589294 -0.071747 0.1961 0.1216 0.1098
v -0.161682 0.604614 -0.071747 0.1255 0.0667 0.0549
v 0.161682 0.604614 -0.071747 0.1294 0.0706 0.0510
v -0.175064 0.629456 -0.071747 0.1961 0.1216 0.1059
v 0.175064 0.629456 -0.071747 0.1961 0.1137 0.0941
v -0.176987 0.667725 -0.071747 0.7333 0.4432 0.2627
v 0.176987 0.667725 -0.071747 0.3255 0.2118 0.1608
v -0.201858 0.673462 -0.071747 0.9882 0.6432 0.3568
v 0.201858 0.673462 -0.071747 0.9490 0.6354 0.3647
v -0.194199 0.675415 -0.071747 0.9607 0.6315 0.3568
v 0.194199 0.675415 -0.071747 0.9607 0.6315 0.3568
v -0.196121 0.688782 -0.071747 0.9019 0.5843 0.3294
v -0.203766 0.688782 -0.071747 0.9607 0.6276 0.3451
v 0.196121 0.688782 -0.071747 0.9568 0.6157 0.3451
v 0.203766 0.688782 -0.071747 0.9333 0.6197 0.3608
v -0.176987 0.690735 -0.071747 0.8196 0.5059 0.2980
v 0.176987 0.690735 -0.071747 0.4235 0.2588 0.1686
v -0.184631 0.700256 -0.071747 0.0863 0.0471 0.0353
v 0.184631 0.700256 -0.071747 0.1137 0.0745 0.0706
v -0.219070 0.711731 -0.071747 0.1922 0.1098 0.0980
v 0.219070 0.711731 -0.071747 0.1961 0.1176 0.1137
v -0.219070 0.723206 -0.071747 0.2275 0.1490 0.1255
v 0.219070 0.723206 -0.071747 0.2314 0.1490 0.1294
v -0.079399 0.948975 -0.071747 0.3333 0.2902 0.2118
v 0.079399 0.948975 -0.071747 0.3216 0.2784 0.1961
v -0.115753 0.047852 -0.073662 0.6393 0.5686 0.5137
v 0.115753 0.047852 -0.073662 0.1686 0.1373 0.1216
v -0.027743 0.091858 -0.073662 0.1451 0.1255 0.1098
v 0.027743 0.091858 -0.073662 0.1451 0.1176 0.1059
v -0.106185 0.109070 -0.073662 0.1020 0.0706 0.0588
v 0.106186 0.109070 -0.073662 0.1059 0.0745 0.0627
v -0.033482 0.141602 -0.073662 0.1059 0.0745 0.0667
v 0.033482 0.141602 -0.073662 0.0941 0.0627 0.0510
v -0.029656 0.162628 -0.073662 0.1176 0.0863 0.0784
v 0.029656 0.162628 -0.073662 0.1059 0.0745 0.0627
v -0.027743 0.181763 -0.073662 0.1137 0.0824 0.0745
v 0.027743 0.181763 -0.073662 0.1059 0.0745 0.0627
v -0.025830 0.195160 -0.073662 0.1176 0.0863 0.0784
v 0.025830 0.195160 -0.073662 0.1059 0.0745 0.0627
v -0.023916 0.208557 -0.073662 0.1216 0.0902 0.0824
v 0.023917 0.208557 -0.073662 0.1098 0.0784 0.0667
v -0.022003 0.221954 -0.073662 0.1216 0.0902 0.0824
v 0.022003 0.221954 -0.073662 0.1059 0.0745 0.0627
v -0.018177 0.233429 -0.073662 0.1255 0.0980 0.0824
v 0.018177 0.235352 -0.073662 0.1020 0.0706 0.0588
v 0.010523 0.242996 -0.073662 0.0980 0.0667 0.0549
v -0.100448 0.273621 -0.073662 0.1020 0.0706 0.0588
v 0.100448 0.273621 -0.073662 0.0941 0.0745 0.0588
v -0.125320 0.317627 -0.073662 0.1294 0.0902 0.0824
v 0.125320 0.317627 -0.073662 0.1333 0.0941 0.0863
v -0.347259 0.470673 -0.073662 0.9764 0.6432 0.3804
v -0.431458 0.470673 -0.073662 0.9490 0.6315 0.3765
v -0.441009 0.470673 -0.073662 0.9451 0.6315 0.3843
v -0.450592 0.470673 -0.073662 0.9451 0.6315 0.3804
v 0.347259 0.470673 -0.073662 0.9372 0.6276 0.3804
v 0.431457 0.470673 -0.073662 0.9529 0.6354 0.3843
v 0.441009 0.470673 -0.073662 0.9568 0.6354 0.3804
v 0.450592 0.470673 -0.073662 0.9725 0.6393 0.3804
v -0.397003 0.472595 -0.073662 0.9490 0.6315 0.3765
v -0.458252 0.472595 -0.073662 0.9568 0.6471 0.3961
v 0.397003 0.472595 -0.073662 0.9607 0.6354 0.3843
v 0.458252 0.472595 -0.073662 0.9960 0.6667 0.3961
v -0.404663 0.474518 -0.073662 0.9490 0.6315 0.3765
v 0.404663 0.474518 -0.073662 0.9568 0.6354 0.3843
v -0.335785 0.478333 -0.073662 0.9019 0.5725 0.3137
v 0.335785 0.478333 -0.073662 0.2157 0.1490 0.1137
v -0.463989 0.480255 -0.073662 0.9921 0.6706 0.4039
v 0.463989 0.480255 -0.073662 0.9882 0.6706 0.4000
v -0.465881 0.485993 -0.073662 0.9647 0.6510 0.3882
v 0.465881 0.485993 -0.073662 0.9647 0.6510 0.3961
v -0.337707 0.489807 -0.073662 0.8941 0.5804 0.3333
v 0.337707 0.489807 -0.073662 0.2902 0.1843 0.1294
v -0.463989 0.491730 -0.073662 0.9568 0.6471 0.3843
v 0.463989 0.491730 -0.073662 0.9568 0.6471 0.3843
v -0.458252 0.497467 -0.073662 0.9372 0.6236 0.3765
v 0.458252 0.497467 -0.073662 0.9647 0.6315 0.3686
v -0.335785 0.501282 -0.073662 0.8823 0.5490 0.3137
v -0.431458 0.501282 -0.073662 0.9607 0.6354 0.3725
v -0.441009 0.501282 -0.073662 0.9568 0.6354 0.3725
v -0.450592 0.501282 -0.073662 0.9451 0.6276 0.3686
v 0.335785 0.501282 -0.073662 0.2118 0.1569 0.1255
v 0.431457 0.501282 -0.073662 0.9725 0.6471 0.3804
v 0.441009 0.501282 -0.073662 0.9804 0.6432 0.3725
v 0.450592 0.501282 -0.073662 0.9725 0.6393 0.3686
v -0.349182 0.507019 -0.073662 0.9568 0.6315 0.3725
v 0.349182 0.507019 -0.073662 0.9568 0.6393 0.3804
v -0.044964 0.537659 -0.073662 0.0784 0.0588 0.0431
v 0.044964 0.537659 -0.073662 0.0863 0.0667 0.0510
v -0.088966 0.552979 -0.073662 0.1294 0.0902 0.0824
v 0.088966 0.552979 -0.073662 0.1255 0.0863 0.0706
v 0.000957 0.570190 -0.073662 0.9607 0.6157 0.3647
v -0.050701 0.573975 -0.073662 0.9607 0.6276 0.3647
v -0.134888 0.573975 -0.073662 0.1020 0.0471 0.0353
v 0.050701 0.573975 -0.073662 0.9607 0.6276 0.3647
v 0.134888 0.573975 -0.073662 0.1098 0.0549 0.0431
v -0.157852 0.581665 -0.073662 0.1255 0.0706 0.0667
v 0.157852 0.581665 -0.073662 0.1412 0.0824 0.0745
v -0.152115 0.593140 -0.073662 0.1843 0.1020 0.0863
v 0.152115 0.593140 -0.073662 0.1882 0.1059 0.0941
v -0.154022 0.600769 -0.073662 0.1647 0.0941 0.0784
v 0.154022 0.600769 -0.073662 0.1647 0.0941 0.0784
v -0.176987 0.679199 -0.073662 0.5373 0.3568 0.2275
v 0.176987 0.679199 -0.073662 0.2235 0.1294 0.1059
v -0.190369 0.698364 -0.073662 0.0941 0.0549 0.0471
v 0.190369 0.698364 -0.073662 0.1255 0.0706 0.0667
v -0.196121 0.832275 -0.073662 0.3059 0.2627 0.1804
v 0.196121 0.834229 -0.073662 0.3529 0.3098 0.2314
v -0.035397 0.956665 -0.073662 0.3294 0.2863 0.2078
v 0.035397 0.956665 -0.073662 0.3294 0.2863 0.2078
v -0.022003 0.958557 -0.073662 0.3059 0.2627 0.1843
v -0.025830 0.086121 -0.075577 0.1373 0.1137 0.1020
v 0.025830 0.086121 -0.075577 0.1294 0.0980 0.0863
v -0.110015 0.112885 -0.075577 0.1216 0.0902 0.0745
v 0.110015 0.112885 -0.075577 0.1333 0.0941 0.0863
v -0.111930 0.124390 -0.075577 0.1373 0.1059 0.0941
v 0.111930 0.124390 -0.075577 0.1451 0.1137 0.1020
v 0.111930 0.133942 -0.075577 0.1490 0.1176 0.1059
v -0.111930 0.135864 -0.075577 0.1451 0.1059 0.0980
v -0.110015 0.139679 -0.075577 0.1530 0.1137 0.1059
v 0.110015 0.139679 -0.075577 0.1569 0.1176 0.1098
v -0.010523 0.241089 -0.075577 0.1176 0.0902 0.0745
v 0.000957 0.244919 -0.075577 0.1059 0.0745 0.0627
v -0.307098 0.461121 -0.075577 0.0902 0.0549 0.0392
v 0.307098 0.461121 -0.075577 0.1176 0.0824 0.0627
v -0.412323 0.476410 -0.075577 0.9529 0.6354 0.3804
v 0.412323 0.476410 -0.075577 0.8392 0.5608 0.3372
v -0.335785 0.489807 -0.075577 0.8823 0.5764 0.3333
v 0.335785 0.489807 -0.075577 0.2157 0.1530 0.1255
v -0.412323 0.495545 -0.075577 0.9686 0.6393 0.3647
v 0.412323 0.495544 -0.075577 0.9686 0.6432 0.3686
v -0.383606 0.507019 -0.075577 0.9725 0.6471 0.3725
v 0.383606 0.507019 -0.075577 0.9686 0.6510 0.3725
v -0.307098 0.518494 -0.075577 0.1294 0.0980 0.0863
v 0.307098 0.518494 -0.075577 0.1451 0.1059 0.0980
v -0.046875 0.547241 -0.075577 0.0627 0.0431 0.0314
v 0.046875 0.547241 -0.075577 0.1137 0.0784 0.0549
v -0.119583 0.577820 -0.075577 0.1255 0.0706 0.0510
v -0.154022 0.577820 -0.075577 0.1176 0.0627 0.0627
v 0.119583 0.577820 -0.075577 0.1412 0.0824 0.0627
v 0.154022 0.577820 -0.075577 0.1412 0.0824 0.0784
v -0.155930 0.585449 -0.075577 0.1569 0.0863 0.0784
v 0.155930 0.585449 -0.075577 0.1569 0.0824 0.0745
v -0.182724 0.606506 -0.075577 0.1765 0.0980 0.0863
v 0.182724 0.606506 -0.075577 0.1765 0.0980 0.0784
v -0.178894 0.619934 -0.075577 0.2078 0.1255 0.1059
v 0.178894 0.619934 -0.075577 0.2157 0.1294 0.1098
v -0.217163 0.707947 -0.075577 0.1686 0.0980 0.0824
v 0.217163 0.707947 -0.075577 0.1765 0.1020 0.0980
v -0.215240 0.725159 -0.075577 0.2118 0.1373 0.1216
v 0.215240 0.725159 -0.075577 0.2118 0.1373 0.1216
v -0.188461 0.851440 -0.075577 0.3098 0.2667 0.1843
v 0.188461 0.851440 -0.075577 0.3255 0.2823 0.2039
v -0.056442 0.954712 -0.075577 0.3255 0.2823 0.2039
v 0.056442 0.954712 -0.075577 0.3255 0.2823 0.2000
v -0.010523 0.975769 -0.075577 0.3490 0.3059 0.2196
v 0.010523 0.975769 -0.075577 0.3451 0.3019 0.2157
v -0.079399 0.001923 -0.077492 0.9451 0.8470 0.7608
v -0.108100 0.001923 -0.077492 0.9255 0.8274 0.7490
v 0.079399 0.001923 -0.077492 0.9490 0.8509 0.7647
v 0.108101 0.001923 -0.077492 0.9686 0.8706 0.7882
v -0.043049 0.003845 -0.077492 0.9333 0.8509 0.7686
v 0.043049 0.003845 -0.077492 0.9411 0.8431 0.7568
v -0.115753 0.044006 -0.077492 0.1137 0.0941 0.0863
v 0.115753 0.044006 -0.077492 0.1255 0.0941 0.0902
v -0.029656 0.076538 -0.077492 0.8117 0.7333 0.6667
v 0.029656 0.076538 -0.077492 0.2941 0.2588 0.2314
v -0.027743 0.078461 -0.077492 0.6471 0.5804 0.5294
v 0.027743 0.078461 -0.077492 0.1020 0.0863 0.0667
v -0.106186 0.086121 -0.077492 0.1530 0.1137 0.1059
v 0.106186 0.086121 -0.077492 0.1490 0.1059 0.0980
v -0.050701 0.095673 -0.077492 0.1216 0.0980 0.0863
v 0.050701 0.095673 -0.077492 0.1255 0.0980 0.0863
v -0.050701 0.097595 -0.077492 0.1098 0.0824 0.0706
v 0.050701 0.097595 -0.077492 0.1098 0.0824 0.0706
v -0.035397 0.107147 -0.077492 0.1020 0.0706 0.0588
v 0.035397 0.107147 -0.077492 0.0706 0.0510 0.0353
v -0.090881 0.109070 -0.077492 0.1098 0.0824 0.0706
v 0.090881 0.109070 -0.077492 0.1137 0.0824 0.0706
v -0.234375 0.453461 -0.077492 0.0863 0.0549 0.0431
v 0.234375 0.453461 -0.077492 0.0863 0.0549 0.0431
v -0.257355 0.455383 -0.077492 0.0941 0.0549 0.0471
v 0.257355 0.455383 -0.077492 0.0941 0.0627 0.0510
v -0.280304 0.457275 -0.077492 0.1020 0.0706 0.0588
v -0.299438 0.457275 -0.077492 0.0863 0.0471 0.0392
v 0.280304 0.457275 -0.077492 0.0941 0.0627 0.0510
v 0.299438 0.457275 -0.077492 0.1059 0.0745 0.0627
v -0.310913 0.476410 -0.077492 0.1176 0.0863 0.0745
v -0.322388 0.476410 -0.077492 0.1098 0.0784 0.0706
v -0.333862 0.476410 -0.077492 0.0745 0.0314 0.0314
v -0.419983 0.476410 -0.077492 0.9490 0.6315 0.3765
v -0.421875 0.476410 -0.077492 0.9451 0.6276 0.3725
v -0.429535 0.476410 -0.077492 0.9568 0.6315 0.3725
v 0.310913 0.476410 -0.077492 0.1216 0.0824 0.0745
v 0.322388 0.476410 -0.077492 0.1255 0.0863 0.0784
v 0.333862 0.476410 -0.077492 0.2000 0.1451 0.1098
v 0.419983 0.476410 -0.077492 0.6118 0.4235 0.2706
v 0.421875 0.476410 -0.077492 0.8000 0.5255 0.3176
v 0.429535 0.476410 -0.077492 0.9568 0.6354 0.3843
v -0.458252 0.478333 -0.077492 0.9882 0.6510 0.3765
v 0.458252 0.478333 -0.077492 0.9725 0.6432 0.3804
v -0.458252 0.491730 -0.077492 0.9529 0.6354 0.3804
v 0.458252 0.491730 -0.077492 0.9098 0.6236 0.3882
v -0.421875 0.493652 -0.077492 0.9725 0.6315 0.3568
v -0.431458 0.493652 -0.077492 0.9568 0.6315 0.3647
v 0.421875 0.493652 -0.077492 0.9647 0.6354 0.3765
v 0.431457 0.493652 -0.077492 0.9725 0.6393 0.3725
v -0.421875 0.495545 -0.077492 0.9647 0.6315 0.3608
v 0.421875 0.495544 -0.077492 0.9647 0.6393 0.3686
v -0.322388 0.501282 -0.077492 0.1098 0.0784 0.0706
v -0.333862 0.501282 -0.077492 0.2235 0.1294 0.0627
v 0.322388 0.501282 -0.077492 0.1333 0.0941 0.0863
v 0.333862 0.501282 -0.077492 0.2000 0.1490 0.1176
v -0.150192 0.573975 -0.077492 0.1255 0.0706 0.0588
v 0.150192 0.573975 -0.077492 0.1255 0.0706 0.0588
v -0.098534 0.589294 -0.077492 0.1725 0.1137 0.0941
v 0.098534 0.589294 -0.077492 0.2039 0.1294 0.1059
v -0.106186 0.595032 -0.077492 0.5686 0.3804 0.2667
v 0.106186 0.595032 -0.077492 0.3921 0.2510 0.1765
v -0.171234 0.602722 -0.077492 0.1333 0.0745 0.0627
v 0.171234 0.602722 -0.077492 0.1373 0.0784 0.0667
v -0.198029 0.698364 -0.077492 0.1333 0.0667 0.0627
v 0.198029 0.698364 -0.077492 0.1333 0.0745 0.0627
v -0.226730 0.717468 -0.077492 0.1961 0.1216 0.0980
v 0.226730 0.717468 -0.077492 0.2078 0.1294 0.1137
v -0.226730 0.721313 -0.077492 0.1922 0.1176 0.0941
v 0.226730 0.721313 -0.077492 0.1843 0.1137 0.0980
v -0.180801 0.870544 -0.077492 0.3059 0.2627 0.1843
v 0.180801 0.870544 -0.077492 0.3255 0.2823 0.2039
v -0.037308 0.956665 -0.077492 0.3372 0.2941 0.2157
v 0.037308 0.956665 -0.077492 0.3333 0.2902 0.2118
v -0.023916 0.958557 -0.077492 0.3137 0.2745 0.1961
v 0.022003 0.958557 -0.077492 0.3333 0.2902 0.2118
v -0.056442 0.003845 -0.079399 0.9411 0.8431 0.7568
v 0.056442 0.003845 -0.079399 0.9490 0.8509 0.7647
v -0.115753 0.038269 -0.079399 0.0706 0.0431 0.0392
v 0.115753 0.038269 -0.079399 0.0784 0.0549 0.0510
v -0.029656 0.074616 -0.079399 0.1686 0.1373 0.1294
v 0.029656 0.074616 -0.079399 0.7960 0.7098 0.6079
v -0.088966 0.089935 -0.079399 0.1137 0.0863 0.0784
v 0.088966 0.089935 -0.079399 0.1176 0.0863 0.0745
v -0.088966 0.093750 -0.079399 0.1098 0.0784 0.0706
v 0.088966 0.093750 -0.079399 0.1059 0.0745 0.0667
v -0.052616 0.109070 -0.079399 0.0980 0.0784 0.0627
v 0.052616 0.109070 -0.079399 0.0941 0.0706 0.0588
v -0.027743 0.133942 -0.079399 0.1333 0.1020 0.0980
v 0.027743 0.133942 -0.079399 0.1216 0.0863 0.0784
v -0.029656 0.137756 -0.079399 0.1412 0.1098 0.0980
v 0.029656 0.137756 -0.079399 0.1333 0.0941 0.0863
v -0.092796 0.195160 -0.079399 0.1294 0.0980 0.0902
v 0.092796 0.195160 -0.079399 0.1333 0.1020 0.0902
v -0.090881 0.214294 -0.079399 0.1373 0.0980 0.0902
v 0.090881 0.214294 -0.079399 0.1294 0.0980 0.0902
v -0.088966 0.235352 -0.079399 0.1373 0.1059 0.0941
v 0.088966 0.235352 -0.079399 0.1333 0.1020 0.0941
v -0.087059 0.260223 -0.079399 0.1333 0.1020 0.0902
v 0.087059 0.260223 -0.079399 0.1333 0.1020 0.0863
v -0.110016 0.440064 -0.079399 0.1098 0.0706 0.0627
v 0.110016 0.440063 -0.079399 0.1176 0.0863 0.0745
v -0.123405 0.445801 -0.079399 0.0941 0.0627 0.0510
v 0.123405 0.445801 -0.079399 0.0941 0.0627 0.0510
v -0.142548 0.447723 -0.079399 0.0941 0.0627 0.0510
v 0.142548 0.447723 -0.079399 0.0824 0.0510 0.0392
v -0.165497 0.449646 -0.079399 0.0941 0.0627 0.0510
v 0.165497 0.449646 -0.079399 0.0941 0.0627 0.0510
v -0.188461 0.451538 -0.079399 0.0980 0.0667 0.0549
v 0.188461 0.451538 -0.079399 0.0980 0.0667 0.0549
v -0.211426 0.453461 -0.079399 0.0980 0.0667 0.0549
v 0.211426 0.453461 -0.079399 0.0980 0.0667 0.0549
v -0.360657 0.470673 -0.079399 0.9607 0.6393 0.3843
v 0.360657 0.470673 -0.079399 0.9529 0.6354 0.3843
v -0.410400 0.472595 -0.079399 0.9490 0.6315 0.3765
v 0.410400 0.472595 -0.079399 0.9568 0.6354 0.3843
v -0.429535 0.476410 -0.079399 0.9568 0.6315 0.3765
v -0.441009 0.476410 -0.079399 0.9647 0.6471 0.3882
v -0.450592 0.476410 -0.079399 0.9764 0.6432 0.3804
v 0.429535 0.476410 -0.079399 0.8470 0.5490 0.3372
v 0.441009 0.476410 -0.079399 0.9607 0.6432 0.3843
v 0.450592 0.476410 -0.079399 0.9843 0.6432 0.3725
v -0.429535 0.478333 -0.079399 0.9490 0.6276 0.3725
v 0.429535 0.478333 -0.079399 0.9529 0.6315 0.3804
v -0.439117 0.485993 -0.079399 0.9568 0.6315 0.3725
v -0.458252 0.485993 -0.079399 0.9607 0.6393 0.3804
v 0.439117 0.485992 -0.079399 0.9647 0.6393 0.3843
v 0.458252 0.485993 -0.079399 0.9294 0.6315 0.3882
v -0.322388 0.489807 -0.079399 0.1098 0.0784 0.0706
v 0.322388 0.489807 -0.079399 0.1294 0.0902 0.0824
v -0.431458 0.493652 -0.079399 0.9529 0.6276 0.3647
v -0.441010 0.493652 -0.079399 0.9607 0.6236 0.3568
v -0.450592 0.493652 -0.079399 0.9451 0.6315 0.3843
v 0.431457 0.493652 -0.079399 0.9686 0.6354 0.3725
v 0.441009 0.493652 -0.079399 0.9647 0.6315 0.3647
v 0.450592 0.493652 -0.079399 0.9490 0.6354 0.3804
v -0.310913 0.503235 -0.079399 0.1216 0.0902 0.0784
v 0.310913 0.503235 -0.079399 0.1216 0.0902 0.0784
v -0.362579 0.507019 -0.079399 0.9568 0.6315 0.3725
v 0.362579 0.507019 -0.079399 0.9490 0.6354 0.3725
v -0.186554 0.518494 -0.079399 0.1333 0.0941 0.0824
v -0.209503 0.518494 -0.079399 0.1294 0.0980 0.0863
v -0.232468 0.518494 -0.079399 0.1373 0.0980 0.0902
v -0.255432 0.518494 -0.079399 0.1373 0.0980 0.0902
v 0.186554 0.518494 -0.079399 0.1333 0.1020 0.0902
v 0.209503 0.518494 -0.079399 0.1373 0.0980 0.0902
v 0.232468 0.518494 -0.079399 0.1333 0.0980 0.0902
v 0.255432 0.518494 -0.079399 0.1333 0.0980 0.0902
v -0.278381 0.520447 -0.079399 0.1373 0.0980 0.0902
v -0.297516 0.520447 -0.079399 0.1373 0.0980 0.0902
v 0.278381 0.520447 -0.079399 0.1373 0.0980 0.0902
v 0.297516 0.520447 -0.079399 0.1412 0.1020 0.0941
v -0.048790 0.556763 -0.079399 0.1412 0.0980 0.0784
v 0.048790 0.556763 -0.079399 0.1647 0.1059 0.0784
v -0.079399 0.585449 -0.079399 0.9607 0.6118 0.3529
v 0.079399 0.585449 -0.079399 0.9568 0.6039 0.3568
v -0.186554 0.610352 -0.079399 0.1686 0.0980 0.0784
v 0.186554 0.610352 -0.079399 0.1804 0.1020 0.0902
v -0.207596 0.702209 -0.079399 0.1608 0.0863 0.0745
v 0.207596 0.702209 -0.079399 0.1686 0.0902 0.0824
v -0.224808 0.713684 -0.079399 0.1882 0.1137 0.0980
v 0.224808 0.713684 -0.079399 0.2000 0.1176 0.0980
v -0.222900 0.725159 -0.079399 0.2000 0.1294 0.1137
v 0.222900 0.725159 -0.079399 0.2118 0.1333 0.1176
v -0.199936 0.730896 -0.079399 0.2196 0.1373 0.1255
v 0.198029 0.730896 -0.079399 0.2039 0.1294 0.1059
v -0.196121 0.734741 -0.079399 0.2235 0.1412 0.1216
v 0.196121 0.734741 -0.079399 0.2196 0.1373 0.1176
v -0.192291 0.740417 -0.079399 0.2039 0.1216 0.1020
v 0.192291 0.740417 -0.079399 0.2353 0.1490 0.1255
v -0.171234 0.885864 -0.079399 0.2980 0.2549 0.1765
v 0.171234 0.885864 -0.079399 0.3019 0.2588 0.1804
v -0.157852 0.901184 -0.079399 0.3176 0.2745 0.1882
v 0.157852 0.901184 -0.079399 0.3294 0.2863 0.2078
v -0.142548 0.916443 -0.079399 0.3059 0.2627 0.1765
v 0.142548 0.916443 -0.079399 0.3176 0.2745 0.2039
v -0.023916 0.956665 -0.079399 0.3098 0.2784 0.1961
v -0.023916 0.966187 -0.079399 0.3019 0.2667 0.1961
v 0.023916 0.966187 -0.079399 0.2941 0.2588 0.1922
v 0.000957 0.977722 -0.079399 0.3294 0.2863 0.2039
v -0.037308 0.003845 -0.081314 0.9607 0.8627 0.7843
v -0.113838 0.003845 -0.081314 0.9411 0.8392 0.7529
v 0.037308 0.003845 -0.081314 0.9333 0.8353 0.7529
v 0.113838 0.003845 -0.081314 0.9725 0.8823 0.7882
v -0.117668 0.030609 -0.081314 0.9215 0.8274 0.7372
v 0.117668 0.030609 -0.081314 0.9176 0.8117 0.7255
v -0.025830 0.070801 -0.081314 0.1569 0.1412 0.1294
v 0.025830 0.070801 -0.081314 0.1451 0.1216 0.1020
v -0.108100 0.082275 -0.081314 0.1451 0.1098 0.0902
v 0.108101 0.082275 -0.081314 0.1373 0.1020 0.0980
v -0.079399 0.109070 -0.081314 0.1137 0.0824 0.0706
v 0.079399 0.109070 -0.081314 0.1098 0.0784 0.0667
v -0.031571 0.110992 -0.081314 0.1176 0.0863 0.0667
v 0.031571 0.110992 -0.081314 0.0667 0.0314 0.0235
v -0.029656 0.122467 -0.081314 0.1255 0.0941 0.0824
v 0.029656 0.122467 -0.081314 0.1137 0.0824 0.0706
v -0.094711 0.143494 -0.081314 0.1020 0.0784 0.0627
v 0.094711 0.143494 -0.081314 0.0941 0.0745 0.0588
v -0.094711 0.168396 -0.081314 0.1333 0.1020 0.0902
v 0.094711 0.168396 -0.081314 0.1333 0.1020 0.0902
v -0.087059 0.273621 -0.081314 0.1059 0.0824 0.0667
v 0.087059 0.273621 -0.081314 0.1020 0.0824 0.0667
v -0.345367 0.478333 -0.081314 0.9372 0.6157 0.3568
v -0.439117 0.478333 -0.081314 0.9686 0.6550 0.3961
v 0.345367 0.478332 -0.081314 0.9921 0.6785 0.4000
v 0.439117 0.478333 -0.081314 0.9686 0.6510 0.3921
v -0.450592 0.485993 -0.081314 0.9568 0.6393 0.3804
v 0.450592 0.485992 -0.081314 0.9607 0.6432 0.3882
v -0.310913 0.489807 -0.081314 0.1216 0.0902 0.0784
v -0.333862 0.489807 -0.081314 0.1020 0.0431 0.0275
v 0.310913 0.489807 -0.081314 0.1216 0.0863 0.0784
v 0.333862 0.489807 -0.081314 0.2039 0.1490 0.1176
v -0.439117 0.493652 -0.081314 0.9490 0.6276 0.3568
v 0.439117 0.493652 -0.081314 0.9647 0.6354 0.3608
v -0.345367 0.499390 -0.081314 0.9215 0.6079 0.3608
v -0.410400 0.499390 -0.081314 0.9725 0.6432 0.3647
v 0.345367 0.499390 -0.081314 0.9960 0.6745 0.3921
v 0.410400 0.499390 -0.081314 0.9686 0.6432 0.3686
v -0.397003 0.503235 -0.081314 0.9764 0.6471 0.3725
v 0.397003 0.503235 -0.081314 0.9686 0.6510 0.3765
v -0.140625 0.518494 -0.081314 0.1333 0.0941 0.0863
v -0.163589 0.518494 -0.081314 0.1333 0.0941 0.0863
v 0.140625 0.518494 -0.081314 0.1333 0.0941 0.0863
v 0.163589 0.518494 -0.081314 0.1333 0.0941 0.0902
v -0.029655 0.573975 -0.081314 0.9568 0.6157 0.3529
v -0.131058 0.573975 -0.081314 0.1020 0.0471 0.0353
v -0.146362 0.573975 -0.081314 0.1216 0.0667 0.0549
v 0.029655 0.573975 -0.081314 0.9647 0.6157 0.3568
v 0.131058 0.573975 -0.081314 0.1059 0.0549 0.0431
v 0.146362 0.573975 -0.081314 0.1255 0.0706 0.0588
v -0.102364 0.581665 -0.081314 0.1490 0.0941 0.0745
v 0.102364 0.581665 -0.081314 0.1922 0.1176 0.0941
v -0.110016 0.587402 -0.081314 0.1530 0.0902 0.0706
v -0.154022 0.587402 -0.081314 0.1530 0.0784 0.0588
v 0.110016 0.587402 -0.081314 0.1765 0.1059 0.0863
v 0.154022 0.587402 -0.081314 0.1608 0.0863 0.0745
v -0.087059 0.591248 -0.081314 0.8353 0.5255 0.3098
v 0.087059 0.591248 -0.081314 0.8980 0.5725 0.3451
v -0.152115 0.600769 -0.081314 0.1647 0.0941 0.0784
v 0.152115 0.600769 -0.081314 0.1608 0.0902 0.0745
v -0.154022 0.606506 -0.081314 0.1333 0.0745 0.0627
v 0.154022 0.606506 -0.081314 0.1333 0.0745 0.0627
v -0.173157 0.642883 -0.081314 0.2157 0.1333 0.1137
v 0.173157 0.642883 -0.081314 0.1725 0.0980 0.0824
v -0.173157 0.654358 -0.081314 0.2196 0.1373 0.1176
v 0.173157 0.654358 -0.081314 0.1843 0.1098 0.0902
v -0.175064 0.692627 -0.081314 0.1725 0.0941 0.0902
v 0.175064 0.692627 -0.081314 0.1569 0.0863 0.0784
v -0.176987 0.700256 -0.081314 0.1373 0.0784 0.0667
v -0.182724 0.700256 -0.081314 0.1294 0.0745 0.0627
v 0.176987 0.700256 -0.081314 0.1412 0.0745 0.0667
v 0.182724 0.700256 -0.081314 0.1412 0.0745 0.0627
v -0.215240 0.707947 -0.081314 0.1882 0.1098 0.0941
v 0.215240 0.707947 -0.081314 0.1843 0.1059 0.0902
v -0.222900 0.711731 -0.081314 0.2000 0.1255 0.1098
v 0.222900 0.711731 -0.081314 0.1961 0.1216 0.1059
v -0.211426 0.725159 -0.081314 0.1804 0.1098 0.0941
v -0.220993 0.725159 -0.081314 0.1804 0.1098 0.0941
v 0.211426 0.725159 -0.081314 0.2039 0.1294 0.1059
v 0.220993 0.725159 -0.081314 0.2000 0.1176 0.0980
v -0.203766 0.727051 -0.081314 0.2039 0.1294 0.1176
v 0.203766 0.727051 -0.081314 0.2196 0.1451 0.1216
v -0.123405 0.929871 -0.081314 0.3176 0.2745 0.1961
v 0.123405 0.929871 -0.081314 0.3294 0.2863 0.2039
v -0.100449 0.939453 -0.081314 0.3333 0.3019 0.2118
v 0.100449 0.939453 -0.081314 0.3412 0.2980 0.2157
v -0.077492 0.947083 -0.081314 0.3451 0.3019 0.2157
v 0.077492 0.947083 -0.081314 0.3255 0.2823 0.2039
v -0.056442 0.952820 -0.081314 0.3372 0.2941 0.2157
v 0.056442 0.952820 -0.081314 0.3255 0.2823 0.2039
v -0.006697 0.975769 -0.081314 0.3294 0.2863 0.2078
v 0.006697 0.975769 -0.081314 0.3412 0.2941 0.2157
v -0.117668 0.011505 -0.083229 0.9568 0.8470 0.7529
v 0.117668 0.011505 -0.083229 0.9529 0.8431 0.7608
v -0.117668 0.028717 -0.083229 0.9137 0.8117 0.7294
v 0.117668 0.028717 -0.083229 0.9176 0.8117 0.7294
v -0.102363 0.061249 -0.083229 0.8706 0.7647 0.6785
v 0.102363 0.061249 -0.083229 0.9255 0.8196 0.7216
v -0.108100 0.068878 -0.083229 0.0824 0.0549 0.0549
v 0.108101 0.068878 -0.083229 0.0863 0.0588 0.0627
v -0.108100 0.070801 -0.083229 0.0902 0.0588 0.0588
v 0.108101 0.070801 -0.083229 0.0784 0.0588 0.0549
v -0.110015 0.078461 -0.083229 0.1216 0.0902 0.0824
v 0.110015 0.078461 -0.083229 0.1216 0.0902 0.0824
v -0.077492 0.093750 -0.083229 0.0824 0.0667 0.0627
v 0.077492 0.093750 -0.083229 0.0941 0.0745 0.0627
v -0.064094 0.097595 -0.083229 0.1020 0.0824 0.0667
v -0.077492 0.097595 -0.083229 0.1020 0.0824 0.0667
v 0.064095 0.097595 -0.083229 0.1059 0.0784 0.0667
v 0.077492 0.097595 -0.083229 0.0980 0.0784 0.0627
v -0.064094 0.099518 -0.083229 0.1020 0.0824 0.0667
v 0.064095 0.099518 -0.083229 0.1059 0.0745 0.0627
v -0.066009 0.109070 -0.083229 0.1098 0.0784 0.0667
v -0.096618 0.109070 -0.083229 0.0941 0.0706 0.0588
v 0.066010 0.109070 -0.083229 0.1020 0.0706 0.0588
v 0.094711 0.109070 -0.083229 0.1020 0.0706 0.0588
v -0.106186 0.428589 -0.083229 0.1255 0.0863 0.0784
v 0.106186 0.428589 -0.083229 0.1176 0.0863 0.0784
v -0.419983 0.470673 -0.083229 0.9490 0.6315 0.3765
v 0.419983 0.470673 -0.083229 0.9529 0.6354 0.3804
v -0.307098 0.472595 -0.083229 0.1216 0.0863 0.0784
v -0.377869 0.472595 -0.083229 0.9529 0.6354 0.3804
v 0.307098 0.472595 -0.083229 0.1294 0.0902 0.0824
v 0.377869 0.472595 -0.083229 0.9607 0.6315 0.3804
v -0.395111 0.474518 -0.083229 0.9490 0.6354 0.3804
v 0.395111 0.474518 -0.083229 0.9490 0.6354 0.3843
v -0.444855 0.482178 -0.083229 0.9804 0.6589 0.3961
v 0.444855 0.482178 -0.083229 0.9804 0.6628 0.4000
v -0.444855 0.485993 -0.083229 0.9607 0.6471 0.3882
v 0.444855 0.485992 -0.083229 0.9647 0.6510 0.3843
v -0.345367 0.489807 -0.083229 0.9255 0.6157 0.3568
v 0.345367 0.489807 -0.083229 0.9960 0.6745 0.3961
v -0.444855 0.491730 -0.083229 0.9490 0.6354 0.3765
v 0.444855 0.491730 -0.083229 0.9451 0.6354 0.3804
v -0.419983 0.499390 -0.083229 0.9686 0.6393 0.3686
v 0.419983 0.499390 -0.083229 0.9725 0.6393 0.3765
v -0.379791 0.503235 -0.083229 0.9529 0.6315 0.3725
v 0.379791 0.503235 -0.083229 0.9451 0.6354 0.3725
v -0.123405 0.518494 -0.083229 0.1255 0.0863 0.0784
v 0.123405 0.518494 -0.083229 0.1255 0.0941 0.0824
v -0.111931 0.520447 -0.083229 0.1020 0.0706 0.0627
v 0.111931 0.520447 -0.083229 0.0980 0.0667 0.0549
v -0.037308 0.535706 -0.083229 0.0745 0.0549 0.0392
v 0.037308 0.535706 -0.083229 0.0980 0.0667 0.0549
v -0.050701 0.562500 -0.083229 0.1412 0.1059 0.0863
v 0.050701 0.562500 -0.083229 0.1373 0.1020 0.0824
v -0.088966 0.583557 -0.083229 0.1647 0.1059 0.0941
v 0.088966 0.583557 -0.083229 0.1961 0.1255 0.1059
v -0.152115 0.596985 -0.083229 0.1804 0.1020 0.0902
v 0.152115 0.596985 -0.083229 0.1765 0.0980 0.0863
v -0.184631 0.616089 -0.083229 0.2039 0.1216 0.1020
v 0.184631 0.616089 -0.083229 0.2118 0.1216 0.1059
v -0.173157 0.631409 -0.083229 0.2275 0.1451 0.1255
v 0.173157 0.631409 -0.083229 0.2039 0.1216 0.1020
v -0.175064 0.669678 -0.083229 0.2118 0.1294 0.1176
v 0.175064 0.669678 -0.083229 0.2039 0.1255 0.1020
v -0.175064 0.683044 -0.083229 0.1765 0.1020 0.0863
v 0.175064 0.683044 -0.083229 0.2157 0.1255 0.1176
v -0.188461 0.698364 -0.083229 0.1294 0.0706 0.0588
v 0.188461 0.698364 -0.083229 0.1333 0.0745 0.0627
v -0.219070 0.725159 -0.083229 0.1882 0.1176 0.1020
v 0.219070 0.725159 -0.083229 0.2275 0.1530 0.1294
v -0.190369 0.746216 -0.083229 0.1725 0.1020 0.0784
v 0.190369 0.746216 -0.083229 0.1765 0.1020 0.0863
v -0.037308 0.954712 -0.083229 0.3412 0.2980 0.2196
v -0.023916 0.956665 -0.083229 0.3333 0.2902 0.2118
v 0.037308 0.956665 -0.083229 0.3255 0.2823 0.2039
v -0.018177 0.973877 -0.083229 0.3529 0.3098 0.2235
v 0.018177 0.973877 -0.083229 0.3451 0.3019 0.2196
v -0.088966 0.001923 -0.085144 0.9411 0.8431 0.7568
v 0.088966 0.001923 -0.085144 0.9411 0.8549 0.7725
v -0.031571 0.003845 -0.085144 0.9882 0.8862 0.8000
v -0.046875 0.003845 -0.085144 0.9411 0.8549 0.7725
v -0.069839 0.003845 -0.085144 0.9411 0.8431 0.7568
v 0.031571 0.003845 -0.085144 0.9058 0.8117 0.7333
v 0.046875 0.003845 -0.085144 0.9411 0.8431 0.7568
v 0.069839 0.003845 -0.085144 0.9490 0.8509 0.7647
v -0.025830 0.057404 -0.085144 0.1804 0.1490 0.1373
v 0.025830 0.057404 -0.085144 0.1176 0.0784 0.0706
v -0.102363 0.059326 -0.085144 0.7804 0.7020 0.6236
v 0.102363 0.059326 -0.085144 0.5764 0.5216 0.4823
v -0.106186 0.063141 -0.085144 0.2078 0.1804 0.1725
v 0.106186 0.063141 -0.085144 0.8313 0.7294 0.6471
v -0.044964 0.099518 -0.085144 0.1373 0.1137 0.1020
v 0.044964 0.099518 -0.085144 0.1333 0.1098 0.0980
v -0.046875 0.141602 -0.085144 0.1137 0.0863 0.0745
v 0.046875 0.141602 -0.085144 0.1098 0.0784 0.0667
v -0.044964 0.164551 -0.085144 0.1216 0.0902 0.0824
v 0.044964 0.164551 -0.085144 0.1294 0.0980 0.0863
v -0.043049 0.185608 -0.085144 0.1216 0.0902 0.0824
v 0.043049 0.185608 -0.085144 0.1294 0.0980 0.0863
v -0.041138 0.200897 -0.085144 0.1255 0.0941 0.0863
v 0.041138 0.200897 -0.085144 0.1255 0.0941 0.0824
v -0.039223 0.216217 -0.085144 0.1255 0.0941 0.0863
v 0.039223 0.216217 -0.085144 0.1294 0.0980 0.0863
v -0.037308 0.229614 -0.085144 0.1333 0.1020 0.0902
v 0.037308 0.229614 -0.085144 0.1294 0.0980 0.0863
v -0.092796 0.273621 -0.085144 0.0863 0.0667 0.0549
v 0.092796 0.273621 -0.085144 0.0863 0.0667 0.0549
v -0.104279 0.409454 -0.085144 0.1255 0.0863 0.0784
v 0.104279 0.409454 -0.085144 0.1216 0.0902 0.0824
v -0.429535 0.470673 -0.085144 0.9490 0.6315 0.3765
v 0.429535 0.470673 -0.085144 0.9529 0.6354 0.3804
v -0.439117 0.472595 -0.085144 0.9647 0.6510 0.3961
v 0.439117 0.472595 -0.085144 0.9843 0.6667 0.3961
v -0.429535 0.499390 -0.085144 0.9647 0.6354 0.3686
v -0.439117 0.499390 -0.085144 0.9372 0.6236 0.3686
v 0.429535 0.499390 -0.085144 0.9686 0.6393 0.3725
v 0.439117 0.499390 -0.085144 0.9804 0.6354 0.3686
v -0.307098 0.505127 -0.085144 0.1255 0.0902 0.0745
v 0.307098 0.505127 -0.085144 0.1333 0.0980 0.0863
v -0.037308 0.545288 -0.085144 0.0235 0.0235 0.0275
v 0.037308 0.545288 -0.085144 0.1373 0.0902 0.0745
v -0.159759 0.577820 -0.085144 0.1333 0.0667 0.0549
v 0.159759 0.577820 -0.085144 0.1333 0.0627 0.0549
v -0.159759 0.581665 -0.085144 0.1412 0.0706 0.0549
v 0.159759 0.581665 -0.085144 0.1373 0.0667 0.0510
v -0.152115 0.591248 -0.085144 0.1843 0.1020 0.0824
v 0.152115 0.591248 -0.085144 0.1922 0.1098 0.0902
v -0.159759 0.604614 -0.085144 0.1255 0.0667 0.0549
v -0.180801 0.604614 -0.085144 0.1647 0.0941 0.0784
v 0.159759 0.604614 -0.085144 0.1255 0.0667 0.0549
v 0.180801 0.604614 -0.085144 0.1725 0.1020 0.0863
v -0.176987 0.621826 -0.085144 0.2078 0.1255 0.1059
v 0.176987 0.621826 -0.085144 0.2235 0.1333 0.1176
v -0.194199 0.700256 -0.085144 0.1216 0.0667 0.0588
v 0.194199 0.700256 -0.085144 0.1412 0.0706 0.0627
v -0.222900 0.711731 -0.085144 0.1961 0.1216 0.1020
v 0.222900 0.711731 -0.085144 0.1961 0.1216 0.1059
v -0.226730 0.715576 -0.085144 0.2039 0.1294 0.1059
v 0.226730 0.715576 -0.085144 0.2118 0.1294 0.1098
v -0.224808 0.725159 -0.085144 0.1961 0.1255 0.1098
v 0.224808 0.725159 -0.085144 0.2078 0.1333 0.1137
v -0.196121 0.746216 -0.085144 0.1569 0.0863 0.0706
v 0.196121 0.746216 -0.085144 0.1569 0.0980 0.0745
v 0.000957 0.975769 -0.085144 0.3333 0.2902 0.2039
v -0.027743 0.032532 -0.087059 0.8745 0.7882 0.7176
v 0.027743 0.032532 -0.087059 0.8392 0.7568 0.6745
v -0.027743 0.044006 -0.087059 0.1373 0.1059 0.0980
v 0.027743 0.044006 -0.087059 0.0980 0.0667 0.0588
v -0.092796 0.091858 -0.087059 0.1490 0.1216 0.1098
v 0.092796 0.091858 -0.087059 0.1490 0.1137 0.1020
v -0.098533 0.139679 -0.087059 0.1530 0.1098 0.1020
v 0.098533 0.139679 -0.087059 0.1490 0.1176 0.1059
v -0.079399 0.168396 -0.087059 0.1373 0.1059 0.0941
v 0.079399 0.168396 -0.087059 0.1333 0.1020 0.0902
v -0.077492 0.193268 -0.087059 0.1294 0.0980 0.0902
v 0.077492 0.193268 -0.087059 0.1294 0.0980 0.0902
v -0.075577 0.210480 -0.087059 0.1333 0.1020 0.0902
v 0.075577 0.210480 -0.087059 0.1373 0.1059 0.0941
v -0.073662 0.229614 -0.087059 0.1373 0.1059 0.0902
v 0.073662 0.229614 -0.087059 0.1373 0.1059 0.0980
v -0.031570 0.242996 -0.087059 0.1333 0.1020 0.0902
v 0.031571 0.242996 -0.087059 0.1294 0.0980 0.0863
v -0.069839 0.258301 -0.087059 0.1333 0.1020 0.0863
v 0.069839 0.258301 -0.087059 0.1333 0.1020 0.0902
v -0.257355 0.470673 -0.087059 0.1216 0.0902 0.0784
v -0.280304 0.470673 -0.087059 0.1216 0.0902 0.0784
v 0.257355 0.470673 -0.087059 0.1176 0.0863 0.0745
v 0.280304 0.470673 -0.087059 0.1216 0.0902 0.0784
v -0.299438 0.472595 -0.087059 0.1216 0.0902 0.0784
v -0.406586 0.472595 -0.087059 0.9529 0.6354 0.3804
v 0.299438 0.472595 -0.087059 0.1216 0.0941 0.0784
v 0.406586 0.472595 -0.087059 0.9529 0.6393 0.3921
v -0.358734 0.478333 -0.087059 0.9607 0.6315 0.3686
v 0.358734 0.478333 -0.087059 0.9647 0.6393 0.3765
v -0.307098 0.489807 -0.087059 0.1216 0.0863 0.0745
v 0.307098 0.489807 -0.087059 0.1294 0.0902 0.0824
v -0.360657 0.499390 -0.087059 0.9607 0.6315 0.3647
v -0.393188 0.499390 -0.087059 0.9490 0.6315 0.3725
v 0.360657 0.499390 -0.087059 0.9568 0.6315 0.3686
v 0.393188 0.499390 -0.087059 0.9451 0.6354 0.3765
v -0.408478 0.501282 -0.087059 0.9764 0.6471 0.3686
v 0.408478 0.501282 -0.087059 0.9647 0.6510 0.3804
v -0.278381 0.505127 -0.087059 0.1294 0.0980 0.0863
v -0.299438 0.505127 -0.087059 0.1333 0.0980 0.0863
v 0.278381 0.505127 -0.087059 0.1255 0.0980 0.0745
v 0.299438 0.505127 -0.087059 0.1333 0.0941 0.0863
v -0.056442 0.564453 -0.087059 0.1373 0.1020 0.0824
v 0.056442 0.564453 -0.087059 0.1333 0.0980 0.0784
v -0.014350 0.573975 -0.087059 0.9607 0.6197 0.3568
v -0.142548 0.573975 -0.087059 0.1098 0.0549 0.0431
v 0.014350 0.573975 -0.087059 0.9647 0.6236 0.3608
v 0.142548 0.573975 -0.087059 0.1098 0.0549 0.0431
v -0.092796 0.575928 -0.087059 0.1412 0.0824 0.0627
v -0.155930 0.575928 -0.087059 0.1294 0.0706 0.0588
v 0.092796 0.575928 -0.087059 0.2000 0.1176 0.0902
v 0.155930 0.575928 -0.087059 0.1294 0.0706 0.0667
v -0.159759 0.585449 -0.087059 0.1686 0.0902 0.0706
v 0.159759 0.585449 -0.087059 0.1647 0.0902 0.0706
v -0.155930 0.587402 -0.087059 0.1647 0.0863 0.0627
v 0.155930 0.587402 -0.087059 0.1686 0.0902 0.0784
v -0.169327 0.602722 -0.087059 0.1333 0.0745 0.0627
v 0.169327 0.602722 -0.087059 0.1373 0.0784 0.0667
v -0.203766 0.702209 -0.087059 0.1412 0.0745 0.0667
v 0.203766 0.702209 -0.087059 0.1451 0.0863 0.0784
v -0.213333 0.707947 -0.087059 0.1882 0.1137 0.0980
v 0.213333 0.707947 -0.087059 0.1843 0.1098 0.0941
v -0.220993 0.711731 -0.087059 0.1882 0.1137 0.0980
v 0.220993 0.711731 -0.087059 0.1961 0.1216 0.1059
v -0.228638 0.719421 -0.087059 0.2118 0.1373 0.1137
v 0.228638 0.719421 -0.087059 0.2196 0.1373 0.1176
v -0.226730 0.723206 -0.087059 0.2039 0.1294 0.1098
v 0.226730 0.723206 -0.087059 0.2078 0.1333 0.1137
v -0.217163 0.725159 -0.087059 0.2275 0.1530 0.1373
v 0.217163 0.725159 -0.087059 0.2039 0.1294 0.1059
v -0.199936 0.750000 -0.087059 0.3098 0.2588 0.1804
v 0.199936 0.750000 -0.087059 0.2823 0.2471 0.1686
v -0.035397 0.954712 -0.087059 0.3216 0.2784 0.2039
v 0.035397 0.954712 -0.087059 0.3216 0.2784 0.2000
v -0.023916 0.956665 -0.087059 0.3451 0.2980 0.2118
v -0.004783 0.975769 -0.087059 0.3333 0.2902 0.2039
v -0.010523 0.975769 -0.087059 0.3333 0.2902 0.2118
v 0.004783 0.975769 -0.087059 0.3333 0.2902 0.2118
v 0.010523 0.975769 -0.087059 0.3372 0.2941 0.2157
v -0.054531 0.003845 -0.088966 0.9372 0.8509 0.7686
v 0.054531 0.003845 -0.088966 0.9451 0.8470 0.7608
v -0.027743 0.007660 -0.088966 0.9451 0.8549 0.7647
v 0.027743 0.007660 -0.088966 0.9843 0.8823 0.7921
v -0.025830 0.028717 -0.088966 0.8706 0.7725 0.6863
v 0.025830 0.028717 -0.088966 0.9137 0.8117 0.7216
v -0.104278 0.057404 -0.088966 0.1373 0.1020 0.0941
v 0.104278 0.057404 -0.088966 0.1412 0.1137 0.0980
v -0.041138 0.095673 -0.088966 0.1373 0.1059 0.0941
v 0.041138 0.095673 -0.088966 0.1216 0.0902 0.0824
v -0.048790 0.109070 -0.088966 0.1098 0.0784 0.0667
v 0.048790 0.109070 -0.088966 0.1020 0.0706 0.0588
v -0.098533 0.112885 -0.088966 0.1176 0.0863 0.0745
v 0.098533 0.112885 -0.088966 0.1176 0.0863 0.0745
v -0.098533 0.124390 -0.088966 0.1373 0.1059 0.0941
v 0.098533 0.124390 -0.088966 0.1412 0.1098 0.0980
v -0.100448 0.135864 -0.088966 0.1451 0.1098 0.1020
v 0.098533 0.135864 -0.088966 0.1451 0.1059 0.0980
v -0.064094 0.143494 -0.088966 0.1098 0.0784 0.0706
v -0.081314 0.143494 -0.088966 0.1059 0.0784 0.0667
v 0.064095 0.143494 -0.088966 0.0941 0.0706 0.0588
v 0.081314 0.143494 -0.088966 0.0941 0.0706 0.0549
v -0.062183 0.166473 -0.088966 0.1294 0.0980 0.0863
v 0.062183 0.166473 -0.088966 0.1333 0.1020 0.0902
v -0.062183 0.189423 -0.088966 0.1294 0.0980 0.0902
v 0.062183 0.189423 -0.088966 0.1333 0.1020 0.0902
v -0.060268 0.206635 -0.088966 0.1333 0.1020 0.0941
v 0.060268 0.206635 -0.088966 0.1294 0.0980 0.0902
v -0.058357 0.223877 -0.088966 0.1373 0.1059 0.0941
v 0.058357 0.223877 -0.088966 0.1333 0.1020 0.0902
v -0.054531 0.237274 -0.088966 0.1373 0.1059 0.0941
v 0.054531 0.237274 -0.088966 0.1333 0.1020 0.0902
v -0.098533 0.273621 -0.088966 0.0863 0.0627 0.0549
v 0.098533 0.273621 -0.088966 0.0863 0.0667 0.0549
v -0.104278 0.386505 -0.088966 0.1333 0.0863 0.0863
v 0.104278 0.386505 -0.088966 0.1333 0.0941 0.0902
v -0.188461 0.466858 -0.088966 0.1216 0.0902 0.0784
v -0.211426 0.466858 -0.088966 0.1255 0.0941 0.0784
v 0.188461 0.466858 -0.088966 0.1176 0.0863 0.0745
v 0.211426 0.466858 -0.088966 0.1176 0.0863 0.0745
v -0.234375 0.468781 -0.088966 0.1216 0.0902 0.0784
v 0.234375 0.468781 -0.088966 0.1176 0.0863 0.0745
v -0.416138 0.470673 -0.088966 0.9529 0.6432 0.3882
v 0.416138 0.470673 -0.088966 0.9529 0.6393 0.3843
v -0.444855 0.476410 -0.088966 0.9921 0.6941 0.4196
v 0.444855 0.476410 -0.088966 0.9882 0.6941 0.4118
v -0.375977 0.478333 -0.088966 0.9607 0.6393 0.3804
v 0.375977 0.478333 -0.088966 0.9607 0.6393 0.3725
v -0.448669 0.485993 -0.088966 0.9647 0.6550 0.3961
v 0.448669 0.485992 -0.088966 0.9647 0.6471 0.3921
v -0.444855 0.497467 -0.088966 0.9176 0.6157 0.3647
v 0.444855 0.497467 -0.088966 0.9411 0.6276 0.3686
v -0.418060 0.501282 -0.088966 0.9725 0.6432 0.3686
v 0.418060 0.501282 -0.088966 0.9647 0.6510 0.3765
v -0.211426 0.503235 -0.088966 0.1294 0.0980 0.0863
v -0.234375 0.503235 -0.088966 0.1294 0.0980 0.0863
v 0.211426 0.503235 -0.088966 0.1294 0.0980 0.0863
v 0.234375 0.503235 -0.088966 0.1294 0.0980 0.0863
v -0.257355 0.505127 -0.088966 0.1333 0.0941 0.0863
v 0.257355 0.505127 -0.088966 0.1255 0.0941 0.0824
v -0.113838 0.524231 -0.088966 0.0824 0.0627 0.0510
v 0.113838 0.524231 -0.088966 0.0941 0.0667 0.0549
v -0.025829 0.535706 -0.088966 0.0784 0.0588 0.0431
v 0.027742 0.535706 -0.088966 0.0863 0.0667 0.0510
v -0.039223 0.554871 -0.088966 0.0902 0.0706 0.0667
v 0.039223 0.554871 -0.088966 0.1961 0.1255 0.0980
v -0.110016 0.573975 -0.088966 0.1373 0.0667 0.0510
v 0.000957 0.573975 -0.088966 0.9686 0.6197 0.3529
v 0.110016 0.573975 -0.088966 0.1647 0.0863 0.0588
v -0.154022 0.575928 -0.088966 0.1294 0.0745 0.0627
v 0.154022 0.575928 -0.088966 0.1294 0.0745 0.0627
v -0.129150 0.577820 -0.088966 0.1098 0.0510 0.0392
v 0.129150 0.577820 -0.088966 0.1098 0.0549 0.0431
v -0.117668 0.581665 -0.088966 0.1137 0.0588 0.0471
v 0.117668 0.581665 -0.088966 0.1373 0.0784 0.0627
v -0.146362 0.596985 -0.088966 0.1882 0.1059 0.0863
v 0.146362 0.596985 -0.088966 0.1765 0.0941 0.0784
v -0.150192 0.602722 -0.088966 0.1373 0.0784 0.0667
v 0.150192 0.602722 -0.088966 0.1490 0.0824 0.0667
v -0.192291 0.612244 -0.088966 0.1882 0.1059 0.0863
v 0.192291 0.612244 -0.088966 0.1765 0.0980 0.0824
v -0.190369 0.614197 -0.088966 0.1961 0.1137 0.0941
v 0.190369 0.614197 -0.088966 0.2118 0.1294 0.1098
v -0.182724 0.617981 -0.088966 0.2275 0.1451 0.1255
v 0.182724 0.617981 -0.088966 0.1922 0.1176 0.1020
v -0.220993 0.713684 -0.088966 0.2000 0.1255 0.1098
v 0.220993 0.713684 -0.088966 0.1922 0.1176 0.0941
v 0.209503 0.723206 -0.088966 0.2157 0.1373 0.1137
v -0.209503 0.725159 -0.088966 0.2078 0.1373 0.1216
v -0.199936 0.753845 -0.088966 0.3098 0.2667 0.1804
v 0.199936 0.753845 -0.088966 0.3255 0.2823 0.1961
v -0.199936 0.765320 -0.088966 0.3568 0.3137 0.2353
v 0.199936 0.765320 -0.088966 0.3451 0.3019 0.2157
v -0.054531 0.950928 -0.088966 0.3294 0.2863 0.2078
v 0.054531 0.950928 -0.088966 0.3333 0.2902 0.2118
v -0.023916 0.954712 -0.088966 0.3451 0.2980 0.2118
v 0.023916 0.954712 -0.088966 0.3372 0.2902 0.2118
v -0.006697 0.975769 -0.088966 0.3294 0.2863 0.2000
v 0.006697 0.975769 -0.088966 0.3294 0.2863 0.2078
v -0.094711 0.001923 -0.090881 0.9255 0.8274 0.7490
v 0.094711 0.001923 -0.090881 0.9607 0.8627 0.7843
v -0.064095 0.003845 -0.090881 0.9451 0.8509 0.7647
v -0.075577 0.003845 -0.090881 0.9411 0.8431 0.7568
v 0.064095 0.003845 -0.090881 0.9411 0.8431 0.7608
v 0.075577 0.003845 -0.090881 0.9411 0.8549 0.7647
v -0.025830 0.015320 -0.090881 0.9137 0.8157 0.7372
v 0.025830 0.015320 -0.090881 0.9764 0.8745 0.7882
v -0.041138 0.082275 -0.090881 0.8706 0.7647 0.6785
v 0.041138 0.082275 -0.090881 0.9647 0.8706 0.7804
v -0.081314 0.109070 -0.090881 0.1098 0.0784 0.0667
v 0.081314 0.109070 -0.090881 0.1098 0.0784 0.0667
v -0.044964 0.139679 -0.090881 0.1451 0.1020 0.0941
v 0.044964 0.139679 -0.090881 0.1490 0.1098 0.1020
v -0.022003 0.254486 -0.090881 0.1333 0.1059 0.0902
v 0.022003 0.254486 -0.090881 0.1294 0.0980 0.0863
v 0.000957 0.256378 -0.090881 0.1255 0.0941 0.0824
v -0.069839 0.273621 -0.090881 0.1098 0.0863 0.0706
v 0.069839 0.273621 -0.090881 0.1059 0.0863 0.0706
v -0.100448 0.279358 -0.090881 0.1176 0.0784 0.0706
v 0.100448 0.279358 -0.090881 0.1176 0.0784 0.0706
v -0.100448 0.290833 -0.090881 0.1294 0.0902 0.0824
v 0.100448 0.290833 -0.090881 0.1216 0.0824 0.0745
v -0.100448 0.300385 -0.090881 0.1176 0.0784 0.0706
v 0.100448 0.300385 -0.090881 0.1216 0.0824 0.0745
v -0.142548 0.463043 -0.090881 0.1176 0.0863 0.0745
v 0.142548 0.463043 -0.090881 0.1137 0.0824 0.0706
v -0.165497 0.464935 -0.090881 0.1216 0.0902 0.0784
v 0.165497 0.464935 -0.090881 0.1216 0.0902 0.0784
v -0.427612 0.468781 -0.090881 0.9529 0.6393 0.3921
v 0.427612 0.468781 -0.090881 0.9568 0.6432 0.3961
v -0.393188 0.478333 -0.090881 0.9725 0.6432 0.3725
v 0.393188 0.478333 -0.090881 0.9568 0.6432 0.3804
v -0.448669 0.482178 -0.090881 0.9843 0.6745 0.4039
v 0.448669 0.482178 -0.090881 0.9882 0.6745 0.4000
v -0.257355 0.487915 -0.090881 0.1255 0.0863 0.0784
v -0.278381 0.487915 -0.090881 0.1255 0.0941 0.0824
v -0.299438 0.487915 -0.090881 0.1255 0.0941 0.0784
v -0.358734 0.487915 -0.090881 0.9568 0.6354 0.3647
v 0.257355 0.487915 -0.090881 0.1255 0.0941 0.0824
v 0.278381 0.487915 -0.090881 0.1255 0.0941 0.0824
v 0.299438 0.487915 -0.090881 0.1255 0.0863 0.0784
v 0.358734 0.487915 -0.090881 0.9607 0.6393 0.3686
v -0.448669 0.491730 -0.090881 0.9255 0.6354 0.3765
v 0.448669 0.491730 -0.090881 0.9333 0.6236 0.3765
v -0.375977 0.495545 -0.090881 0.9647 0.6315 0.3686
v 0.375977 0.495544 -0.090881 0.9647 0.6393 0.3725
v -0.140625 0.501282 -0.090881 0.1216 0.0902 0.0784
v -0.163589 0.501282 -0.090881 0.1333 0.0941 0.0863
v 0.140625 0.501282 -0.090881 0.1255 0.0863 0.0784
v 0.163589 0.501282 -0.090881 0.1216 0.0902 0.0784
v -0.188461 0.503235 -0.090881 0.1294 0.0980 0.0863
v 0.188461 0.503235 -0.090881 0.1255 0.0941 0.0824
v -0.027742 0.543396 -0.090881 0.0667 0.0471 0.0353
v 0.027742 0.543396 -0.090881 0.1059 0.0745 0.0627
v -0.062183 0.562500 -0.090881 0.1412 0.1020 0.0863
v 0.062183 0.562500 -0.090881 0.1294 0.0980 0.0824
v -0.046875 0.579712 -0.090881 0.9725 0.6315 0.3686
v 0.046875 0.579712 -0.090881 0.9725 0.6315 0.3686
v -0.154022 0.589294 -0.090881 0.1804 0.1020 0.0824
v 0.154022 0.589294 -0.090881 0.1843 0.1020 0.0902
v -0.148285 0.591248 -0.090881 0.1843 0.1098 0.0902
v 0.148285 0.591248 -0.090881 0.1608 0.0784 0.0667
v -0.188461 0.606506 -0.090881 0.1804 0.1098 0.0941
v 0.188461 0.606506 -0.090881 0.1882 0.1098 0.0980
v -0.192291 0.608459 -0.090881 0.1882 0.1137 0.0941
v 0.192291 0.608459 -0.090881 0.1961 0.1098 0.0941
v -0.154022 0.610352 -0.090881 0.1216 0.0667 0.0549
v 0.154022 0.610352 -0.090881 0.1216 0.0627 0.0510
v -0.175064 0.705994 -0.090881 0.1451 0.0863 0.0745
v 0.175064 0.705994 -0.090881 0.1451 0.0863 0.0745
v -0.219070 0.723206 -0.090881 0.1961 0.1216 0.1059
v 0.219070 0.723206 -0.090881 0.2039 0.1333 0.1176
v -0.201858 0.725159 -0.090881 0.1922 0.1216 0.1059
v 0.201858 0.725159 -0.090881 0.2078 0.1333 0.1098
v -0.075577 0.945190 -0.090881 0.3412 0.2980 0.2196
v 0.075577 0.945190 -0.090881 0.3294 0.2863 0.2039
v -0.035397 0.952820 -0.090881 0.3412 0.2980 0.2196
v 0.035397 0.952820 -0.090881 0.3255 0.2823 0.2039
v -0.002870 0.975769 -0.090881 0.3608 0.3176 0.2392
v 0.000957 0.975769 -0.090881 0.3451 0.3019 0.2157
v 0.002870 0.975769 -0.090881 0.3372 0.2941 0.2118
v -0.104278 0.049744 -0.092796 0.1333 0.1059 0.0941
v 0.104278 0.049744 -0.092796 0.1569 0.1176 0.1137
v -0.041138 0.080383 -0.092796 0.2706 0.2353 0.2157
v 0.041138 0.080383 -0.092796 0.9725 0.8745 0.7804
v -0.041138 0.084198 -0.092796 0.6432 0.5686 0.5255
v 0.041138 0.084198 -0.092796 0.1843 0.1569 0.1451
v -0.094711 0.088013 -0.092796 0.1451 0.1059 0.0980
v 0.094711 0.088013 -0.092796 0.1333 0.0941 0.0902
v -0.041138 0.091858 -0.092796 0.1255 0.0980 0.0902
v 0.041138 0.091858 -0.092796 0.1176 0.0863 0.0784
v -0.077492 0.095673 -0.092796 0.1373 0.1176 0.1020
v 0.077492 0.095673 -0.092796 0.1333 0.1098 0.0980
v -0.062183 0.099518 -0.092796 0.1333 0.1137 0.0980
v 0.062183 0.099518 -0.092796 0.1333 0.1098 0.0941
v -0.064094 0.109070 -0.092796 0.1020 0.0745 0.0627
v 0.064095 0.109070 -0.092796 0.1020 0.0706 0.0588
v -0.044964 0.112885 -0.092796 0.1216 0.0902 0.0784
v 0.044964 0.112885 -0.092796 0.1176 0.0863 0.0745
v -0.044964 0.124390 -0.092796 0.1373 0.1059 0.0941
v 0.044964 0.124390 -0.092796 0.1373 0.1059 0.0941
v -0.044964 0.133942 -0.092796 0.1373 0.1059 0.0902
v 0.044964 0.133942 -0.092796 0.1412 0.1098 0.0980
v -0.083229 0.139679 -0.092796 0.1490 0.1098 0.1020
v 0.081314 0.139679 -0.092796 0.1530 0.1137 0.1059
v -0.048790 0.256378 -0.092796 0.1333 0.1020 0.0902
v 0.048790 0.256378 -0.092796 0.1294 0.0980 0.0863
v -0.121498 0.461121 -0.092796 0.1176 0.0863 0.0745
v 0.121498 0.461121 -0.092796 0.1137 0.0824 0.0706
v -0.437195 0.470673 -0.092796 0.9255 0.6276 0.3921
v 0.437195 0.470673 -0.092796 0.9882 0.6471 0.3843
v -0.404663 0.474518 -0.092796 0.9804 0.6432 0.3843
v 0.404663 0.474518 -0.092796 0.9529 0.6354 0.3804
v -0.188461 0.484070 -0.092796 0.1255 0.0941 0.0824
v 0.188461 0.484070 -0.092796 0.1216 0.0902 0.0784
v -0.211426 0.485993 -0.092796 0.1255 0.0941 0.0824
v -0.234375 0.485993 -0.092796 0.1216 0.0902 0.0784
v -0.391266 0.485993 -0.092796 0.9607 0.6354 0.3686
v 0.211426 0.485992 -0.092796 0.1216 0.0902 0.0784
v 0.234375 0.485992 -0.092796 0.1216 0.0902 0.0784
v 0.391266 0.485992 -0.092796 0.9647 0.6354 0.3725
v -0.375977 0.487915 -0.092796 0.9607 0.6354 0.3686
v 0.375977 0.487915 -0.092796 0.9686 0.6432 0.3765
v -0.391266 0.493652 -0.092796 0.9607 0.6354 0.3725
v 0.391266 0.493652 -0.092796 0.9568 0.6432 0.3725
v -0.406586 0.497467 -0.092796 0.9647 0.6354 0.3686
v 0.406586 0.497467 -0.092796 0.9411 0.6315 0.3765
v -0.119583 0.501282 -0.092796 0.1176 0.0863 0.0745
v -0.427612 0.501282 -0.092796 0.9725 0.6471 0.3725
v -0.437195 0.501282 -0.092796 0.9451 0.6393 0.3765
v 0.119583 0.501282 -0.092796 0.1176 0.0863 0.0745
v 0.427612 0.501282 -0.092796 0.9686 0.6550 0.3725
v 0.437195 0.501282 -0.092796 0.9960 0.6550 0.3686
v -0.067924 0.552979 -0.092796 0.1137 0.0706 0.0627
v 0.067924 0.552979 -0.092796 0.1137 0.0745 0.0667
v -0.066009 0.556763 -0.092796 0.1333 0.0941 0.0863
v 0.066010 0.556763 -0.092796 0.1255 0.0863 0.0784
v -0.152115 0.575928 -0.092796 0.1176 0.0588 0.0471
v 0.152115 0.575928 -0.092796 0.1255 0.0667 0.0549
v -0.140625 0.577820 -0.092796 0.1059 0.0431 0.0235
v 0.140625 0.577820 -0.092796 0.1020 0.0431 0.0235
v -0.157852 0.579712 -0.092796 0.1333 0.0745 0.0627
v 0.157852 0.579712 -0.092796 0.1451 0.0824 0.0706
v -0.152115 0.587402 -0.092796 0.1647 0.0941 0.0784
v -0.157852 0.587402 -0.092796 0.1843 0.1020 0.0863
v 0.152115 0.587402 -0.092796 0.1686 0.0980 0.0863
v 0.157852 0.587402 -0.092796 0.1765 0.1020 0.0863
v -0.178894 0.604614 -0.092796 0.1490 0.0902 0.0784
v 0.178894 0.604614 -0.092796 0.1569 0.0941 0.0824
v -0.169327 0.642883 -0.092796 0.2000 0.1255 0.1020
v 0.169327 0.642883 -0.092796 0.2078 0.1333 0.1098
v -0.169327 0.656250 -0.092796 0.2000 0.1216 0.1059
v 0.169327 0.656250 -0.092796 0.2196 0.1373 0.1176
v -0.171234 0.698364 -0.092796 0.1725 0.0980 0.0824
v 0.171234 0.698364 -0.092796 0.1922 0.1098 0.0980
v -0.178894 0.704102 -0.092796 0.1373 0.0784 0.0667
v 0.178894 0.704102 -0.092796 0.1373 0.0784 0.0667
v -0.213333 0.709839 -0.092796 0.1686 0.0941 0.0706
v 0.213333 0.709839 -0.092796 0.1804 0.1059 0.0863
v -0.220993 0.717468 -0.092796 0.1725 0.0902 0.0784
v 0.220993 0.717468 -0.092796 0.2078 0.1294 0.1137
v -0.220993 0.721313 -0.092796 0.1804 0.1059 0.0902
v 0.220993 0.721313 -0.092796 0.2078 0.1373 0.1216
v -0.196121 0.729004 -0.092796 0.2078 0.1333 0.1098
v 0.196121 0.729004 -0.092796 0.2157 0.1333 0.1137
v -0.098534 0.937500 -0.092796 0.3333 0.3019 0.2196
v 0.098534 0.937500 -0.092796 0.3372 0.2941 0.2157
v -0.025829 0.962402 -0.092796 0.3098 0.2784 0.2000
v 0.023916 0.962402 -0.092796 0.2902 0.2549 0.1843
v -0.006697 0.973877 -0.092796 0.3333 0.2902 0.2118
v 0.006697 0.973877 -0.092796 0.3372 0.2941 0.2157
v -0.002870 0.975769 -0.092796 0.3490 0.3059 0.2275
v 0.000957 0.975769 -0.092796 0.3333 0.2902 0.2039
v 0.002870 0.975769 -0.092796 0.3333 0.2902 0.2039
v -0.043049 0.003845 -0.094711 0.9804 0.8706 0.7882
v 0.043049 0.003845 -0.094711 0.9098 0.8235 0.7451
v -0.088966 0.070801 -0.094711 0.8353 0.7451 0.6785
v 0.088966 0.070801 -0.094711 0.8666 0.7960 0.7255
v -0.090881 0.072723 -0.094711 0.1373 0.1137 0.1020
v 0.090881 0.072723 -0.094711 0.8706 0.7764 0.6941
v -0.039223 0.074616 -0.094711 0.1608 0.1294 0.1216
v 0.039223 0.074616 -0.094711 0.1412 0.1216 0.1059
v -0.094711 0.080383 -0.094711 0.1294 0.0980 0.0902
v 0.094711 0.080383 -0.094711 0.1059 0.0706 0.0627
v -0.064094 0.139679 -0.094711 0.1412 0.1098 0.0980
v 0.064095 0.139679 -0.094711 0.1490 0.1137 0.1059
v -0.102363 0.304230 -0.094711 0.0941 0.0627 0.0510
v 0.102363 0.304230 -0.094711 0.1059 0.0745 0.0588
v -0.108101 0.359711 -0.094711 0.1333 0.0941 0.0902
v 0.106186 0.359711 -0.094711 0.1333 0.0941 0.0902
v -0.102364 0.455383 -0.094711 0.1176 0.0824 0.0706
v 0.102364 0.455383 -0.094711 0.1216 0.0902 0.0784
v -0.444855 0.474518 -0.094711 0.9804 0.6863 0.4196
v 0.444855 0.474518 -0.094711 0.9921 0.6902 0.4078
v -0.140625 0.482178 -0.094711 0.1216 0.0902 0.0784
v -0.448669 0.482178 -0.094711 0.9882 0.6745 0.4039
v 0.140625 0.482178 -0.094711 0.1255 0.0941 0.0824
v 0.448669 0.482178 -0.094711 0.9960 0.6824 0.4118
v -0.165497 0.484070 -0.094711 0.1255 0.0941 0.0824
v 0.165497 0.484070 -0.094711 0.1216 0.0902 0.0784
v -0.448669 0.485993 -0.094711 0.9647 0.6550 0.3961
v 0.448669 0.485992 -0.094711 0.9725 0.6628 0.4039
v -0.448669 0.491730 -0.094711 0.9215 0.6315 0.3804
v 0.448669 0.491730 -0.094711 0.9372 0.6236 0.3765
v -0.442932 0.497467 -0.094711 0.9255 0.6197 0.3725
v 0.442932 0.497467 -0.094711 0.9568 0.6354 0.3608
v -0.102364 0.501282 -0.094711 0.0863 0.0667 0.0549
v 0.102364 0.501282 -0.094711 0.0863 0.0667 0.0549
v -0.111931 0.529968 -0.094711 0.1294 0.0902 0.0824
v 0.111931 0.529968 -0.094711 0.1216 0.0824 0.0745
v -0.014350 0.533813 -0.094711 0.0863 0.0667 0.0510
v 0.016264 0.533813 -0.094711 0.0902 0.0667 0.0549
v -0.071747 0.547241 -0.094711 0.1216 0.0824 0.0745
v 0.071747 0.547241 -0.094711 0.0980 0.0667 0.0549
v -0.041138 0.560608 -0.094711 0.1373 0.0980 0.0863
v 0.041138 0.560608 -0.094711 0.1373 0.1020 0.0824
v -0.098534 0.568237 -0.094711 0.1255 0.0510 0.0314
v 0.098534 0.568237 -0.094711 0.1530 0.0784 0.0510
v -0.150192 0.577820 -0.094711 0.1176 0.0471 0.0314
v 0.150192 0.577820 -0.094711 0.1255 0.0667 0.0510
v -0.140625 0.581665 -0.094711 0.1333 0.0627 0.0471
v 0.140625 0.581665 -0.094711 0.1333 0.0588 0.0431
v -0.159759 0.583557 -0.094711 0.1569 0.0902 0.0745
v 0.159759 0.583557 -0.094711 0.1608 0.0980 0.0863
v -0.131058 0.585449 -0.094711 0.1216 0.0627 0.0510
v 0.131058 0.585449 -0.094711 0.1255 0.0667 0.0471
v -0.123405 0.587402 -0.094711 0.1176 0.0627 0.0471
v -0.144455 0.587402 -0.094711 0.1373 0.0784 0.0627
v 0.123405 0.587402 -0.094711 0.1137 0.0667 0.0471
v 0.144455 0.587402 -0.094711 0.1373 0.0784 0.0627
v -0.075577 0.591248 -0.094711 0.8353 0.5373 0.3451
v 0.075577 0.591248 -0.094711 0.8117 0.5412 0.3451
v -0.142548 0.608459 -0.094711 0.1176 0.0627 0.0471
v 0.142548 0.608459 -0.094711 0.1137 0.0588 0.0471
v -0.159759 0.610352 -0.094711 0.1216 0.0627 0.0510
v 0.159759 0.610352 -0.094711 0.1216 0.0627 0.0510
v -0.188461 0.616089 -0.094711 0.2314 0.1490 0.1294
v 0.188461 0.616089 -0.094711 0.2157 0.1333 0.1137
v -0.169327 0.631409 -0.094711 0.2235 0.1373 0.1216
v 0.169327 0.631409 -0.094711 0.2039 0.1294 0.1059
v -0.171234 0.669678 -0.094711 0.1961 0.1137 0.1020
v 0.171234 0.669678 -0.094711 0.2039 0.1255 0.1059
v -0.184631 0.704102 -0.094711 0.1294 0.0706 0.0588
v -0.192291 0.704102 -0.094711 0.1216 0.0667 0.0627
v 0.184631 0.704102 -0.094711 0.1373 0.0784 0.0667
v 0.192291 0.704102 -0.094711 0.1412 0.0824 0.0706
v -0.201858 0.705994 -0.094711 0.0863 0.0471 0.0510
v 0.201858 0.705994 -0.094711 0.1255 0.0784 0.0784
v -0.211426 0.713684 -0.094711 0.1451 0.0706 0.0549
v 0.211426 0.713684 -0.094711 0.1765 0.1059 0.0980
v 0.211426 0.721313 -0.094711 0.2235 0.1490 0.1294
v -0.211426 0.723206 -0.094711 0.1922 0.1176 0.1020
v -0.192291 0.732788 -0.094711 0.2157 0.1333 0.1137
v 0.192291 0.732788 -0.094711 0.2471 0.1647 0.1451
v -0.198029 0.784424 -0.094711 0.2980 0.2549 0.1686
v 0.198029 0.784424 -0.094711 0.3451 0.3019 0.2196
v -0.052616 0.948975 -0.094711 0.3255 0.2823 0.2039
v 0.052616 0.948975 -0.094711 0.3294 0.2863 0.2078
v -0.033482 0.952820 -0.094711 0.3529 0.3098 0.2314
v 0.033482 0.952820 -0.094711 0.3176 0.2745 0.1961
v -0.022003 0.954712 -0.094711 0.3333 0.2941 0.2118
v -0.020090 0.970032 -0.094711 0.3529 0.3059 0.2314
v 0.020090 0.970032 -0.094711 0.3490 0.3059 0.2314
v -0.012437 0.973877 -0.094711 0.3372 0.2941 0.2157
v 0.012437 0.973877 -0.094711 0.3412 0.2980 0.2196
v -0.100448 0.005737 -0.096619 0.9607 0.8666 0.7725
v 0.100448 0.005737 -0.096619 0.9764 0.8706 0.7882
v -0.102363 0.032532 -0.096619 0.8862 0.8000 0.7059
v 0.102363 0.032532 -0.096619 0.8980 0.8117 0.7216
v -0.102363 0.040192 -0.096619 0.0667 0.0471 0.0471
v 0.102363 0.040192 -0.096619 0.0824 0.0588 0.0588
v -0.039223 0.061249 -0.096619 0.1530 0.1137 0.1059
v 0.039223 0.061249 -0.096619 0.1490 0.1098 0.1020
v -0.088966 0.068878 -0.096619 0.6902 0.6079 0.5412
v 0.088966 0.068878 -0.096619 0.1882 0.1490 0.1490
v -0.060268 0.097595 -0.096619 0.1333 0.1020 0.0941
v 0.060268 0.097595 -0.096619 0.1333 0.0980 0.0902
v -0.083229 0.112885 -0.096619 0.1333 0.1020 0.0902
v 0.083229 0.112885 -0.096619 0.1294 0.0980 0.0863
v -0.083229 0.124390 -0.096619 0.1451 0.1137 0.1020
v 0.083229 0.124390 -0.096619 0.1412 0.1098 0.0980
v -0.083229 0.135864 -0.096619 0.1412 0.1098 0.0980
v 0.083229 0.135864 -0.096619 0.1490 0.1137 0.1059
v -0.048790 0.273621 -0.096619 0.1098 0.0863 0.0745
v 0.048790 0.273621 -0.096619 0.1137 0.0824 0.0706
v -0.414246 0.472595 -0.096619 0.9764 0.6432 0.3843
v 0.414246 0.472595 -0.096619 0.9529 0.6432 0.3882
v -0.402740 0.480255 -0.096619 0.9804 0.6393 0.3647
v 0.402740 0.480255 -0.096619 0.9843 0.6432 0.3647
v -0.117668 0.482178 -0.096619 0.1176 0.0863 0.0745
v 0.117668 0.482178 -0.096619 0.1098 0.0784 0.0667
v -0.404663 0.491730 -0.096619 0.9607 0.6432 0.3843
v 0.404663 0.491730 -0.096619 0.9568 0.6471 0.3843
v -0.416138 0.497467 -0.096619 0.9607 0.6276 0.3608
v 0.416138 0.497467 -0.096619 0.9490 0.6315 0.3804
v 0.000957 0.533813 -0.096619 0.0902 0.0706 0.0549
v -0.014350 0.543396 -0.096619 0.0824 0.0627 0.0471
v 0.016264 0.543396 -0.096619 0.1020 0.0706 0.0588
v -0.077492 0.549133 -0.096619 0.1216 0.0902 0.0784
v 0.077492 0.549133 -0.096619 0.1216 0.0902 0.0784
v -0.027742 0.552979 -0.096619 0.1176 0.0902 0.0745
v 0.029655 0.552979 -0.096619 0.1451 0.1098 0.0902
v -0.150192 0.581665 -0.096619 0.1294 0.0549 0.0392
v 0.150192 0.581665 -0.096619 0.1412 0.0706 0.0549
v -0.079399 0.583557 -0.096619 0.1569 0.1059 0.0824
v 0.079399 0.583557 -0.096619 0.1961 0.1216 0.0980
v -0.060268 0.585449 -0.096619 0.9725 0.6315 0.3686
v -0.150192 0.585449 -0.096619 0.1412 0.0667 0.0588
v 0.060268 0.585449 -0.096619 0.9647 0.6315 0.3686
v 0.150192 0.585449 -0.096619 0.1608 0.0902 0.0784
v -0.138718 0.595032 -0.096619 0.1569 0.0824 0.0667
v 0.138718 0.595032 -0.096619 0.1490 0.0784 0.0588
v -0.167419 0.608459 -0.096619 0.1294 0.0667 0.0588
v -0.188461 0.608459 -0.096619 0.1569 0.0980 0.0863
v 0.167419 0.608459 -0.096619 0.1294 0.0706 0.0510
v 0.188461 0.608459 -0.096619 0.1686 0.0980 0.0863
v -0.194199 0.612244 -0.096619 0.1922 0.1176 0.1020
v 0.194199 0.612244 -0.096619 0.1882 0.1098 0.0902
v -0.194199 0.614197 -0.096619 0.2000 0.1216 0.1020
v 0.194199 0.614197 -0.096619 0.2000 0.1176 0.0980
v -0.173157 0.623718 -0.096619 0.2039 0.1216 0.1020
v 0.173157 0.623718 -0.096619 0.2000 0.1255 0.1020
v -0.169327 0.688782 -0.096619 0.1922 0.1137 0.0980
v 0.169327 0.688782 -0.096619 0.1647 0.0902 0.0745
v -0.211426 0.719421 -0.096619 0.1804 0.1059 0.0902
v 0.211426 0.719421 -0.096619 0.2078 0.1333 0.1176
v -0.188461 0.736633 -0.096619 0.2039 0.1216 0.1020
v 0.188461 0.736633 -0.096619 0.1922 0.1176 0.0902
v -0.119583 0.926025 -0.096619 0.3608 0.3176 0.2392
v 0.119583 0.926025 -0.096619 0.3294 0.2863 0.2078
v -0.002870 0.973877 -0.096619 0.3333 0.2902 0.2118
v -0.006697 0.973877 -0.096619 0.3412 0.2980 0.2196
v 0.000957 0.973877 -0.096619 0.3333 0.2902 0.2118
v 0.002870 0.973877 -0.096619 0.3372 0.2941 0.2157
v 0.006697 0.973877 -0.096619 0.3372 0.2980 0.2157
v -0.054531 0.003845 -0.098534 0.9568 0.8588 0.7725
v -0.079399 0.003845 -0.098534 0.9294 0.8313 0.7490
v 0.054531 0.003845 -0.098534 0.9255 0.8392 0.7568
v 0.079399 0.003845 -0.098534 0.9529 0.8549 0.7764
v -0.102363 0.013397 -0.098534 0.9490 0.8509 0.7608
v 0.102363 0.013397 -0.098534 0.9529 0.8509 0.7608
v -0.104278 0.028717 -0.098534 0.8941 0.7921 0.7020
v 0.104278 0.028717 -0.098534 0.9058 0.8039 0.7176
v -0.039223 0.032532 -0.098534 0.8666 0.7725 0.6980
v 0.039223 0.032532 -0.098534 0.8823 0.8117 0.7216
v -0.039223 0.044006 -0.098534 0.1137 0.0824 0.0745
v 0.039223 0.044006 -0.098534 0.1098 0.0784 0.0706
v -0.073662 0.078461 -0.098534 0.9137 0.8039 0.7255
v 0.073662 0.078461 -0.098534 0.9294 0.8392 0.7608
v -0.056442 0.082275 -0.098534 0.9098 0.8039 0.7255
v 0.056442 0.082275 -0.098534 0.9451 0.8431 0.7568
v -0.058357 0.084198 -0.098534 0.7608 0.6706 0.6197
v 0.058357 0.084198 -0.098534 0.9215 0.8235 0.7372
v -0.077492 0.093750 -0.098534 0.1412 0.1059 0.0941
v 0.077492 0.093750 -0.098534 0.1333 0.1020 0.0941
v -0.064094 0.112885 -0.098534 0.1255 0.0941 0.0824
v 0.064095 0.112885 -0.098534 0.1255 0.0941 0.0824
v -0.064094 0.124390 -0.098534 0.1373 0.1059 0.0941
v 0.064095 0.124390 -0.098534 0.1373 0.1059 0.0941
v -0.064094 0.135864 -0.098534 0.1412 0.1098 0.0980
v 0.064095 0.135864 -0.098534 0.1451 0.1137 0.1020
v -0.023916 0.273621 -0.098534 0.1333 0.1020 0.0902
v -0.073662 0.273621 -0.098534 0.0902 0.0706 0.0549
v 0.023916 0.273621 -0.098534 0.0980 0.0784 0.0627
v 0.073662 0.273621 -0.098534 0.0902 0.0706 0.0549
v -0.108101 0.308044 -0.098534 0.1294 0.0902 0.0784
v 0.106186 0.308044 -0.098534 0.1294 0.0902 0.0824
v -0.110016 0.317627 -0.098534 0.1333 0.0941 0.0863
v 0.108101 0.317627 -0.098534 0.1294 0.0902 0.0824
v -0.110016 0.332916 -0.098534 0.1294 0.0902 0.0824
v 0.110016 0.332916 -0.098534 0.1333 0.0941 0.0863
v -0.425720 0.472595 -0.098534 0.9725 0.6471 0.3765
v 0.425720 0.472595 -0.098534 0.9725 0.6550 0.3882
v -0.090881 0.478332 -0.098534 0.1137 0.0824 0.0706
v -0.402740 0.485993 -0.098534 0.9647 0.6393 0.3725
v 0.402740 0.485992 -0.098534 0.9725 0.6432 0.3804
v -0.425720 0.499390 -0.098534 0.9686 0.6315 0.3686
v 0.425720 0.499390 -0.098534 0.9647 0.6354 0.3686
v -0.106186 0.533814 -0.098534 0.1216 0.0863 0.0784
v 0.106186 0.533814 -0.098534 0.1255 0.0941 0.0824
v 0.000957 0.541504 -0.098534 0.0863 0.0667 0.0510
v -0.115753 0.568237 -0.098534 0.1176 0.0510 0.0353
v 0.115753 0.568237 -0.098534 0.1176 0.0431 0.0157
v -0.123405 0.573975 -0.098534 0.1020 0.0392 0.0235
v 0.123405 0.573975 -0.098534 0.1255 0.0510 0.0353
v -0.127228 0.595032 -0.098534 0.1176 0.0588 0.0431
v 0.127228 0.595032 -0.098534 0.1333 0.0667 0.0471
v -0.146362 0.604614 -0.098534 0.1176 0.0588 0.0431
v 0.146362 0.604614 -0.098534 0.1137 0.0588 0.0471
v -0.176987 0.608459 -0.098534 0.1294 0.0588 0.0431
v 0.176987 0.608459 -0.098534 0.1530 0.0784 0.0627
v -0.154022 0.617981 -0.098534 0.1176 0.0627 0.0510
v -0.186554 0.617981 -0.098534 0.2275 0.1451 0.1333
v 0.154022 0.617981 -0.098534 0.1255 0.0667 0.0549
v 0.186554 0.617981 -0.098534 0.2235 0.1373 0.1176
v -0.178894 0.619934 -0.098534 0.2000 0.1176 0.0980
v 0.178894 0.619934 -0.098534 0.1961 0.1216 0.0980
v -0.171234 0.715576 -0.098534 0.1373 0.0784 0.0667
v 0.171234 0.715576 -0.098534 0.1333 0.0745 0.0627
v -0.201858 0.723206 -0.098534 0.2078 0.1255 0.1059
v 0.201858 0.723206 -0.098534 0.2275 0.1451 0.1294
v -0.196121 0.807434 -0.098534 0.2941 0.2510 0.1725
v 0.196121 0.807434 -0.098534 0.3137 0.2706 0.1922
v -0.138718 0.912659 -0.098534 0.3137 0.2745 0.1843
v 0.138718 0.914551 -0.098534 0.3098 0.2667 0.1882
v -0.031570 0.950928 -0.098534 0.3216 0.2784 0.1922
v 0.031570 0.950928 -0.098534 0.3372 0.2941 0.2118
v -0.018177 0.952820 -0.098534 0.3255 0.2823 0.2039
v 0.018177 0.952820 -0.098534 0.3294 0.2863 0.2078
v -0.004783 0.971985 -0.098534 0.3372 0.2941 0.2157
v -0.010523 0.971985 -0.098534 0.3412 0.2980 0.2157
v 0.004783 0.971985 -0.098534 0.3412 0.2980 0.2196
v 0.010523 0.971985 -0.098534 0.3294 0.2863 0.2078
v -0.066009 0.003845 -0.100449 0.9451 0.8470 0.7686
v 0.066010 0.003845 -0.100449 0.9372 0.8392 0.7608
v -0.039223 0.007660 -0.100449 0.9647 0.8666 0.7804
v 0.039223 0.007660 -0.100449 0.9607 0.8706 0.7843
v -0.037308 0.030609 -0.100449 0.8784 0.7764 0.6941
v 0.037308 0.030609 -0.100449 0.8941 0.7960 0.7098
v -0.088966 0.065063 -0.100449 0.1294 0.0980 0.0941
v 0.088966 0.065064 -0.100449 0.1569 0.1255 0.1176
v -0.071747 0.076538 -0.100449 0.5412 0.4745 0.4314
v 0.071747 0.076538 -0.100449 0.1255 0.0941 0.0980
v -0.056442 0.080383 -0.100449 0.2549 0.2157 0.1961
v -0.073662 0.080383 -0.100449 0.1137 0.0784 0.0627
v 0.056442 0.080383 -0.100449 0.1373 0.1059 0.0902
v 0.073662 0.080383 -0.100449 0.9333 0.8235 0.7255
v -0.075577 0.088013 -0.100449 0.1294 0.0980 0.0902
v 0.075577 0.088013 -0.100449 0.1059 0.0745 0.0667
v -0.058357 0.091858 -0.100449 0.1255 0.0941 0.0863
v 0.058357 0.091858 -0.100449 0.1137 0.0824 0.0706
v 0.000957 0.273621 -0.100449 0.1216 0.0863 0.0745
v -0.435272 0.472595 -0.100449 0.9607 0.6393 0.3804
v 0.435272 0.472595 -0.100449 0.9804 0.6471 0.3804
v -0.442932 0.476410 -0.100449 0.9804 0.6667 0.3961
v 0.442932 0.476410 -0.100449 0.9921 0.6667 0.3882
v -0.414246 0.478333 -0.100449 0.9882 0.6471 0.3686
v 0.090881 0.478333 -0.100449 0.1137 0.0824 0.0706
v 0.414246 0.478333 -0.100449 0.9882 0.6432 0.3608
v -0.446747 0.482178 -0.100449 0.9882 0.6706 0.3921
v 0.446747 0.482178 -0.100449 0.9843 0.6785 0.4078
v -0.446747 0.485993 -0.100449 0.9843 0.6510 0.3843
v 0.446747 0.485992 -0.100449 0.9843 0.6667 0.4000
v -0.414246 0.491730 -0.100449 0.9568 0.6393 0.3843
v -0.446747 0.491730 -0.100449 0.9372 0.6276 0.3686
v 0.414245 0.491730 -0.100449 0.9568 0.6471 0.3882
v 0.446747 0.491730 -0.100449 0.9529 0.6354 0.3843
v -0.442932 0.497467 -0.100449 0.9372 0.6236 0.3765
v 0.442932 0.497467 -0.100449 0.9490 0.6432 0.3921
v -0.435272 0.499390 -0.100449 0.9529 0.6236 0.3686
v 0.435272 0.499390 -0.100449 0.9804 0.6354 0.3608
v -0.083229 0.549133 -0.100449 0.1216 0.0863 0.0784
v 0.083229 0.549133 -0.100449 0.1294 0.0941 0.0824
v -0.014350 0.551025 -0.100449 0.1216 0.0902 0.0784
v 0.016264 0.551025 -0.100449 0.1333 0.1020 0.0824
v -0.046875 0.560608 -0.100449 0.1490 0.1059 0.0824
v 0.046875 0.560608 -0.100449 0.1255 0.0980 0.0745
v -0.085144 0.575928 -0.100449 0.1451 0.0863 0.0667
v 0.085144 0.575928 -0.100449 0.1765 0.1098 0.0824
v -0.148285 0.600769 -0.100449 0.1137 0.0549 0.0431
v 0.148285 0.600769 -0.100449 0.1137 0.0588 0.0471
v -0.184631 0.610352 -0.100449 0.1373 0.0627 0.0471
v 0.184631 0.610352 -0.100449 0.1608 0.0980 0.0784
v -0.186554 0.616089 -0.100449 0.2118 0.1373 0.1216
v 0.186554 0.616089 -0.100449 0.2078 0.1216 0.1059
v -0.165497 0.629456 -0.100449 0.1922 0.1137 0.0980
v 0.165497 0.629456 -0.100449 0.2039 0.1255 0.1020
v -0.165497 0.642883 -0.100449 0.1843 0.1059 0.1059
v 0.165497 0.642883 -0.100449 0.2118 0.1255 0.1059
v -0.165497 0.656250 -0.100449 0.1922 0.1137 0.1020
v 0.165497 0.656250 -0.100449 0.2000 0.1176 0.0980
v -0.201858 0.711731 -0.100449 0.1373 0.0667 0.0627
v 0.201858 0.711731 -0.100449 0.1569 0.0863 0.0784
v -0.178894 0.713684 -0.100449 0.1373 0.0784 0.0667
v 0.178894 0.713684 -0.100449 0.1333 0.0745 0.0627
v -0.201858 0.717468 -0.100449 0.1686 0.0980 0.0824
v 0.201858 0.717468 -0.100449 0.1843 0.1098 0.0941
v -0.194199 0.725159 -0.100449 0.2000 0.1176 0.0980
v 0.194199 0.725159 -0.100449 0.2118 0.1294 0.1098
v -0.184631 0.740417 -0.100449 0.1686 0.0941 0.0706
v 0.184631 0.740417 -0.100449 0.1922 0.1216 0.0941
v -0.154022 0.899231 -0.100449 0.3059 0.2627 0.1804
v 0.154022 0.899231 -0.100449 0.3059 0.2627 0.1843
v -0.073662 0.943237 -0.100449 0.3294 0.2863 0.2078
v 0.073662 0.943237 -0.100449 0.3294 0.2902 0.2078
v -0.029655 0.948975 -0.100449 0.3412 0.2980 0.2157
v 0.029655 0.948975 -0.100449 0.3255 0.2823 0.2039
v 0.000957 0.971985 -0.100449 0.3372 0.2941 0.2157
v -0.037308 0.015320 -0.102364 0.9372 0.8392 0.7568
v 0.037308 0.015320 -0.102364 0.9490 0.8549 0.7686
v -0.087059 0.055511 -0.102364 0.1451 0.1059 0.0980
v 0.087059 0.055512 -0.102364 0.1647 0.1255 0.1176
v -0.054531 0.061249 -0.102364 0.1490 0.1098 0.1020
v 0.054531 0.061249 -0.102364 0.1490 0.1098 0.1020
v -0.054531 0.074616 -0.102364 0.1647 0.1333 0.1216
v 0.054531 0.074616 -0.102364 0.1569 0.1255 0.1176
v -0.412323 0.485993 -0.102364 0.9686 0.6393 0.3765
v 0.412323 0.485992 -0.102364 0.9764 0.6471 0.3804
v -0.088966 0.545288 -0.102364 0.1294 0.0902 0.0824
v 0.088966 0.545288 -0.102364 0.1412 0.1098 0.0980
v 0.000957 0.551025 -0.102364 0.1294 0.0941 0.0784
v -0.031570 0.558716 -0.102364 0.1451 0.1098 0.0902
v 0.031570 0.558716 -0.102364 0.1490 0.1098 0.0941
v -0.023916 0.579712 -0.102364 0.9725 0.6393 0.3765
v 0.023916 0.579712 -0.102364 0.9725 0.6393 0.3765
v -0.125320 0.581665 -0.102364 0.1176 0.0588 0.0431
v 0.125320 0.581665 -0.102364 0.1294 0.0706 0.0510
v -0.129150 0.600769 -0.102364 0.1216 0.0588 0.0471
v 0.129150 0.600769 -0.102364 0.1137 0.0510 0.0431
v -0.186554 0.612244 -0.102364 0.1530 0.0784 0.0667
v 0.186554 0.612244 -0.102364 0.1765 0.1059 0.0863
v -0.178894 0.617981 -0.102364 0.1961 0.1176 0.0980
v 0.178894 0.617981 -0.102364 0.2039 0.1255 0.1137
v -0.171234 0.623718 -0.102364 0.2000 0.1176 0.0980
v 0.171234 0.623718 -0.102364 0.2196 0.1373 0.1137
v -0.159759 0.627563 -0.102364 0.1765 0.0980 0.0863
v 0.159759 0.627563 -0.102364 0.1530 0.0863 0.0706
v -0.159759 0.640991 -0.102364 0.1725 0.1020 0.0863
v 0.159759 0.640991 -0.102364 0.1647 0.0941 0.0784
v -0.165497 0.669678 -0.102364 0.1843 0.1098 0.0863
v 0.165497 0.669678 -0.102364 0.2039 0.1216 0.1020
v -0.182724 0.711731 -0.102364 0.1490 0.0824 0.0745
v -0.190369 0.711731 -0.102364 0.1333 0.0706 0.0627
v 0.182724 0.711731 -0.102364 0.1373 0.0784 0.0667
v 0.190369 0.711731 -0.102364 0.1176 0.0627 0.0510
v -0.188461 0.729004 -0.102364 0.1922 0.1098 0.0902
v 0.188461 0.729004 -0.102364 0.1765 0.1020 0.0824
v -0.184631 0.730896 -0.102364 0.1843 0.1098 0.0863
v 0.184631 0.730896 -0.102364 0.1765 0.0980 0.0824
v -0.190369 0.828430 -0.102364 0.3098 0.2627 0.1882
v 0.190369 0.828430 -0.102364 0.3490 0.3059 0.2196
v -0.184631 0.847595 -0.102364 0.3059 0.2627 0.1804
v 0.184631 0.847595 -0.102364 0.3333 0.2902 0.2118
v -0.176987 0.866699 -0.102364 0.3255 0.2823 0.1961
v 0.176987 0.866699 -0.102364 0.3294 0.2863 0.2078
v -0.165497 0.882019 -0.102364 0.3333 0.2902 0.2118
v 0.165497 0.883972 -0.102364 0.3294 0.2863 0.2000
v -0.048790 0.948975 -0.102364 0.3412 0.2980 0.2157
v 0.048790 0.948975 -0.102364 0.3372 0.2941 0.2157
v -0.020090 0.960449 -0.102364 0.2784 0.2471 0.1725
v 0.020090 0.960449 -0.102364 0.2823 0.2471 0.1804
v -0.016264 0.968140 -0.102364 0.3333 0.3019 0.2275
v 0.016264 0.968140 -0.102364 0.3490 0.3176 0.2432
v -0.006697 0.970032 -0.102364 0.3333 0.3019 0.2157
v 0.006697 0.970032 -0.102364 0.3451 0.3098 0.2353
v -0.052616 0.032532 -0.104279 0.8784 0.7764 0.6863
v -0.085144 0.032532 -0.104279 0.8745 0.7764 0.6941
v 0.052616 0.032532 -0.104279 0.8941 0.8117 0.7216
v 0.085144 0.032532 -0.104279 0.8980 0.8117 0.7176
v -0.085144 0.044006 -0.104279 0.1059 0.0745 0.0667
v 0.085144 0.044006 -0.104279 0.1137 0.0824 0.0745
v -0.052616 0.045929 -0.104279 0.1255 0.0941 0.0863
v 0.052616 0.045929 -0.104279 0.1255 0.0941 0.0863
v -0.069839 0.059326 -0.104279 0.1451 0.1137 0.1020
v 0.069839 0.059326 -0.104279 0.1530 0.1137 0.1059
v -0.071747 0.070801 -0.104279 0.1490 0.1176 0.1098
v 0.071747 0.070801 -0.104279 0.1569 0.1255 0.1216
v -0.085144 0.413269 -0.104279 0.1255 0.0863 0.0784
v 0.083229 0.413269 -0.104279 0.1216 0.0902 0.0824
v -0.087059 0.443909 -0.104279 0.1216 0.0902 0.0784
v 0.087059 0.443909 -0.104279 0.1176 0.0824 0.0784
v -0.423798 0.478333 -0.104279 0.9882 0.6432 0.3725
v -0.435272 0.478333 -0.104279 0.9843 0.6432 0.3725
v 0.423798 0.478333 -0.104278 0.9882 0.6432 0.3608
v 0.435272 0.478332 -0.104278 0.9921 0.6471 0.3686
v -0.441009 0.480255 -0.104279 0.9725 0.6471 0.3843
v 0.441009 0.480255 -0.104278 0.9804 0.6471 0.3804
v -0.441009 0.491730 -0.104279 0.9490 0.6354 0.3882
v 0.441009 0.491730 -0.104278 0.9529 0.6393 0.3804
v -0.423798 0.493652 -0.104279 0.9451 0.6315 0.3843
v 0.423798 0.493652 -0.104278 0.9490 0.6393 0.3843
v -0.094711 0.537659 -0.104279 0.1216 0.0902 0.0784
v 0.094711 0.537659 -0.104279 0.1176 0.0863 0.0745
v -0.106186 0.564453 -0.104279 0.1137 0.0588 0.0471
v 0.106186 0.564453 -0.104279 0.1216 0.0627 0.0431
v 0.000957 0.579712 -0.104279 0.9647 0.6315 0.3686
v -0.064095 0.589294 -0.104279 0.5686 0.3568 0.2275
v 0.064095 0.589294 -0.104279 0.7020 0.4432 0.2667
v -0.069839 0.595032 -0.104279 0.4510 0.3098 0.2118
v -0.132980 0.595032 -0.104279 0.1098 0.0549 0.0431
v 0.069839 0.595032 -0.104279 0.8000 0.5098 0.3137
v 0.132980 0.595032 -0.104279 0.1137 0.0549 0.0392
v -0.154022 0.596985 -0.104279 0.1373 0.0706 0.0510
v 0.154022 0.596985 -0.104279 0.1412 0.0706 0.0549
v -0.159759 0.612244 -0.104279 0.1255 0.0667 0.0549
v 0.159759 0.612244 -0.104279 0.1294 0.0706 0.0588
v -0.176987 0.614197 -0.104279 0.1530 0.0784 0.0627
v 0.176987 0.614197 -0.104279 0.1647 0.0902 0.0824
v -0.167419 0.617981 -0.104279 0.1647 0.0902 0.0784
v 0.167419 0.617981 -0.104279 0.1608 0.0902 0.0784
v -0.167419 0.704102 -0.104279 0.1608 0.0784 0.0706
v 0.167419 0.704102 -0.104279 0.1294 0.0667 0.0510
v -0.192291 0.719421 -0.104279 0.1765 0.1020 0.0863
v 0.192291 0.719421 -0.104279 0.1686 0.0941 0.0784
v -0.180801 0.723206 -0.104279 0.1490 0.0863 0.0745
v 0.180801 0.723206 -0.104279 0.1569 0.0902 0.0745
v -0.023916 0.950928 -0.104279 0.3412 0.2980 0.2196
v -0.027742 0.950928 -0.104279 0.3412 0.2980 0.2196
v 0.023916 0.950928 -0.104279 0.3255 0.2823 0.2039
v 0.027742 0.950928 -0.104279 0.3372 0.2941 0.2157
v -0.010523 0.952820 -0.104279 0.3294 0.2863 0.2078
v 0.010523 0.952820 -0.104279 0.3294 0.2863 0.2078
v 0.000957 0.970032 -0.104279 0.3372 0.3059 0.2314
v -0.083229 0.005737 -0.106186 0.9686 0.8706 0.7843
v 0.083229 0.005737 -0.106186 0.9764 0.8784 0.7843
v -0.052616 0.007660 -0.106186 0.9647 0.8666 0.7804
v 0.052616 0.007660 -0.106186 0.9607 0.8706 0.7843
v -0.067924 0.032532 -0.106186 0.8745 0.7843 0.6902
v 0.067925 0.032532 -0.106186 0.8980 0.8117 0.7216
v -0.067924 0.044006 -0.106186 0.1098 0.0784 0.0706
v 0.067925 0.044006 -0.106186 0.1137 0.0824 0.0745
v -0.077492 0.273621 -0.106186 0.0863 0.0667 0.0549
v 0.077492 0.273621 -0.106186 0.0863 0.0667 0.0549
v -0.423798 0.485993 -0.106186 0.9647 0.6471 0.3882
v -0.435272 0.485992 -0.106186 0.9647 0.6471 0.3882
v -0.441009 0.485993 -0.106186 0.9607 0.6471 0.3921
v 0.423798 0.485992 -0.106186 0.9725 0.6471 0.3804
v 0.435272 0.485992 -0.106186 0.9647 0.6471 0.3882
v 0.441009 0.485992 -0.106186 0.9647 0.6471 0.3882
v -0.435272 0.493652 -0.106186 0.9451 0.6315 0.3843
v 0.435272 0.493652 -0.106186 0.9451 0.6354 0.3843
v -0.050701 0.558716 -0.106186 0.1569 0.1137 0.0902
v 0.050701 0.558716 -0.106186 0.1176 0.0863 0.0784
v -0.090881 0.568237 -0.106186 0.1294 0.0745 0.0627
v 0.090881 0.568237 -0.106186 0.1569 0.0863 0.0706
v -0.066009 0.581665 -0.106186 0.1569 0.0980 0.0784
v 0.066010 0.581665 -0.106186 0.1530 0.0980 0.0784
v -0.073662 0.587402 -0.106186 0.1686 0.1098 0.0941
v 0.073662 0.587402 -0.106186 0.1647 0.1059 0.0863
v -0.138718 0.591248 -0.106186 0.1216 0.0627 0.0431
v 0.138718 0.591248 -0.106186 0.1333 0.0667 0.0549
v -0.159759 0.656250 -0.106186 0.1647 0.0941 0.0784
v 0.159759 0.656250 -0.106186 0.1647 0.0941 0.0784
v -0.178894 0.713684 -0.106186 0.1255 0.0706 0.0549
v 0.178894 0.713684 -0.106186 0.1333 0.0706 0.0549
v -0.184631 0.721313 -0.106186 0.1569 0.0902 0.0745
v 0.184631 0.721313 -0.106186 0.1412 0.0824 0.0667
v -0.092796 0.935608 -0.106186 0.3333 0.2902 0.2118
v 0.092796 0.935608 -0.106186 0.3333 0.2902 0.2118
v -0.046875 0.947083 -0.106186 0.3490 0.3059 0.2235
v 0.046875 0.947083 -0.106186 0.3451 0.3019 0.2235
v -0.020090 0.950928 -0.106186 0.3294 0.2863 0.2078
v 0.020090 0.950928 -0.106186 0.3255 0.2823 0.2039
v -0.008610 0.966187 -0.106186 0.3490 0.3176 0.2432
v 0.008610 0.966187 -0.106186 0.3412 0.2941 0.2275
v -0.066009 0.007660 -0.108101 0.9686 0.8706 0.7804
v 0.066010 0.007660 -0.108101 0.9686 0.8706 0.7843
v -0.085144 0.015320 -0.108101 0.9411 0.8509 0.7647
v 0.085144 0.015320 -0.108101 0.9529 0.8549 0.7686
v -0.052616 0.017242 -0.108101 0.9372 0.8509 0.7608
v 0.052616 0.017243 -0.108101 0.9372 0.8509 0.7608
v -0.085144 0.028717 -0.108101 0.8862 0.7882 0.7020
v 0.085144 0.028717 -0.108101 0.9058 0.8000 0.7137
v -0.052616 0.030609 -0.108101 0.8823 0.7764 0.6941
v 0.052616 0.030609 -0.108101 0.8980 0.7960 0.7098
v -0.050701 0.275513 -0.108101 0.1020 0.0824 0.0667
v 0.050701 0.275513 -0.108101 0.0902 0.0706 0.0588
v -0.052616 0.552979 -0.108101 0.1373 0.0941 0.0784
v 0.052616 0.552979 -0.108101 0.1216 0.0824 0.0745
v -0.016264 0.556763 -0.108101 0.1490 0.1137 0.0941
v 0.016264 0.556763 -0.108101 0.1530 0.1176 0.0980
v -0.056442 0.589294 -0.108101 0.5412 0.3568 0.2353
v -0.125320 0.589294 -0.108101 0.1294 0.0706 0.0588
v 0.056442 0.589294 -0.108101 0.3882 0.2471 0.1686
v 0.125320 0.589294 -0.108101 0.1373 0.0706 0.0549
v -0.161682 0.669678 -0.108101 0.1882 0.1059 0.0941
v 0.161682 0.669678 -0.108101 0.1725 0.0980 0.0824
v -0.176987 0.704102 -0.108101 0.1216 0.0627 0.0431
v 0.176987 0.704102 -0.108101 0.1294 0.0706 0.0510
v -0.176987 0.738525 -0.108101 0.1686 0.1020 0.0824
v 0.176987 0.738525 -0.108101 0.1765 0.1059 0.0824
v 0.000957 0.950928 -0.108101 0.3255 0.2823 0.2039
v -0.012437 0.958557 -0.108101 0.2823 0.2510 0.1804
v 0.012437 0.958557 -0.108101 0.2784 0.2432 0.1765
v -0.066009 0.015320 -0.110016 0.9411 0.8431 0.7568
v 0.066010 0.015320 -0.110016 0.9529 0.8549 0.7686
v -0.067924 0.030609 -0.110016 0.8862 0.7804 0.6941
v 0.067925 0.030609 -0.110016 0.9019 0.8000 0.7098
v -0.079399 0.279358 -0.110016 0.1137 0.0745 0.0667
v 0.079399 0.279358 -0.110016 0.1098 0.0784 0.0667
v -0.079399 0.290833 -0.110016 0.1255 0.0863 0.0784
v 0.079399 0.290833 -0.110016 0.1255 0.0863 0.0784
v -0.079399 0.302307 -0.110016 0.1176 0.0784 0.0706
v 0.079399 0.302307 -0.110016 0.1137 0.0824 0.0706
v -0.085144 0.388397 -0.110016 0.1294 0.0902 0.0863
v 0.083229 0.388397 -0.110016 0.1333 0.0941 0.0902
v -0.073662 0.461121 -0.110016 0.1176 0.0784 0.0706
v 0.075577 0.461121 -0.110016 0.1176 0.0784 0.0706
v -0.088966 0.474518 -0.110016 0.0863 0.0706 0.0588
v 0.088966 0.474518 -0.110016 0.1137 0.0863 0.0706
v -0.106186 0.501282 -0.110016 0.0588 0.0510 0.0588
v 0.106186 0.501282 -0.110016 0.0706 0.0588 0.0549
v -0.058357 0.539551 -0.110016 0.1098 0.0745 0.0627
v 0.058357 0.539551 -0.110016 0.1059 0.0745 0.0588
v -0.054531 0.547241 -0.110016 0.1176 0.0784 0.0706
v 0.054531 0.547241 -0.110016 0.1137 0.0745 0.0667
v 0.000957 0.556763 -0.110016 0.1490 0.1176 0.0941
v -0.033482 0.558716 -0.110016 0.1530 0.1176 0.0980
v 0.033482 0.558716 -0.110016 0.1451 0.1098 0.0902
v -0.075577 0.577820 -0.110016 0.1255 0.0706 0.0627
v -0.079399 0.577820 -0.110016 0.1333 0.0784 0.0667
v 0.075577 0.577820 -0.110016 0.1255 0.0706 0.0588
v 0.079399 0.577820 -0.110016 0.1451 0.0863 0.0706
v -0.039223 0.585449 -0.110016 0.9686 0.6197 0.3608
v 0.039223 0.585449 -0.110016 0.9568 0.6236 0.3686
v -0.157852 0.629456 -0.110016 0.1765 0.1020 0.0784
v 0.157852 0.629456 -0.110016 0.1922 0.1176 0.0941
v -0.163589 0.694519 -0.110016 0.1530 0.0824 0.0667
v 0.163589 0.694519 -0.110016 0.1412 0.0745 0.0588
v -0.113838 0.924133 -0.110016 0.3372 0.2941 0.2157
v 0.113838 0.924133 -0.110016 0.3490 0.3059 0.2196
v -0.067924 0.941345 -0.110016 0.3294 0.2863 0.2078
v -0.043049 0.945190 -0.110016 0.3412 0.2980 0.2196
v -0.044964 0.945190 -0.110016 0.3216 0.2863 0.2000
v 0.043049 0.945190 -0.110016 0.3137 0.2706 0.1922
v 0.044964 0.945190 -0.110016 0.3333 0.2902 0.2118
v -0.008610 0.948975 -0.110016 0.3333 0.2902 0.2118
v 0.008610 0.948975 -0.110016 0.3333 0.2902 0.2039
v -0.014350 0.950928 -0.110016 0.3294 0.2863 0.2078
v 0.014350 0.950928 -0.110016 0.3333 0.2902 0.2078
v 0.000957 0.966187 -0.110016 0.3372 0.2980 0.2275
v -0.025829 0.275513 -0.111931 0.1059 0.0745 0.0627
v 0.023916 0.275513 -0.111931 0.1059 0.0745 0.0627
v -0.098534 0.564453 -0.111931 0.1294 0.0745 0.0627
v 0.098534 0.564453 -0.111931 0.1373 0.0784 0.0588
v -0.119583 0.566345 -0.111931 0.1333 0.0627 0.0471
v 0.119583 0.566345 -0.111931 0.1451 0.0745 0.0588
v -0.125320 0.570190 -0.111931 0.1294 0.0549 0.0392
v 0.125320 0.570190 -0.111931 0.1569 0.0745 0.0627
v -0.069839 0.573975 -0.111931 0.1176 0.0627 0.0510
v 0.069839 0.573975 -0.111931 0.1216 0.0667 0.0549
v -0.058357 0.579712 -0.111931 0.1490 0.0902 0.0706
v 0.058357 0.579712 -0.111931 0.1530 0.0941 0.0745
v -0.077492 0.581665 -0.111931 0.1373 0.0824 0.0706
v 0.077492 0.581665 -0.111931 0.1451 0.0863 0.0706
v -0.144455 0.589294 -0.111931 0.1490 0.0784 0.0627
v 0.144455 0.589294 -0.111931 0.1490 0.0784 0.0627
v -0.159759 0.617981 -0.111931 0.1765 0.1020 0.0863
v 0.159759 0.617981 -0.111931 0.2039 0.1216 0.1020
v -0.157852 0.642883 -0.111931 0.2235 0.1294 0.1137
v 0.157852 0.642883 -0.111931 0.1725 0.0980 0.0824
v -0.173157 0.694519 -0.111931 0.1294 0.0706 0.0510
v 0.173157 0.694519 -0.111931 0.1255 0.0667 0.0471
v -0.180801 0.723206 -0.111931 0.1686 0.0902 0.0706
v 0.180801 0.723206 -0.111931 0.1804 0.1059 0.0824
v -0.184631 0.740417 -0.111931 0.1765 0.1098 0.0824
v 0.184631 0.740417 -0.111931 0.1686 0.1020 0.0745
v 0.066010 0.941345 -0.111931 0.3372 0.2941 0.2157
v 0.000957 0.958557 -0.111931 0.2941 0.2510 0.1843
v 0.000957 0.275513 -0.113838 0.1059 0.0745 0.0627
v -0.085144 0.359711 -0.113838 0.1294 0.0902 0.0863
v 0.085144 0.359711 -0.113838 0.1294 0.0902 0.0863
v -0.125320 0.577820 -0.113838 0.1412 0.0706 0.0588
v 0.125320 0.577820 -0.113838 0.1569 0.0824 0.0667
v -0.125320 0.596985 -0.113838 0.1098 0.0549 0.0431
v 0.125320 0.596985 -0.113838 0.1137 0.0588 0.0471
v -0.163589 0.602722 -0.113838 0.1569 0.0863 0.0706
v 0.163589 0.602722 -0.113838 0.1608 0.0863 0.0706
v -0.159759 0.656250 -0.113838 0.2196 0.1255 0.1098
v 0.159759 0.656250 -0.113838 0.1961 0.1137 0.0980
v -0.184631 0.704102 -0.113838 0.1686 0.0902 0.0706
v 0.184631 0.704102 -0.113838 0.1647 0.0863 0.0667
v -0.041138 0.945190 -0.113838 0.3372 0.2941 0.2157
v 0.041138 0.945190 -0.113838 0.3372 0.2941 0.2118
v -0.081314 0.304230 -0.115753 0.1098 0.0745 0.0667
v 0.081314 0.304230 -0.115753 0.1059 0.0784 0.0667
v -0.104279 0.508972 -0.115753 0.1176 0.0863 0.0745
v 0.104279 0.508972 -0.115753 0.1137 0.0824 0.0706
v -0.037308 0.554871 -0.115753 0.1804 0.1294 0.1059
v 0.037308 0.554871 -0.115753 0.1530 0.1098 0.0980
v -0.018177 0.556763 -0.115753 0.1608 0.1255 0.1059
v 0.018177 0.556763 -0.115753 0.1530 0.1176 0.0980
v -0.111931 0.562500 -0.115753 0.1608 0.0863 0.0627
v 0.111931 0.562500 -0.115753 0.1647 0.0941 0.0784
v -0.083229 0.570190 -0.115753 0.1216 0.0667 0.0471
v 0.085144 0.570190 -0.115753 0.1294 0.0706 0.0588
v -0.062183 0.572083 -0.115753 0.1294 0.0706 0.0667
v 0.062183 0.572083 -0.115753 0.1333 0.0745 0.0627
v -0.044964 0.589294 -0.115753 0.3608 0.2353 0.1725
v 0.044964 0.589294 -0.115753 0.7451 0.4980 0.3412
v -0.127228 0.593140 -0.115753 0.1137 0.0549 0.0431
v 0.127228 0.593140 -0.115753 0.1137 0.0588 0.0471
v -0.159759 0.595032 -0.115753 0.1843 0.1059 0.0863
v 0.159759 0.595032 -0.115753 0.1451 0.0824 0.0667
v -0.161682 0.669678 -0.115753 0.2000 0.1176 0.0980
v 0.161682 0.669678 -0.115753 0.2039 0.1098 0.0941
v -0.180801 0.692627 -0.115753 0.1373 0.0706 0.0549
v 0.180801 0.692627 -0.115753 0.1569 0.0824 0.0667
v -0.131058 0.910706 -0.115753 0.3255 0.2823 0.2000
v 0.131058 0.910706 -0.115753 0.3216 0.2784 0.2000
v -0.052616 0.275513 -0.117668 0.1137 0.0824 0.0706
v 0.052616 0.275513 -0.117668 0.1020 0.0784 0.0667
v 0.058357 0.413269 -0.117668 0.1176 0.0863 0.0784
v -0.058357 0.413300 -0.117668 0.1216 0.0902 0.0784
v -0.058357 0.434326 -0.117668 0.1176 0.0863 0.0745
v 0.058357 0.434326 -0.117668 0.1137 0.0824 0.0706
v -0.058357 0.449646 -0.117668 0.1176 0.0824 0.0706
v 0.058357 0.449646 -0.117668 0.1137 0.0745 0.0667
v -0.087059 0.472595 -0.117668 0.1020 0.0667 0.0588
v 0.087059 0.472595 -0.117668 0.1059 0.0745 0.0588
v -0.064095 0.541504 -0.117668 0.1294 0.0902 0.0784
v 0.064095 0.541504 -0.117668 0.1255 0.0941 0.0824
v 0.000957 0.556763 -0.117668 0.1569 0.1216 0.1020
v -0.131058 0.589294 -0.117668 0.1333 0.0627 0.0510
v 0.131058 0.589294 -0.117668 0.1412 0.0745 0.0627
v -0.123405 0.591248 -0.117668 0.1294 0.0706 0.0588
v 0.123405 0.591248 -0.117668 0.1373 0.0745 0.0549
v -0.161682 0.684998 -0.117668 0.1686 0.0863 0.0745
v 0.161682 0.684998 -0.117668 0.1686 0.0863 0.0706
v -0.184631 0.711731 -0.117668 0.1725 0.0980 0.0745
v 0.184631 0.711731 -0.117668 0.1922 0.1098 0.0902
v -0.175064 0.738525 -0.117668 0.1686 0.0980 0.0824
v 0.175064 0.738525 -0.117668 0.1843 0.1098 0.0902
v -0.190369 0.742371 -0.117668 0.3019 0.2510 0.1804
v 0.190369 0.742371 -0.117668 0.2863 0.2432 0.1647
v -0.087059 0.933716 -0.117668 0.3412 0.2980 0.2196
v -0.062183 0.939453 -0.117668 0.3412 0.2980 0.2196
v 0.062183 0.939453 -0.117668 0.3451 0.3019 0.2235
v -0.037308 0.945190 -0.117668 0.3294 0.2863 0.2078
v 0.037308 0.945190 -0.117668 0.3333 0.2902 0.2118
v -0.085144 0.308044 -0.119583 0.1216 0.0863 0.0784
v 0.085144 0.308044 -0.119583 0.1216 0.0863 0.0784
v -0.087059 0.319519 -0.119583 0.1294 0.0902 0.0824
v 0.087059 0.319519 -0.119583 0.1294 0.0902 0.0824
v -0.087059 0.334839 -0.119583 0.1294 0.0902 0.0824
v 0.087059 0.334839 -0.119583 0.1333 0.0941 0.0902
v -0.041138 0.541504 -0.119583 0.1176 0.0784 0.0706
v 0.039223 0.541504 -0.119583 0.1020 0.0745 0.0627
v -0.039223 0.549133 -0.119583 0.1451 0.1020 0.0863
v 0.039223 0.549133 -0.119583 0.1294 0.0941 0.0745
v 0.075577 0.566345 -0.119583 0.1137 0.0588 0.0471
v -0.075577 0.568237 -0.119583 0.1137 0.0588 0.0471
v -0.081314 0.573975 -0.119583 0.1137 0.0588 0.0471
v 0.081314 0.573975 -0.119583 0.1176 0.0627 0.0510
v -0.083229 0.575928 -0.119583 0.1176 0.0627 0.0510
v 0.083229 0.575928 -0.119583 0.1216 0.0667 0.0549
v -0.083229 0.577820 -0.119583 0.1176 0.0627 0.0510
v 0.083229 0.577820 -0.119583 0.1176 0.0667 0.0549
v -0.048790 0.579712 -0.119583 0.1569 0.0980 0.0784
v 0.048790 0.579712 -0.119583 0.1530 0.0941 0.0745
v -0.123405 0.581665 -0.119583 0.1765 0.0941 0.0824
v 0.123405 0.581665 -0.119583 0.1686 0.0941 0.0784
v -0.163589 0.610352 -0.119583 0.1922 0.1137 0.0980
v 0.163589 0.610352 -0.119583 0.2039 0.1255 0.1059
v -0.155930 0.631409 -0.119583 0.2000 0.1255 0.1098
v 0.155930 0.631409 -0.119583 0.2118 0.1255 0.1098
v -0.167419 0.684998 -0.119583 0.1451 0.0745 0.0588
v 0.167419 0.684998 -0.119583 0.1451 0.0706 0.0588
v -0.190369 0.748108 -0.119583 0.3137 0.2706 0.1843
v 0.190369 0.748108 -0.119583 0.3451 0.3019 0.2157
v -0.188461 0.759583 -0.119583 0.3529 0.3098 0.2235
v 0.188461 0.759583 -0.119583 0.3294 0.2863 0.2039
v 0.085144 0.933716 -0.119583 0.3216 0.2902 0.2000
v -0.060268 0.937500 -0.119583 0.3137 0.2745 0.1882
v 0.060268 0.937500 -0.119583 0.3372 0.2941 0.2157
v -0.054531 0.279358 -0.121498 0.1176 0.0824 0.0706
v 0.054531 0.279358 -0.121498 0.1137 0.0824 0.0706
v -0.054531 0.290833 -0.121498 0.1255 0.0863 0.0784
v 0.054531 0.290833 -0.121498 0.1216 0.0902 0.0784
v -0.054531 0.302307 -0.121498 0.1216 0.0824 0.0745
v 0.054531 0.302307 -0.121498 0.1137 0.0824 0.0706
v -0.096619 0.510864 -0.121498 0.1216 0.0902 0.0784
v 0.096619 0.510864 -0.121498 0.1176 0.0863 0.0745
v -0.043049 0.531922 -0.121498 0.1059 0.0745 0.0627
v 0.043049 0.531922 -0.121498 0.1020 0.0706 0.0588
v -0.106186 0.562500 -0.121498 0.1490 0.0784 0.0627
v 0.106186 0.562500 -0.121498 0.1530 0.0824 0.0667
v -0.090881 0.566345 -0.121498 0.1255 0.0706 0.0588
v 0.090881 0.566345 -0.121498 0.1294 0.0706 0.0588
v -0.138718 0.587402 -0.121498 0.1608 0.0902 0.0745
v 0.138718 0.587402 -0.121498 0.1569 0.0863 0.0706
v -0.154022 0.589294 -0.121498 0.1725 0.0980 0.0824
v 0.154022 0.589294 -0.121498 0.1725 0.0980 0.0824
v -0.157852 0.619934 -0.121498 0.2078 0.1333 0.1137
v 0.157852 0.619934 -0.121498 0.1922 0.1176 0.0941
v -0.155930 0.644775 -0.121498 0.2039 0.1216 0.1098
v 0.155930 0.644775 -0.121498 0.1882 0.1137 0.0902
v -0.144455 0.895447 -0.121498 0.3176 0.2745 0.1961
v 0.144455 0.895447 -0.121498 0.3137 0.2706 0.1843
v -0.060268 0.937500 -0.121498 0.3333 0.2902 0.2039
v 0.060268 0.937500 -0.121498 0.3137 0.2706 0.1922
v -0.029655 0.943237 -0.121498 0.3333 0.2902 0.2039
v 0.029655 0.943237 -0.121498 0.3333 0.2902 0.2118
v -0.025829 0.275513 -0.123405 0.1059 0.0745 0.0627
v 0.025829 0.275513 -0.123405 0.1059 0.0745 0.0627
v -0.058357 0.388397 -0.123405 0.1294 0.0902 0.0863
v 0.058357 0.388397 -0.123405 0.1255 0.0863 0.0784
v -0.069839 0.541504 -0.123405 0.1333 0.0902 0.0824
v 0.069839 0.541504 -0.123405 0.1294 0.0902 0.0824
v -0.020090 0.552979 -0.123405 0.1686 0.1255 0.1020
v 0.020090 0.552979 -0.123405 0.1608 0.1176 0.0980
v -0.067924 0.564453 -0.123405 0.1216 0.0667 0.0549
v 0.067924 0.564453 -0.123405 0.1176 0.0627 0.0510
v -0.125320 0.566345 -0.123405 0.1294 0.0627 0.0431
v 0.125320 0.566345 -0.123405 0.1451 0.0706 0.0549
v -0.127228 0.570190 -0.123405 0.1333 0.0588 0.0431
v 0.127228 0.570190 -0.123405 0.1569 0.0784 0.0627
v 0.000957 0.587402 -0.123405 0.4000 0.2471 0.1569
v -0.155930 0.658203 -0.123405 0.1882 0.1059 0.0941
v 0.155930 0.658203 -0.123405 0.2000 0.1176 0.0980
v -0.182724 0.715576 -0.123405 0.2314 0.1490 0.1294
v 0.182724 0.715576 -0.123405 0.2078 0.1255 0.1059
v -0.176987 0.725159 -0.123405 0.2118 0.1333 0.1098
v 0.176987 0.725159 -0.123405 0.1961 0.1216 0.0980
v -0.186554 0.778687 -0.123405 0.3412 0.2980 0.2196
v 0.186554 0.778687 -0.123405 0.3098 0.2667 0.1804
v -0.058357 0.939453 -0.123405 0.3294 0.2863 0.2000
v 0.058357 0.939453 -0.123405 0.3412 0.2980 0.2235
v 0.000957 0.275513 -0.125320 0.1059 0.0784 0.0667
v -0.029655 0.424774 -0.125320 0.1137 0.0824 0.0706
v 0.029655 0.424774 -0.125320 0.1137 0.0824 0.0706
v -0.029655 0.434326 -0.125320 0.0941 0.0627 0.0510
v 0.029655 0.434326 -0.125320 0.0863 0.0549 0.0471
v -0.062183 0.449646 -0.125320 0.0706 0.0549 0.0431
v 0.062183 0.449646 -0.125320 0.0863 0.0667 0.0471
v -0.083229 0.466858 -0.125320 0.1059 0.0745 0.0627
v 0.083229 0.466858 -0.125320 0.1059 0.0745 0.0627
v -0.020090 0.545288 -0.125320 0.1373 0.0941 0.0784
v 0.020090 0.545288 -0.125320 0.1333 0.0941 0.0745
v 0.000957 0.552979 -0.125320 0.1530 0.1098 0.1020
v -0.052616 0.572083 -0.125320 0.1412 0.0824 0.0627
v 0.052616 0.572083 -0.125320 0.1412 0.0824 0.0627
v -0.127228 0.575928 -0.125320 0.1569 0.0824 0.0667
v 0.127228 0.575928 -0.125320 0.1569 0.0863 0.0706
v -0.016264 0.589294 -0.125320 0.3843 0.2432 0.1569
v 0.016264 0.589294 -0.125320 0.4706 0.2980 0.2078
v -0.121498 0.600769 -0.125320 0.1137 0.0588 0.0471
v 0.121498 0.600769 -0.125320 0.1098 0.0588 0.0431
v -0.159759 0.612244 -0.125320 0.2000 0.1216 0.1059
v 0.159759 0.612244 -0.125320 0.1804 0.1059 0.0824
v -0.175064 0.684998 -0.125320 0.1490 0.0784 0.0627
v 0.175064 0.684998 -0.125320 0.1569 0.0824 0.0667
v -0.190369 0.700256 -0.125320 0.1804 0.1059 0.0902
v 0.190369 0.700256 -0.125320 0.1843 0.1098 0.0863
v -0.157852 0.880127 -0.125320 0.3137 0.2706 0.1843
v 0.157852 0.880127 -0.125320 0.3412 0.2980 0.2196
v -0.104279 0.922180 -0.125320 0.3412 0.2980 0.2157
v -0.022003 0.943237 -0.125320 0.3451 0.3019 0.2235
v 0.022003 0.943237 -0.125320 0.3372 0.2941 0.2078
v -0.027742 0.281250 -0.127228 0.1176 0.0863 0.0745
v 0.027742 0.281250 -0.127228 0.1137 0.0824 0.0745
v -0.056442 0.304230 -0.127228 0.1098 0.0745 0.0627
v 0.056442 0.304230 -0.127228 0.1098 0.0784 0.0667
v -0.029655 0.409454 -0.127228 0.1255 0.0863 0.0784
v 0.029655 0.409454 -0.127228 0.1137 0.0824 0.0745
v 0.000957 0.428589 -0.127228 0.0941 0.0667 0.0549
v -0.088966 0.478333 -0.127228 0.1176 0.0863 0.0745
v 0.090881 0.478333 -0.127228 0.1176 0.0863 0.0745
v -0.022003 0.535706 -0.127228 0.1176 0.0784 0.0706
v -0.075577 0.535706 -0.127228 0.1294 0.0902 0.0824
v 0.022003 0.535706 -0.127228 0.1098 0.0706 0.0627
v 0.075577 0.535706 -0.127228 0.1294 0.0902 0.0824
v -0.119583 0.564453 -0.127228 0.1765 0.1020 0.0863
v 0.119583 0.564453 -0.127228 0.1608 0.0902 0.0745
v -0.090881 0.572083 -0.127228 0.1176 0.0627 0.0510
v 0.090881 0.572083 -0.127228 0.1176 0.0627 0.0510
v -0.088966 0.577820 -0.127228 0.1216 0.0667 0.0510
v 0.088966 0.577820 -0.127228 0.1176 0.0627 0.0510
v 0.000957 0.579712 -0.127228 0.1333 0.0784 0.0588
v -0.037308 0.595032 -0.127228 0.1725 0.1137 0.0902
v -0.117668 0.595032 -0.127228 0.1255 0.0706 0.0588
v 0.037308 0.595032 -0.127228 0.1961 0.1216 0.0941
v 0.117668 0.595032 -0.127228 0.1294 0.0745 0.0667
v -0.167419 0.602722 -0.127228 0.1804 0.1059 0.0902
v 0.167419 0.602722 -0.127228 0.1843 0.1098 0.0941
v -0.167419 0.606506 -0.127228 0.1922 0.1137 0.0980
v 0.167419 0.606506 -0.127228 0.2000 0.1216 0.1020
v -0.157852 0.671570 -0.127228 0.1843 0.1020 0.0824
v 0.157852 0.671570 -0.127228 0.2000 0.1176 0.0980
v -0.186554 0.692627 -0.127228 0.1804 0.0980 0.0784
v 0.186554 0.692627 -0.127228 0.1882 0.1059 0.0863
v -0.190369 0.705994 -0.127228 0.1961 0.1137 0.0941
v 0.190369 0.705994 -0.127228 0.2275 0.1333 0.1176
v -0.079399 0.931763 -0.127228 0.3451 0.3019 0.2235
v 0.079399 0.931763 -0.127228 0.3333 0.2902 0.2118
v -0.000957 0.941345 -0.127228 0.3294 0.2902 0.2118
v 0.000957 0.941345 -0.127228 0.3294 0.2863 0.2157
v -0.014350 0.943237 -0.127228 0.3333 0.2902 0.2078
v 0.014350 0.943237 -0.127228 0.3372 0.2941 0.2078
v -0.027742 0.292725 -0.129150 0.1176 0.0863 0.0745
v 0.027742 0.292725 -0.129150 0.1176 0.0863 0.0745
v -0.027742 0.302307 -0.129150 0.1176 0.0863 0.0745
v 0.027742 0.302307 -0.129150 0.1098 0.0784 0.0667
v -0.058357 0.359711 -0.129150 0.1333 0.0941 0.0863
v 0.058357 0.359711 -0.129150 0.1294 0.0902 0.0824
v 0.000957 0.407532 -0.129150 0.1137 0.0824 0.0745
v 0.000957 0.420929 -0.129150 0.1137 0.0824 0.0706
v -0.081314 0.518494 -0.129150 0.1216 0.0824 0.0745
v 0.081314 0.518494 -0.129150 0.1176 0.0784 0.0706
v -0.022003 0.526184 -0.129150 0.1020 0.0745 0.0588
v 0.022003 0.526184 -0.129150 0.1059 0.0745 0.0627
v -0.079399 0.528076 -0.129150 0.1294 0.0902 0.0824
v 0.079399 0.528076 -0.129150 0.1176 0.0863 0.0745
v 0.000957 0.533813 -0.129150 0.1098 0.0745 0.0667
v 0.000957 0.543396 -0.129150 0.1216 0.0863 0.0667
v -0.100449 0.564453 -0.129150 0.1530 0.0784 0.0627
v 0.100449 0.564453 -0.129150 0.1490 0.0784 0.0667
v -0.123405 0.577820 -0.129150 0.1843 0.1020 0.0902
v 0.123405 0.577820 -0.129150 0.1765 0.0980 0.0863
v -0.018177 0.581665 -0.129150 0.1333 0.0784 0.0667
v 0.018177 0.581665 -0.129150 0.1333 0.0784 0.0667
v -0.115753 0.587402 -0.129150 0.1451 0.0824 0.0667
v 0.115753 0.587402 -0.129150 0.1530 0.0863 0.0706
v -0.146362 0.589294 -0.129150 0.1765 0.1059 0.0902
v 0.146362 0.589294 -0.129150 0.1608 0.0902 0.0745
v -0.027742 0.595032 -0.129150 0.2196 0.1373 0.1059
v -0.125320 0.595032 -0.129150 0.1216 0.0627 0.0510
v 0.027742 0.595032 -0.129150 0.4745 0.3137 0.2039
v 0.125320 0.595032 -0.129150 0.1137 0.0588 0.0510
v -0.167419 0.598877 -0.129150 0.1961 0.1216 0.1059
v 0.167419 0.598877 -0.129150 0.1843 0.1059 0.0902
v -0.155930 0.681152 -0.129150 0.1608 0.0824 0.0745
v 0.155930 0.681152 -0.129150 0.1725 0.0980 0.0902
v -0.186554 0.801697 -0.129150 0.3255 0.2823 0.2039
v 0.186554 0.801697 -0.129150 0.3137 0.2745 0.1922
v -0.167419 0.862915 -0.129150 0.3098 0.2667 0.1882
v 0.167419 0.862915 -0.129150 0.3216 0.2784 0.2000
v 0.102364 0.922180 -0.129150 0.3412 0.2980 0.2196
v -0.077492 0.929871 -0.129150 0.3216 0.2784 0.1961
v 0.077492 0.929871 -0.129150 0.3490 0.3059 0.2275
v -0.006697 0.943237 -0.129150 0.3372 0.2941 0.2078
v 0.006697 0.943237 -0.129150 0.3372 0.2941 0.2118
v 0.000957 0.281250 -0.131058 0.1216 0.0902 0.0784
v 0.000957 0.292725 -0.131058 0.1255 0.0863 0.0784
v 0.000957 0.304230 -0.131058 0.1137 0.0824 0.0706
v -0.029655 0.388397 -0.131058 0.1255 0.0941 0.0824
v 0.029655 0.388397 -0.131058 0.1176 0.0863 0.0784
v -0.090881 0.485992 -0.131058 0.1255 0.0824 0.0745
v 0.090881 0.485992 -0.131058 0.1137 0.0824 0.0706
v 0.000957 0.522339 -0.131058 0.1020 0.0745 0.0588
v -0.046875 0.533814 -0.131058 0.1216 0.0902 0.0784
v 0.046875 0.533814 -0.131058 0.1216 0.0902 0.0784
v -0.083229 0.562500 -0.131058 0.1294 0.0706 0.0549
v 0.083229 0.562500 -0.131058 0.1176 0.0627 0.0510
v -0.058357 0.564453 -0.131058 0.1333 0.0745 0.0627
v -0.113838 0.564453 -0.131058 0.1608 0.0902 0.0745
v 0.113838 0.564453 -0.131058 0.1569 0.0863 0.0706
v -0.088966 0.570190 -0.131058 0.1176 0.0627 0.0510
v 0.088966 0.570190 -0.131058 0.1137 0.0588 0.0471
v 0.000957 0.572083 -0.131058 0.1255 0.0706 0.0588
v -0.092796 0.577820 -0.131058 0.1333 0.0706 0.0588
v 0.092796 0.577820 -0.131058 0.1294 0.0706 0.0588
v -0.039223 0.583557 -0.131058 0.1412 0.0902 0.0784
v -0.115753 0.583557 -0.131058 0.1490 0.0784 0.0627
v 0.039223 0.583557 -0.131058 0.1451 0.0902 0.0784
v 0.115753 0.583557 -0.131058 0.1569 0.0824 0.0667
v -0.092796 0.585449 -0.131058 0.1412 0.0706 0.0588
v 0.092796 0.585449 -0.131058 0.1373 0.0745 0.0588
v -0.163589 0.610352 -0.131058 0.2078 0.1255 0.1059
v 0.163589 0.610352 -0.131058 0.1882 0.1137 0.0980
v -0.161682 0.681152 -0.131058 0.1333 0.0745 0.0627
v 0.161682 0.681152 -0.131058 0.1490 0.0784 0.0627
v -0.186554 0.709839 -0.131058 0.2392 0.1569 0.1373
v 0.186554 0.709839 -0.131058 0.2078 0.1333 0.1176
v -0.178894 0.717468 -0.131058 0.2078 0.1255 0.1059
v 0.178894 0.717468 -0.131058 0.2078 0.1255 0.1059
v -0.182724 0.822693 -0.131058 0.3176 0.2745 0.1882
v 0.182724 0.822693 -0.131058 0.3294 0.2863 0.2039
v -0.175064 0.843750 -0.131058 0.3294 0.2863 0.2118
v 0.175064 0.843750 -0.131058 0.3255 0.2823 0.1961
v -0.075577 0.929871 -0.131058 0.3255 0.2823 0.1961
v 0.075577 0.929871 -0.131058 0.3176 0.2745 0.1961
v -0.050701 0.937500 -0.131058 0.3333 0.2902 0.2118
v 0.050701 0.937500 -0.131058 0.3412 0.2902 0.2157
v -0.058357 0.309967 -0.132980 0.1216 0.0902 0.0784
v 0.058357 0.309967 -0.132980 0.1255 0.0863 0.0784
v -0.060268 0.319519 -0.132980 0.1294 0.0902 0.0824
v 0.060268 0.319519 -0.132980 0.1333 0.0941 0.0863
v -0.060268 0.334839 -0.132980 0.1333 0.0941 0.0863
v 0.060268 0.334839 -0.132980 0.1333 0.0941 0.0902
v 0.000957 0.386505 -0.132980 0.1216 0.0902 0.0824
v -0.083229 0.507019 -0.132980 0.1255 0.0863 0.0784
v 0.083229 0.507019 -0.132980 0.1137 0.0824 0.0706
v 0.058357 0.564453 -0.132980 0.1333 0.0745 0.0627
v -0.098534 0.568237 -0.132980 0.1216 0.0588 0.0431
v 0.098534 0.568237 -0.132980 0.1255 0.0510 0.0353
v -0.119583 0.579712 -0.132980 0.1647 0.0902 0.0745
v 0.119583 0.579712 -0.132980 0.1686 0.0902 0.0784
v -0.029655 0.585449 -0.132980 0.1333 0.0784 0.0667
v 0.029655 0.585449 -0.132980 0.1294 0.0745 0.0627
v -0.131058 0.591248 -0.132980 0.1490 0.0784 0.0627
v 0.131058 0.591248 -0.132980 0.1412 0.0745 0.0627
v -0.163589 0.595032 -0.132980 0.1882 0.1098 0.0941
v 0.163589 0.595032 -0.132980 0.1843 0.1020 0.0902
v -0.117668 0.608459 -0.132980 0.1098 0.0549 0.0431
v 0.117668 0.608459 -0.132980 0.1098 0.0549 0.0431
v -0.154022 0.614197 -0.132980 0.2078 0.1255 0.1137
v 0.154022 0.614197 -0.132980 0.2118 0.1294 0.1176
v -0.150192 0.621826 -0.132980 0.2039 0.1255 0.1137
v 0.150192 0.621826 -0.132980 0.2039 0.1294 0.1137
v -0.148285 0.631409 -0.132980 0.1961 0.1137 0.1020
v 0.148285 0.631409 -0.132980 0.2039 0.1216 0.1098
v -0.180801 0.686890 -0.132980 0.1725 0.0941 0.0784
v 0.180801 0.686890 -0.132980 0.1804 0.0980 0.0863
v -0.119583 0.908813 -0.132980 0.3216 0.2784 0.2000
v -0.027742 0.306122 -0.134888 0.1137 0.0824 0.0706
v 0.027742 0.306122 -0.134888 0.1020 0.0706 0.0588
v -0.033482 0.432404 -0.134888 0.0196 0.0078 0.0039
v 0.033482 0.432404 -0.134888 0.0275 0.0078 0.0000
v -0.064095 0.451538 -0.134888 0.1137 0.0745 0.0627
v 0.064095 0.451538 -0.134888 0.1059 0.0706 0.0588
v -0.087059 0.493652 -0.134888 0.1216 0.0902 0.0784
v 0.087059 0.493652 -0.134888 0.1216 0.0902 0.0784
v -0.073662 0.560608 -0.134888 0.1412 0.0824 0.0627
v 0.073662 0.560608 -0.134888 0.1333 0.0745 0.0549
v -0.111931 0.564453 -0.134888 0.1569 0.0824 0.0667
v 0.111931 0.564453 -0.134888 0.1451 0.0745 0.0588
v -0.127228 0.568237 -0.134888 0.1530 0.0824 0.0667
v 0.127228 0.568237 -0.134888 0.1490 0.0784 0.0667
v -0.129150 0.572083 -0.134888 0.1686 0.0941 0.0784
v 0.129150 0.572083 -0.134888 0.1804 0.0902 0.0824
v -0.018177 0.573975 -0.134888 0.1333 0.0745 0.0627
v -0.044964 0.573975 -0.134888 0.1530 0.0902 0.0745
v 0.018177 0.573975 -0.134888 0.1294 0.0706 0.0588
v 0.044964 0.573975 -0.134888 0.1412 0.0824 0.0667
v -0.100449 0.575928 -0.134888 0.1490 0.0745 0.0588
v -0.129150 0.575928 -0.134888 0.1686 0.1020 0.0824
v 0.100449 0.575928 -0.134888 0.1412 0.0627 0.0471
v 0.129150 0.575928 -0.134888 0.1530 0.0941 0.0745
v -0.127228 0.577820 -0.134888 0.1686 0.0980 0.0824
v 0.127228 0.577820 -0.134888 0.1569 0.0863 0.0745
v -0.106186 0.583557 -0.134888 0.1608 0.0863 0.0706
v 0.106186 0.583557 -0.134888 0.1647 0.0902 0.0745
v -0.094711 0.593140 -0.134888 0.1216 0.0667 0.0549
v -0.106186 0.593140 -0.134888 0.1294 0.0706 0.0588
v 0.094711 0.593140 -0.134888 0.1255 0.0667 0.0549
v 0.106186 0.593140 -0.134888 0.1333 0.0745 0.0588
v -0.033482 0.600769 -0.134888 0.1373 0.0863 0.0745
v -0.110016 0.600769 -0.134888 0.1098 0.0549 0.0431
v 0.033482 0.600769 -0.134888 0.1530 0.0941 0.0824
v 0.110016 0.600769 -0.134888 0.1137 0.0588 0.0471
v -0.148285 0.644775 -0.134888 0.1922 0.1137 0.1020
v 0.148285 0.644775 -0.134888 0.1961 0.1176 0.0941
v -0.167419 0.681152 -0.134888 0.1373 0.0784 0.0667
v 0.167419 0.681152 -0.134888 0.1490 0.0784 0.0627
v -0.073662 0.929871 -0.134888 0.3294 0.2863 0.2000
v 0.073662 0.929871 -0.134888 0.3372 0.2941 0.2157
v -0.029655 0.361633 -0.136795 0.1333 0.0941 0.0902
v 0.029655 0.361633 -0.136795 0.1294 0.0902 0.0863
v -0.079399 0.495544 -0.136795 0.1255 0.0941 0.0824
v 0.079399 0.495544 -0.136795 0.1216 0.0902 0.0784
v -0.125320 0.566345 -0.136795 0.1725 0.0941 0.0824
v 0.125320 0.566345 -0.136795 0.1686 0.0941 0.0784
v -0.092796 0.579712 -0.136795 0.1333 0.0745 0.0627
v 0.092796 0.579712 -0.136795 0.1294 0.0745 0.0627
v -0.121498 0.606506 -0.136795 0.1137 0.0588 0.0471
v 0.121498 0.606506 -0.136795 0.1137 0.0588 0.0471
v -0.157852 0.610352 -0.136795 0.2000 0.1216 0.1059
v 0.157852 0.610352 -0.136795 0.1922 0.1176 0.1059
v -0.148285 0.660095 -0.136795 0.2000 0.1176 0.1020
v 0.148285 0.660095 -0.136795 0.2039 0.1216 0.1020
v -0.182724 0.711731 -0.136795 0.2078 0.1294 0.1059
v 0.182724 0.711731 -0.136795 0.2392 0.1451 0.1294
v 0.117668 0.908813 -0.136795 0.3294 0.2863 0.2039
v 0.000957 0.306122 -0.138718 0.1059 0.0745 0.0627
v 0.000957 0.361633 -0.138718 0.1333 0.0941 0.0902
v 0.000957 0.424774 -0.138718 0.0784 0.0471 0.0353
v -0.121498 0.566345 -0.138718 0.1530 0.0824 0.0667
v 0.000957 0.566345 -0.138718 0.1294 0.0745 0.0588
v 0.121498 0.566345 -0.138718 0.1647 0.0941 0.0784
v -0.110016 0.568237 -0.138718 0.1255 0.0549 0.0392
v 0.110016 0.568237 -0.138718 0.1255 0.0549 0.0431
v -0.110016 0.573975 -0.138718 0.1569 0.0745 0.0627
v 0.110016 0.573975 -0.138718 0.1647 0.0824 0.0667
v -0.027742 0.577820 -0.138718 0.1373 0.0784 0.0588
v -0.113838 0.577820 -0.138718 0.1412 0.0706 0.0549
v 0.027742 0.577820 -0.138718 0.1373 0.0667 0.0588
v 0.113838 0.577820 -0.138718 0.1608 0.0863 0.0706
v -0.123405 0.579712 -0.138718 0.1412 0.0863 0.0745
v 0.123405 0.579712 -0.138718 0.1569 0.0980 0.0745
v -0.033482 0.589294 -0.138718 0.1412 0.0824 0.0667
v -0.035397 0.589294 -0.138718 0.1451 0.0863 0.0706
v 0.033482 0.589294 -0.138718 0.1216 0.0667 0.0549
v 0.035397 0.589294 -0.138718 0.1216 0.0706 0.0588
v -0.142548 0.593140 -0.138718 0.1765 0.1020 0.0863
v 0.142548 0.593140 -0.138718 0.1686 0.0941 0.0784
v -0.157852 0.595032 -0.138718 0.1765 0.1020 0.0863
v 0.157852 0.595032 -0.138718 0.1882 0.1137 0.0980
v -0.113838 0.596985 -0.138718 0.1098 0.0549 0.0431
v 0.113838 0.596985 -0.138718 0.1137 0.0588 0.0471
v -0.169327 0.602722 -0.138718 0.2039 0.1216 0.1098
v 0.169327 0.602722 -0.138718 0.2039 0.1216 0.1020
v -0.171234 0.606506 -0.138718 0.1961 0.1216 0.1059
v 0.171234 0.606506 -0.138718 0.1843 0.1059 0.0941
v -0.169327 0.608459 -0.138718 0.1882 0.1176 0.1020
v 0.169327 0.608459 -0.138718 0.1843 0.1098 0.0980
v -0.167419 0.610352 -0.138718 0.1843 0.1216 0.1059
v 0.167419 0.610352 -0.138718 0.1882 0.1137 0.1098
v -0.190369 0.694519 -0.138718 0.1961 0.1216 0.1059
v 0.190369 0.694519 -0.138718 0.1882 0.1098 0.0902
v -0.192291 0.698364 -0.138718 0.1882 0.1137 0.0941
v 0.192291 0.698364 -0.138718 0.1922 0.1176 0.1020
v -0.192291 0.704102 -0.138718 0.2000 0.1216 0.0980
v 0.192291 0.704102 -0.138718 0.2275 0.1451 0.1255
v -0.094711 0.920288 -0.138718 0.3451 0.3019 0.2157
v 0.094711 0.920288 -0.138718 0.3294 0.2863 0.2078
v -0.041138 0.935608 -0.138718 0.3333 0.2902 0.2078
v 0.041138 0.935608 -0.138718 0.3255 0.2941 0.2039
v -0.029655 0.309967 -0.140625 0.1255 0.0863 0.0784
v 0.029655 0.309967 -0.140625 0.1176 0.0863 0.0745
v -0.029655 0.319519 -0.140625 0.1333 0.0941 0.0863
v 0.029655 0.319519 -0.140625 0.1333 0.0941 0.0863
v -0.029655 0.334839 -0.140625 0.1333 0.0941 0.0863
v 0.029655 0.334839 -0.140625 0.1294 0.0902 0.0863
v -0.067924 0.457275 -0.140625 0.1176 0.0863 0.0745
v 0.067925 0.457275 -0.140625 0.1137 0.0824 0.0706
v -0.023916 0.526184 -0.140625 0.1216 0.0902 0.0784
v 0.023916 0.526184 -0.140625 0.1216 0.0902 0.0784
v -0.050701 0.564453 -0.140625 0.1412 0.0824 0.0667
v 0.050701 0.564453 -0.140625 0.1216 0.0667 0.0549
v -0.119583 0.568237 -0.140625 0.1216 0.0510 0.0431
v -0.125320 0.568237 -0.140625 0.1333 0.0745 0.0627
v 0.119583 0.568237 -0.140625 0.1530 0.0824 0.0706
v 0.125320 0.568237 -0.140625 0.1451 0.0824 0.0745
v -0.119583 0.577820 -0.140625 0.1412 0.0706 0.0549
v 0.119583 0.577820 -0.140625 0.1647 0.0941 0.0863
v -0.098534 0.600769 -0.140625 0.1255 0.0549 0.0471
v 0.098534 0.600769 -0.140625 0.1216 0.0549 0.0471
v -0.146362 0.612244 -0.140625 0.2078 0.1255 0.1059
v 0.146362 0.612244 -0.140625 0.2039 0.1216 0.1098
v -0.142548 0.619934 -0.140625 0.2039 0.1216 0.1098
v 0.142548 0.619934 -0.140625 0.2039 0.1216 0.1098
v -0.140625 0.631409 -0.140625 0.2039 0.1216 0.1059
v 0.140625 0.631409 -0.140625 0.2039 0.1216 0.1059
v -0.148285 0.673462 -0.140625 0.2000 0.1176 0.0980
v 0.148285 0.673462 -0.140625 0.1765 0.1020 0.0784
v -0.173157 0.683044 -0.140625 0.1647 0.0941 0.0784
v 0.173157 0.683044 -0.140625 0.1686 0.0980 0.0824
v -0.190369 0.705994 -0.140625 0.2118 0.1294 0.1098
v 0.190369 0.705994 -0.140625 0.2118 0.1255 0.1059
v -0.132980 0.893494 -0.140625 0.3451 0.3019 0.2235
v -0.090881 0.918396 -0.140625 0.3216 0.2784 0.2000
v -0.092796 0.918396 -0.140625 0.3255 0.2823 0.2039
v 0.090881 0.918396 -0.140625 0.3216 0.2784 0.2000
v 0.092796 0.918396 -0.140625 0.3333 0.2941 0.2078
v 0.000957 0.309967 -0.142548 0.1216 0.0902 0.0784
v -0.050701 0.531922 -0.142548 0.1333 0.0941 0.0863
v 0.050701 0.531922 -0.142548 0.1294 0.0902 0.0824
v -0.066009 0.558716 -0.142548 0.1451 0.0863 0.0745
v 0.066010 0.558716 -0.142548 0.1373 0.0784 0.0588
v -0.016264 0.568237 -0.142548 0.1373 0.0784 0.0627
v -0.090881 0.568237 -0.142548 0.1216 0.0627 0.0549
v 0.016264 0.568237 -0.142548 0.1294 0.0706 0.0549
v 0.090881 0.568237 -0.142548 0.1333 0.0706 0.0588
v -0.119583 0.572083 -0.142548 0.1255 0.0510 0.0275
v -0.127228 0.572083 -0.142548 0.1294 0.0745 0.0627
v 0.119583 0.572083 -0.142548 0.1490 0.0863 0.0667
v 0.127228 0.572083 -0.142548 0.1412 0.0863 0.0745
v -0.031570 0.581665 -0.142548 0.1373 0.0784 0.0588
v -0.090881 0.589294 -0.142548 0.1451 0.0745 0.0588
v 0.090881 0.589294 -0.142548 0.1490 0.0784 0.0588
v -0.154022 0.596985 -0.142548 0.1725 0.0784 0.0627
v 0.154022 0.596985 -0.142548 0.1922 0.1176 0.1020
v -0.167419 0.600769 -0.142548 0.1765 0.1098 0.0941
v 0.167419 0.600769 -0.142548 0.1843 0.1098 0.0980
v -0.129150 0.602722 -0.142548 0.1255 0.0667 0.0549
v 0.129150 0.602722 -0.142548 0.1255 0.0667 0.0549
v -0.152115 0.608459 -0.142548 0.1922 0.1137 0.0941
v 0.152115 0.608459 -0.142548 0.1922 0.1137 0.0980
v -0.163589 0.612244 -0.142548 0.1922 0.1176 0.1098
v 0.163589 0.612244 -0.142548 0.1922 0.1176 0.0980
v -0.140625 0.646729 -0.142548 0.2000 0.1176 0.1020
v 0.140625 0.646729 -0.142548 0.2039 0.1216 0.1020
v -0.148285 0.684998 -0.142548 0.1569 0.0824 0.0667
v 0.148285 0.684998 -0.142548 0.1451 0.0745 0.0588
v -0.186554 0.690735 -0.142548 0.1961 0.1137 0.0941
v 0.186554 0.690735 -0.142548 0.2000 0.1176 0.0980
v -0.169327 0.725159 -0.142548 0.2157 0.1373 0.1098
v 0.169327 0.725159 -0.142548 0.2196 0.1373 0.1176
v -0.165497 0.732788 -0.142548 0.1843 0.1098 0.0863
v 0.165497 0.732788 -0.142548 0.1882 0.1176 0.0941
v -0.029655 0.935608 -0.142548 0.3333 0.2902 0.2118
v 0.029655 0.935608 -0.142548 0.3216 0.2863 0.2000
v 0.000957 0.319519 -0.144455 0.1294 0.0980 0.0863
v 0.000957 0.334839 -0.144455 0.1255 0.0941 0.0824
v -0.037308 0.432404 -0.144455 0.0745 0.0392 0.0314
v 0.037308 0.432404 -0.144455 0.0706 0.0353 0.0275
v -0.069839 0.464935 -0.144455 0.1216 0.0902 0.0784
v 0.069839 0.464935 -0.144455 0.1176 0.0863 0.0745
v -0.060268 0.493652 -0.144455 0.1176 0.0863 0.0745
v 0.060268 0.493652 -0.144455 0.1176 0.0863 0.0745
v 0.000957 0.524231 -0.144455 0.1255 0.0980 0.0745
v -0.087059 0.562500 -0.144455 0.1137 0.0431 0.0275
v 0.087059 0.562500 -0.144455 0.1137 0.0510 0.0392
v -0.088966 0.575928 -0.144455 0.1412 0.0824 0.0706
v -0.119583 0.575928 -0.144455 0.1333 0.0627 0.0431
v 0.088966 0.575928 -0.144455 0.1569 0.0863 0.0745
v 0.119583 0.575928 -0.144455 0.1490 0.0863 0.0667
v -0.039223 0.577820 -0.144455 0.1412 0.0824 0.0667
v -0.127228 0.577820 -0.144455 0.1255 0.0824 0.0706
v 0.039223 0.577820 -0.144455 0.1176 0.0627 0.0510
v 0.127228 0.577820 -0.144455 0.1451 0.0941 0.0824
v 0.033482 0.581665 -0.144455 0.1216 0.0667 0.0549
v -0.138718 0.598877 -0.144455 0.1686 0.0980 0.0824
v 0.138718 0.598877 -0.144455 0.1608 0.0863 0.0706
v -0.165497 0.600769 -0.144455 0.1490 0.0902 0.0784
v 0.165497 0.600769 -0.144455 0.1804 0.1059 0.0980
v -0.140625 0.606506 -0.144455 0.1804 0.1059 0.0902
v 0.140625 0.606506 -0.144455 0.1647 0.0941 0.0784
v -0.132980 0.631409 -0.144455 0.1804 0.1059 0.0902
v 0.132980 0.631409 -0.144455 0.1922 0.1098 0.0941
v -0.140625 0.661987 -0.144455 0.1961 0.1137 0.0941
v 0.140625 0.661987 -0.144455 0.2000 0.1176 0.0980
v -0.150192 0.684998 -0.144455 0.1451 0.0745 0.0588
v 0.150192 0.684998 -0.144455 0.1412 0.0784 0.0588
v -0.188461 0.707947 -0.144455 0.2275 0.1530 0.1373
v 0.188461 0.707947 -0.144455 0.1961 0.1176 0.0980
v -0.171234 0.717468 -0.144455 0.2196 0.1373 0.1176
v 0.171234 0.717468 -0.144455 0.2157 0.1333 0.1137
v 0.131058 0.895447 -0.144455 0.3372 0.2941 0.2078
v -0.064095 0.927979 -0.144455 0.3412 0.2980 0.2196
v 0.064095 0.927979 -0.144455 0.3333 0.2902 0.2118
v -0.058357 0.505127 -0.146362 0.1216 0.0824 0.0745
v 0.058357 0.505127 -0.146362 0.1137 0.0863 0.0745
v -0.079399 0.558716 -0.146362 0.1451 0.0824 0.0667
v 0.079399 0.558716 -0.146362 0.1451 0.0824 0.0667
v -0.025829 0.572083 -0.146362 0.1333 0.0745 0.0627
v 0.025829 0.572083 -0.146362 0.1294 0.0706 0.0549
v -0.102364 0.593140 -0.146362 0.1255 0.0588 0.0510
v -0.119583 0.593140 -0.146362 0.1333 0.0745 0.0549
v 0.102364 0.593140 -0.146362 0.1333 0.0627 0.0549
v 0.119583 0.593140 -0.146362 0.1373 0.0706 0.0549
v -0.087059 0.600769 -0.146362 0.1137 0.0588 0.0471
v -0.150192 0.600769 -0.146362 0.1686 0.0941 0.0784
v 0.088966 0.600769 -0.146362 0.1137 0.0588 0.0471
v 0.150192 0.600769 -0.146362 0.1686 0.0980 0.0824
v -0.163589 0.602722 -0.146362 0.1569 0.0784 0.0588
v 0.163589 0.602722 -0.146362 0.1843 0.1059 0.0941
v -0.150192 0.606506 -0.146362 0.1765 0.1020 0.0863
v -0.169327 0.606506 -0.146362 0.1804 0.1059 0.0941
v 0.150192 0.606506 -0.146362 0.1922 0.1137 0.0980
v 0.169327 0.606506 -0.146362 0.1843 0.1098 0.0941
v -0.159759 0.610352 -0.146362 0.1765 0.1059 0.0902
v -0.169327 0.610352 -0.146362 0.1804 0.1098 0.1020
v 0.159759 0.610352 -0.146362 0.1804 0.1098 0.0902
v 0.169327 0.610352 -0.146362 0.1843 0.1098 0.0980
v -0.132980 0.614197 -0.146362 0.1647 0.0902 0.0745
v 0.132980 0.614197 -0.146362 0.1686 0.0980 0.0824
v -0.132980 0.644775 -0.146362 0.1804 0.1059 0.0902
v 0.132980 0.644775 -0.146362 0.1922 0.1098 0.0902
v -0.176987 0.711731 -0.146362 0.2235 0.1412 0.1216
v 0.176987 0.711731 -0.146362 0.2000 0.1255 0.1098
v -0.171234 0.734741 -0.146362 0.1373 0.0824 0.0471
v 0.171234 0.734741 -0.146362 0.1882 0.1216 0.0824
v -0.144455 0.878174 -0.146362 0.3019 0.2588 0.1804
v -0.088966 0.920288 -0.146362 0.3255 0.2863 0.2078
v 0.088966 0.920288 -0.146362 0.3333 0.2902 0.2039
v -0.000957 0.933716 -0.146362 0.3333 0.2941 0.2118
v 0.000957 0.933716 -0.146362 0.3294 0.2863 0.2078
v -0.006697 0.935608 -0.146362 0.3372 0.2941 0.2078
v -0.018177 0.935608 -0.146362 0.3372 0.2941 0.2157
v 0.006697 0.935608 -0.146362 0.3333 0.2902 0.2039
v 0.018177 0.935608 -0.146362 0.3412 0.2980 0.2196
v -0.067924 0.474518 -0.148285 0.1255 0.0941 0.0824
v 0.067925 0.474518 -0.148285 0.1216 0.0902 0.0784
v -0.062183 0.482178 -0.148285 0.1216 0.0902 0.0784
v 0.062183 0.482178 -0.148285 0.1255 0.0941 0.0824
v -0.058357 0.514710 -0.148285 0.1255 0.0863 0.0784
v 0.058357 0.514710 -0.148285 0.1176 0.0863 0.0784
v -0.056442 0.524231 -0.148285 0.1255 0.0941 0.0824
v 0.056442 0.524231 -0.148285 0.1255 0.0863 0.0784
v -0.037308 0.589294 -0.148285 0.1333 0.0784 0.0667
v 0.037308 0.589294 -0.148285 0.1098 0.0588 0.0471
v -0.035397 0.591248 -0.148285 0.1333 0.0745 0.0627
v 0.035397 0.591248 -0.148285 0.1137 0.0588 0.0471
v -0.161682 0.604614 -0.148285 0.1686 0.0863 0.0706
v 0.161682 0.604614 -0.148285 0.1765 0.1020 0.0863
v -0.161682 0.608459 -0.148285 0.1725 0.0980 0.0824
v 0.161682 0.608459 -0.148285 0.1804 0.1059 0.0902
v -0.140625 0.677307 -0.148285 0.1686 0.0902 0.0706
v 0.140625 0.677307 -0.148285 0.2078 0.1137 0.1059
v -0.155930 0.683044 -0.148285 0.1490 0.0784 0.0627
v 0.155930 0.683044 -0.148285 0.1451 0.0745 0.0588
v -0.180801 0.686890 -0.148285 0.1765 0.1059 0.0902
v 0.180801 0.686890 -0.148285 0.1765 0.0980 0.0824
v -0.196121 0.700256 -0.148285 0.2000 0.1216 0.1020
v 0.196121 0.700256 -0.148285 0.1961 0.1216 0.1059
v -0.196121 0.702209 -0.148285 0.1882 0.1137 0.0941
v 0.196121 0.702209 -0.148285 0.1882 0.1137 0.0980
v -0.175064 0.736633 -0.148285 0.3137 0.2667 0.1804
v 0.175064 0.736633 -0.148285 0.3059 0.2627 0.1843
v -0.110016 0.906921 -0.148285 0.3412 0.2980 0.2118
v 0.110016 0.906921 -0.148285 0.3451 0.3019 0.2235
v 0.000957 0.424774 -0.150192 0.1137 0.0745 0.0667
v -0.060268 0.560608 -0.150192 0.1608 0.0902 0.0745
v 0.060268 0.560608 -0.150192 0.1373 0.0784 0.0627
v 0.000957 0.562500 -0.150192 0.1373 0.0784 0.0667
v -0.046875 0.568237 -0.150192 0.1451 0.0902 0.0745
v 0.046875 0.568237 -0.150192 0.1176 0.0627 0.0510
v -0.029655 0.575928 -0.150192 0.1333 0.0745 0.0627
v -0.083229 0.583557 -0.150192 0.1686 0.0863 0.0745
v 0.083229 0.583557 -0.150192 0.1686 0.0902 0.0706
v -0.134888 0.661987 -0.150192 0.1725 0.0980 0.0824
v 0.134888 0.661987 -0.150192 0.1804 0.1059 0.0902
v -0.190369 0.692627 -0.150192 0.2000 0.1216 0.0980
v 0.190369 0.692627 -0.150192 0.2118 0.1255 0.1059
v -0.194199 0.696472 -0.150192 0.1922 0.1098 0.0980
v 0.194199 0.696472 -0.150192 0.2039 0.1255 0.1020
v -0.192291 0.705994 -0.150192 0.2275 0.1569 0.1412
v -0.194199 0.705994 -0.150192 0.2157 0.1451 0.1216
v 0.192291 0.705994 -0.150192 0.1882 0.1098 0.0941
v 0.194199 0.705994 -0.150192 0.2000 0.1176 0.1020
v -0.182724 0.707947 -0.150192 0.2039 0.1333 0.1176
v 0.182724 0.707947 -0.150192 0.2118 0.1333 0.1098
v -0.175064 0.742371 -0.150192 0.3098 0.2706 0.1843
v 0.175064 0.742371 -0.150192 0.3137 0.2706 0.1843
v -0.173157 0.751953 -0.150192 0.3216 0.2706 0.1961
v -0.104279 0.904968 -0.150192 0.3294 0.2863 0.2039
v -0.106186 0.904968 -0.150192 0.3216 0.2784 0.1922
v 0.104279 0.904968 -0.150192 0.3333 0.2902 0.2078
v 0.106186 0.904968 -0.150192 0.3412 0.2980 0.2118
v -0.073662 0.558716 -0.152115 0.1686 0.0941 0.0784
v 0.073662 0.558716 -0.152115 0.1647 0.0941 0.0784
v -0.014350 0.564453 -0.152115 0.1373 0.0784 0.0667
v 0.014350 0.564453 -0.152115 0.1412 0.0824 0.0627
v 0.029655 0.575928 -0.152115 0.1294 0.0706 0.0588
v -0.033482 0.587402 -0.152115 0.1216 0.0667 0.0549
v 0.033482 0.587402 -0.152115 0.1176 0.0627 0.0549
v -0.081314 0.596985 -0.152115 0.1216 0.0667 0.0549
v 0.081314 0.596985 -0.152115 0.1255 0.0706 0.0588
v -0.129150 0.631409 -0.152115 0.2039 0.1216 0.1020
v 0.129150 0.631409 -0.152115 0.1961 0.1176 0.0980
v -0.165497 0.684998 -0.152115 0.1647 0.0863 0.0824
v 0.165497 0.684998 -0.152115 0.1725 0.1020 0.0863
v -0.186554 0.692627 -0.152115 0.2000 0.1255 0.0980
v 0.186554 0.692627 -0.152115 0.2078 0.1255 0.1059
v 0.173157 0.753845 -0.152115 0.3333 0.2902 0.2118
v -0.154022 0.859070 -0.152115 0.3372 0.2941 0.2078
v 0.142548 0.878174 -0.152115 0.3176 0.2745 0.1882
v -0.052616 0.927979 -0.152115 0.3333 0.2902 0.2118
v 0.052616 0.927979 -0.152115 0.3333 0.2902 0.2118
v -0.039223 0.436249 -0.154022 0.0784 0.0392 0.0314
v 0.039223 0.436249 -0.154022 0.0706 0.0314 0.0235
v -0.027742 0.524231 -0.154022 0.1333 0.0941 0.0824
v 0.027742 0.524231 -0.154022 0.1294 0.0941 0.0824
v -0.090881 0.570190 -0.154022 0.1569 0.0824 0.0667
v 0.090881 0.570190 -0.154022 0.1569 0.0863 0.0667
v -0.046875 0.572083 -0.154022 0.1765 0.1059 0.0902
v 0.046875 0.572083 -0.154022 0.0902 0.0510 0.0431
v -0.088966 0.575928 -0.154022 0.1725 0.0941 0.0863
v 0.088966 0.575928 -0.154022 0.1804 0.0980 0.0863
v -0.039223 0.583557 -0.154022 0.1412 0.0784 0.0627
v 0.039223 0.583557 -0.154022 0.0784 0.0431 0.0431
v -0.108101 0.587402 -0.154022 0.1412 0.0745 0.0627
v 0.108101 0.587402 -0.154022 0.1569 0.0824 0.0667
v -0.090881 0.595032 -0.154022 0.1176 0.0627 0.0471
v 0.092796 0.595032 -0.154022 0.1216 0.0627 0.0471
v -0.037308 0.598877 -0.154022 0.1176 0.0627 0.0510
v 0.037308 0.598877 -0.154022 0.1020 0.0588 0.0431
v -0.129150 0.619934 -0.154022 0.2000 0.1176 0.0980
v 0.129150 0.619934 -0.154022 0.2039 0.1216 0.1020
v -0.129150 0.646729 -0.154022 0.2118 0.1294 0.1098
v 0.129150 0.646729 -0.154022 0.2039 0.1255 0.1020
v -0.175064 0.688782 -0.154022 0.1294 0.0745 0.0784
v 0.175064 0.688782 -0.154022 0.1843 0.1098 0.0941
v -0.136795 0.698364 -0.154022 0.1333 0.0745 0.0588
v 0.136795 0.698364 -0.154022 0.1333 0.0745 0.0627
v -0.190369 0.707947 -0.154022 0.2118 0.1451 0.1294
v 0.190369 0.707947 -0.154022 0.1922 0.1137 0.0941
v -0.171234 0.772949 -0.154022 0.3568 0.3137 0.2353
v 0.171234 0.772949 -0.154022 0.3412 0.2980 0.2196
v -0.031570 0.480255 -0.155930 0.1216 0.0863 0.0784
v 0.033482 0.480255 -0.155930 0.1176 0.0863 0.0745
v -0.022003 0.566345 -0.155930 0.1412 0.0784 0.0627
v -0.088966 0.566345 -0.155930 0.1373 0.0667 0.0431
v 0.022003 0.566345 -0.155930 0.1412 0.0824 0.0627
v 0.088966 0.566345 -0.155930 0.1490 0.0745 0.0588
v -0.085144 0.577820 -0.155930 0.1765 0.1059 0.0902
v 0.085144 0.577820 -0.155930 0.1765 0.0941 0.0824
v -0.075577 0.583557 -0.155930 0.1530 0.0824 0.0667
v 0.075577 0.583557 -0.155930 0.1686 0.0941 0.0784
v -0.131058 0.598877 -0.155930 0.1608 0.0863 0.0706
v 0.131058 0.598877 -0.155930 0.1725 0.0980 0.0824
v -0.132980 0.606506 -0.155930 0.1647 0.0902 0.0745
v 0.132980 0.606506 -0.155930 0.1765 0.1020 0.0863
v -0.081314 0.608459 -0.155930 0.1137 0.0588 0.0471
v 0.081314 0.608459 -0.155930 0.1059 0.0588 0.0431
v -0.131058 0.661987 -0.155930 0.2000 0.1098 0.0941
v 0.131058 0.661987 -0.155930 0.1882 0.1098 0.0902
v -0.192291 0.696472 -0.155930 0.2235 0.1412 0.1216
v 0.192291 0.696472 -0.155929 0.1882 0.1137 0.0980
v -0.171234 0.795959 -0.155930 0.3294 0.2863 0.2078
v -0.161682 0.839966 -0.155930 0.2980 0.2549 0.1765
v 0.152115 0.859070 -0.155930 0.3294 0.2863 0.2000
v -0.121498 0.891602 -0.155930 0.3333 0.2902 0.2039
v 0.121498 0.891602 -0.155930 0.3176 0.2745 0.1961
v -0.102364 0.906921 -0.155930 0.3412 0.2980 0.2157
v 0.102364 0.906921 -0.155930 0.3608 0.3176 0.2314
v -0.077492 0.916443 -0.155930 0.3372 0.2941 0.2157
v 0.077492 0.916443 -0.155930 0.3294 0.2863 0.2078
v -0.031570 0.493652 -0.157852 0.1176 0.0863 0.0745
v 0.031570 0.493652 -0.157852 0.1176 0.0863 0.0745
v 0.000957 0.522339 -0.157852 0.1294 0.0902 0.0824
v -0.085144 0.562500 -0.157852 0.1647 0.0902 0.0745
v 0.085144 0.562500 -0.157852 0.1647 0.0902 0.0745
v -0.056442 0.566345 -0.157852 0.1725 0.1059 0.0902
v 0.056442 0.566345 -0.157852 0.1098 0.0667 0.0588
v -0.031570 0.581665 -0.157852 0.1216 0.0667 0.0549
v -0.050701 0.581665 -0.157852 0.1647 0.0902 0.0745
v 0.031570 0.581665 -0.157852 0.1373 0.0784 0.0667
v 0.050701 0.581665 -0.157852 0.1059 0.0510 0.0588
v -0.073662 0.591248 -0.157852 0.1294 0.0745 0.0627
v -0.125320 0.591248 -0.157852 0.1725 0.0902 0.0745
v 0.073662 0.591248 -0.157852 0.1373 0.0784 0.0667
v 0.125320 0.591248 -0.157852 0.1765 0.0980 0.0784
v -0.033482 0.595032 -0.157852 0.1059 0.0549 0.0431
v -0.041138 0.595032 -0.157852 0.1294 0.0706 0.0588
v 0.033482 0.595032 -0.157852 0.1216 0.0667 0.0549
v 0.041138 0.595032 -0.157852 0.1020 0.0588 0.0471
v -0.071747 0.600769 -0.157852 0.1216 0.0667 0.0549
v 0.071747 0.600769 -0.157852 0.1216 0.0667 0.0549
v -0.037308 0.608459 -0.157852 0.1098 0.0588 0.0471
v 0.037308 0.608459 -0.157852 0.1020 0.0588 0.0431
v -0.131058 0.683044 -0.157852 0.1765 0.0980 0.0745
v 0.131058 0.683044 -0.157852 0.1765 0.0941 0.0824
v -0.182724 0.692627 -0.157852 0.0902 0.0431 0.0667
v 0.182724 0.692627 -0.157852 0.1765 0.0980 0.0902
v -0.188461 0.696472 -0.157852 0.1490 0.0784 0.0863
v 0.188461 0.696472 -0.157852 0.1765 0.1059 0.0980
v -0.196121 0.700256 -0.157852 0.2078 0.1333 0.1137
v 0.196121 0.700256 -0.157852 0.2196 0.1373 0.1255
v -0.178894 0.705994 -0.157852 0.1882 0.1137 0.0980
v -0.196121 0.705994 -0.157852 0.1961 0.1255 0.1137
v 0.178894 0.705994 -0.157852 0.2039 0.1333 0.1059
v 0.196121 0.705994 -0.157852 0.2000 0.1255 0.1255
v -0.171234 0.707947 -0.157852 0.2000 0.1255 0.1020
v 0.171234 0.707947 -0.157852 0.2039 0.1216 0.1020
v -0.163589 0.711731 -0.157852 0.2118 0.1294 0.1098
v 0.163589 0.711731 -0.157852 0.2157 0.1333 0.1137
v -0.157852 0.719421 -0.157852 0.1961 0.1216 0.0980
v 0.157852 0.719421 -0.157852 0.1961 0.1216 0.0980
v 0.169327 0.797852 -0.157852 0.3490 0.3059 0.2275
v -0.167419 0.818909 -0.157852 0.3137 0.2823 0.2000
v -0.119583 0.891602 -0.157852 0.3294 0.2863 0.2078
v 0.119583 0.891602 -0.157852 0.3372 0.2941 0.2078
v 0.000957 0.428589 -0.159759 0.1137 0.0824 0.0706
v -0.039223 0.445801 -0.159759 0.1255 0.0863 0.0784
v 0.039223 0.445801 -0.159760 0.1176 0.0863 0.0745
v -0.035397 0.468781 -0.159759 0.1255 0.0941 0.0824
v 0.035397 0.468781 -0.159759 0.1216 0.0902 0.0784
v 0.000957 0.476410 -0.159759 0.1216 0.0902 0.0784
v -0.029655 0.516602 -0.159759 0.1294 0.0902 0.0824
v 0.029655 0.516602 -0.159759 0.1255 0.0941 0.0824
v -0.069839 0.560608 -0.159760 0.1686 0.0980 0.0824
v 0.069839 0.560608 -0.159759 0.1686 0.0941 0.0784
v -0.058357 0.572083 -0.159760 0.1725 0.0980 0.0745
v 0.058357 0.572083 -0.159759 0.1451 0.0824 0.0745
v -0.079399 0.577820 -0.159760 0.1686 0.0980 0.0824
v 0.079399 0.577820 -0.159759 0.1530 0.0824 0.0667
v -0.064095 0.579712 -0.159760 0.1725 0.0980 0.0824
v 0.064095 0.579712 -0.159759 0.1765 0.1020 0.0784
v -0.064095 0.587402 -0.159760 0.1530 0.0824 0.0745
v 0.064095 0.587402 -0.159759 0.1490 0.0784 0.0627
v -0.052616 0.589294 -0.159760 0.1451 0.0745 0.0667
v 0.052616 0.589294 -0.159760 0.1294 0.0706 0.0588
v -0.085144 0.600769 -0.159760 0.1137 0.0588 0.0471
v 0.085144 0.600769 -0.159759 0.1098 0.0588 0.0471
v -0.119583 0.633301 -0.159760 0.2118 0.1294 0.1137
v 0.119583 0.633301 -0.159759 0.2078 0.1255 0.1098
v -0.148285 0.692627 -0.159760 0.1530 0.0784 0.0627
v 0.148285 0.692627 -0.159759 0.1137 0.0588 0.0471
v -0.198029 0.704102 -0.159760 0.2000 0.1255 0.1137
v 0.198029 0.704102 -0.159759 0.2118 0.1294 0.1176
v -0.186554 0.707947 -0.159760 0.2157 0.1451 0.1333
v 0.186554 0.707947 -0.159759 0.2118 0.1373 0.1137
v -0.152115 0.729004 -0.159760 0.1725 0.0980 0.0745
v 0.152115 0.729004 -0.159759 0.1725 0.1020 0.0824
v 0.165497 0.818909 -0.159759 0.3216 0.2823 0.2000
v 0.159759 0.839966 -0.159759 0.3255 0.2823 0.2039
v -0.117668 0.889709 -0.159759 0.3451 0.3019 0.2157
v 0.117668 0.889709 -0.159759 0.3412 0.2980 0.2118
v -0.037308 0.926025 -0.159759 0.3333 0.2902 0.2118
v 0.037308 0.926025 -0.159759 0.3255 0.2823 0.1961
v -0.037308 0.455383 -0.161682 0.1255 0.0941 0.0824
v 0.037308 0.455383 -0.161682 0.1216 0.0902 0.0784
v 0.000957 0.489807 -0.161682 0.1216 0.0902 0.0784
v -0.031570 0.505127 -0.161682 0.1255 0.0941 0.0824
v 0.031570 0.505127 -0.161682 0.1176 0.0863 0.0745
v 0.000957 0.560608 -0.161682 0.1490 0.0902 0.0706
v -0.081314 0.562500 -0.161682 0.1686 0.0941 0.0824
v 0.083229 0.562500 -0.161682 0.1725 0.0980 0.0824
v -0.025829 0.572083 -0.161682 0.1294 0.0706 0.0588
v 0.025829 0.572083 -0.161682 0.1451 0.0863 0.0745
v -0.071747 0.573975 -0.161682 0.1569 0.0824 0.0745
v 0.071747 0.573975 -0.161682 0.1843 0.1098 0.0941
v -0.088966 0.575928 -0.161682 0.1686 0.0980 0.0824
v 0.088966 0.575928 -0.161682 0.1647 0.0941 0.0784
v -0.087059 0.577820 -0.161682 0.1647 0.0941 0.0784
v 0.087059 0.577820 -0.161682 0.1647 0.0941 0.0784
v -0.027742 0.585449 -0.161682 0.0980 0.0549 0.0510
v 0.027742 0.585449 -0.161682 0.1451 0.0824 0.0627
v -0.098534 0.591248 -0.161682 0.1490 0.0784 0.0627
v 0.098534 0.591248 -0.161682 0.1490 0.0784 0.0627
v -0.064095 0.595032 -0.161682 0.1216 0.0627 0.0510
v 0.064095 0.595032 -0.161682 0.1255 0.0667 0.0549
v -0.052616 0.598877 -0.161682 0.1255 0.0706 0.0588
v 0.052616 0.598877 -0.161682 0.1216 0.0667 0.0549
v -0.044964 0.604614 -0.161682 0.1216 0.0627 0.0510
v 0.044964 0.604614 -0.161682 0.1137 0.0588 0.0510
v -0.083229 0.606506 -0.161682 0.1137 0.0588 0.0471
v 0.083229 0.606506 -0.161682 0.1137 0.0588 0.0471
v -0.129150 0.612244 -0.161682 0.2118 0.1294 0.1098
v 0.129150 0.612244 -0.161682 0.2039 0.1216 0.1020
v -0.121498 0.621826 -0.161682 0.2314 0.1490 0.1294
v 0.121498 0.621826 -0.161682 0.2000 0.1255 0.1098
v -0.121498 0.646729 -0.161682 0.2039 0.1216 0.1020
v 0.121498 0.646729 -0.161682 0.1804 0.1059 0.0902
v -0.157852 0.690735 -0.161682 0.1686 0.0941 0.0784
v 0.157852 0.690735 -0.161682 0.1804 0.0980 0.0784
v -0.169327 0.692627 -0.161682 0.1490 0.0824 0.0784
v 0.169327 0.692627 -0.161682 0.1843 0.1098 0.0941
v -0.180801 0.696472 -0.161682 0.1020 0.0588 0.0824
v 0.180801 0.696472 -0.161682 0.1882 0.1137 0.1059
v -0.190369 0.698364 -0.161682 0.1176 0.0667 0.0784
v 0.190369 0.698364 -0.161682 0.1765 0.1098 0.1098
v -0.178894 0.704102 -0.161682 0.1961 0.1216 0.1098
v 0.178894 0.704102 -0.161682 0.1961 0.1176 0.0980
v -0.188461 0.705994 -0.161682 0.1882 0.1176 0.1137
v 0.188461 0.705994 -0.161682 0.2000 0.1255 0.1098
v -0.010523 0.562500 -0.163589 0.1451 0.0863 0.0667
v 0.010523 0.562500 -0.163589 0.1490 0.0902 0.0706
v -0.067924 0.564453 -0.163589 0.1725 0.0980 0.0824
v 0.067925 0.564453 -0.163589 0.1647 0.0902 0.0745
v -0.090881 0.568237 -0.163589 0.1530 0.0784 0.0667
v 0.090881 0.568237 -0.163589 0.1647 0.0902 0.0745
v -0.069839 0.570190 -0.163589 0.1765 0.1020 0.0863
v 0.069839 0.570190 -0.163589 0.1882 0.1098 0.0980
v -0.090881 0.572083 -0.163589 0.1686 0.0902 0.0863
v 0.090881 0.572083 -0.163589 0.1608 0.0863 0.0667
v -0.115753 0.589294 -0.163589 0.1608 0.0902 0.0745
v 0.115753 0.589294 -0.163589 0.1804 0.1059 0.0902
v -0.075577 0.596985 -0.163589 0.1176 0.0627 0.0510
v 0.075577 0.596985 -0.163589 0.1216 0.0667 0.0549
v -0.033482 0.606506 -0.163589 0.1020 0.0549 0.0431
v 0.033482 0.606506 -0.163589 0.1059 0.0627 0.0471
v -0.037308 0.619934 -0.163589 0.1059 0.0549 0.0471
v 0.037308 0.619934 -0.163589 0.0980 0.0549 0.0431
v -0.169327 0.698364 -0.163589 0.1804 0.1059 0.0902
v 0.169327 0.698364 -0.163589 0.1922 0.1176 0.1020
v -0.178894 0.700256 -0.163589 0.1412 0.0824 0.0863
v 0.178894 0.700256 -0.163589 0.1843 0.1098 0.0941
v -0.190369 0.702209 -0.163589 0.1412 0.0863 0.1020
v 0.190369 0.702209 -0.163589 0.1843 0.1176 0.1059
v -0.169327 0.704102 -0.163589 0.2196 0.1373 0.1176
v 0.169327 0.704102 -0.163589 0.2196 0.1373 0.1176
v -0.159759 0.707947 -0.163589 0.2196 0.1373 0.1176
v 0.159759 0.707947 -0.163589 0.1922 0.1137 0.0902
v -0.150192 0.715576 -0.163589 0.2039 0.1216 0.1020
v 0.150192 0.715576 -0.163589 0.2078 0.1255 0.1059
v -0.132980 0.874390 -0.163589 0.3333 0.2902 0.2118
v 0.132980 0.876282 -0.163589 0.3333 0.2902 0.2078
v -0.000957 0.922180 -0.163589 0.3333 0.2902 0.2118
v 0.000957 0.922180 -0.163589 0.3176 0.2784 0.2000
v -0.022003 0.924133 -0.163589 0.3333 0.2902 0.2118
v 0.022003 0.924133 -0.163589 0.3333 0.2902 0.2118
v 0.000957 0.463043 -0.165497 0.1216 0.0902 0.0784
v 0.000957 0.501282 -0.165497 0.1255 0.0941 0.0824
v 0.000957 0.514710 -0.165497 0.1294 0.0902 0.0824
v -0.079399 0.564453 -0.165497 0.1608 0.0863 0.0706
v 0.079399 0.564453 -0.165497 0.1882 0.1098 0.0941
v -0.025829 0.575928 -0.165497 0.1412 0.0745 0.0588
v 0.025829 0.575928 -0.165497 0.1569 0.0941 0.0863
v -0.083229 0.577820 -0.165497 0.1725 0.1020 0.0863
v 0.083229 0.577820 -0.165497 0.1686 0.0980 0.0824
v -0.027742 0.593140 -0.165497 0.1176 0.0627 0.0549
v -0.066009 0.593140 -0.165497 0.1255 0.0667 0.0549
v 0.027742 0.593140 -0.165497 0.1333 0.0745 0.0627
v 0.066010 0.593140 -0.165497 0.1255 0.0667 0.0471
v -0.123405 0.614197 -0.165497 0.2118 0.1294 0.1098
v 0.123405 0.614197 -0.165497 0.2000 0.1255 0.1020
v -0.121498 0.660095 -0.165497 0.2000 0.1176 0.1059
v 0.121498 0.660095 -0.165497 0.1804 0.0980 0.0863
v -0.123405 0.673462 -0.165497 0.1882 0.1020 0.0863
v 0.123405 0.673462 -0.165497 0.1804 0.0980 0.0784
v -0.136795 0.681152 -0.165497 0.1333 0.0627 0.0471
v 0.136795 0.681152 -0.165497 0.1333 0.0745 0.0549
v -0.142548 0.692627 -0.165497 0.1333 0.0745 0.0549
v 0.142548 0.692627 -0.165497 0.1490 0.0784 0.0627
v -0.157852 0.700256 -0.165497 0.1765 0.1020 0.0784
v 0.157852 0.700256 -0.165497 0.1804 0.1020 0.0824
v -0.144455 0.705994 -0.165497 0.1569 0.0863 0.0667
v 0.144455 0.705994 -0.165497 0.1569 0.0863 0.0706
v -0.142548 0.727051 -0.165497 0.1843 0.1059 0.0824
v 0.142548 0.727051 -0.165497 0.2000 0.1255 0.1020
v -0.155930 0.729004 -0.165497 0.1804 0.1059 0.0824
v 0.155930 0.729004 -0.165497 0.1922 0.1216 0.0941
v -0.129150 0.874390 -0.165497 0.3372 0.2941 0.2078
v 0.129150 0.874390 -0.165497 0.3412 0.2980 0.2196
v -0.115753 0.891602 -0.165497 0.3255 0.2823 0.1961
v 0.115753 0.891602 -0.165497 0.3294 0.2863 0.2078
v -0.006697 0.924133 -0.165497 0.3412 0.2980 0.2157
v 0.006697 0.924133 -0.165497 0.3333 0.2902 0.2039
v 0.000957 0.438171 -0.167419 0.1255 0.0941 0.0824
v -0.016264 0.564453 -0.167419 0.1451 0.0863 0.0706
v 0.016264 0.564453 -0.167419 0.1490 0.0902 0.0706
v -0.087059 0.566345 -0.167419 0.1530 0.0863 0.0745
v 0.087059 0.566345 -0.167419 0.1686 0.0980 0.0824
v -0.077492 0.575928 -0.167419 0.1843 0.1098 0.0941
v 0.077492 0.575928 -0.167419 0.1647 0.0902 0.0745
v -0.022003 0.579712 -0.167419 0.0549 0.0235 0.0431
v 0.022003 0.579712 -0.167419 0.1725 0.0980 0.0824
v -0.023916 0.587402 -0.167419 0.1176 0.0706 0.0588
v 0.023916 0.587402 -0.167419 0.1451 0.0784 0.0706
v -0.025829 0.600769 -0.167419 0.1176 0.0588 0.0471
v 0.025829 0.600769 -0.167419 0.1137 0.0588 0.0471
v -0.088966 0.608459 -0.167419 0.1294 0.0706 0.0549
v 0.088966 0.608459 -0.167419 0.1176 0.0627 0.0510
v -0.150192 0.729004 -0.167419 0.1961 0.1294 0.0980
v 0.150192 0.729004 -0.167419 0.2039 0.1333 0.1059
v -0.159759 0.732788 -0.167419 0.3294 0.2823 0.1961
v 0.159760 0.732788 -0.167419 0.3098 0.2627 0.1804
v -0.127228 0.874390 -0.167419 0.3451 0.3019 0.2235
v 0.127228 0.874390 -0.167419 0.3059 0.2627 0.1843
v -0.088966 0.904968 -0.167419 0.3333 0.2902 0.2118
v 0.088966 0.904968 -0.167419 0.3255 0.2823 0.2039
v -0.062183 0.916443 -0.167419 0.3255 0.2863 0.2000
v 0.062183 0.916443 -0.167419 0.3294 0.2863 0.2039
v 0.000957 0.449646 -0.169327 0.1294 0.0980 0.0863
v -0.077492 0.568237 -0.169327 0.1686 0.1020 0.0745
v 0.079399 0.568237 -0.169327 0.1922 0.1098 0.0980
v -0.077492 0.573975 -0.169327 0.1922 0.1137 0.0941
v 0.077492 0.573975 -0.169327 0.1765 0.0980 0.0863
v -0.085144 0.577820 -0.169327 0.1647 0.0980 0.0863
v 0.085144 0.577820 -0.169327 0.1725 0.1020 0.0863
v -0.018177 0.591248 -0.169327 0.1216 0.0667 0.0549
v 0.018177 0.591248 -0.169327 0.1333 0.0745 0.0627
v -0.054531 0.593140 -0.169327 0.1451 0.0745 0.0588
v 0.054531 0.593140 -0.169327 0.1373 0.0627 0.0510
v -0.090881 0.598877 -0.169327 0.1294 0.0706 0.0588
v 0.090881 0.598877 -0.169327 0.1216 0.0667 0.0510
v -0.132980 0.600769 -0.169327 0.1765 0.1020 0.0863
v 0.132980 0.600769 -0.169327 0.1843 0.1020 0.0824
v -0.087059 0.602722 -0.169327 0.1255 0.0667 0.0549
v 0.087059 0.602722 -0.169327 0.1176 0.0627 0.0510
v -0.132980 0.604614 -0.169327 0.1843 0.1098 0.0941
v 0.132980 0.604614 -0.169327 0.1765 0.1020 0.0863
v -0.131058 0.608459 -0.169327 0.2078 0.1216 0.1098
v 0.131058 0.608459 -0.169327 0.1961 0.1137 0.1020
v -0.110016 0.621826 -0.169327 0.2157 0.1333 0.1137
v 0.110016 0.621826 -0.169327 0.2000 0.1216 0.1020
v -0.108101 0.631409 -0.169327 0.2078 0.1255 0.1059
v 0.108101 0.631409 -0.169327 0.1922 0.1176 0.0941
v -0.148285 0.729004 -0.169327 0.1922 0.1333 0.1020
v 0.148285 0.729004 -0.169327 0.2039 0.1412 0.1059
v -0.159759 0.738525 -0.169327 0.3372 0.2941 0.2078
v 0.159760 0.738525 -0.169327 0.3294 0.2863 0.1961
v -0.157852 0.750000 -0.169327 0.3333 0.2902 0.2118
v 0.157852 0.750000 -0.169327 0.3294 0.2863 0.1961
v -0.142548 0.857178 -0.169327 0.3333 0.2902 0.2039
v 0.142548 0.857178 -0.169327 0.3372 0.2941 0.2078
v -0.018177 0.568237 -0.171234 0.2157 0.1098 0.0941
v 0.018177 0.568237 -0.171234 0.1490 0.0941 0.0706
v -0.087059 0.572083 -0.171234 0.1686 0.0941 0.0784
v 0.087059 0.572083 -0.171234 0.1804 0.1098 0.0863
v -0.016264 0.581665 -0.171234 0.1176 0.0627 0.0588
v 0.016264 0.581665 -0.171234 0.1530 0.0824 0.0667
v -0.106186 0.589294 -0.171234 0.1686 0.0941 0.0784
v 0.108101 0.589294 -0.171234 0.1647 0.0902 0.0745
v -0.079399 0.593140 -0.171234 0.1294 0.0706 0.0549
v 0.079399 0.593140 -0.171234 0.1373 0.0745 0.0627
v -0.129150 0.595032 -0.171234 0.1882 0.1059 0.0863
v 0.129150 0.595032 -0.171234 0.1725 0.0980 0.0824
v -0.018177 0.596985 -0.171234 0.1176 0.0627 0.0510
v 0.018177 0.596985 -0.171234 0.1176 0.0627 0.0510
v -0.044964 0.598877 -0.171234 0.1137 0.0588 0.0471
v 0.044964 0.598877 -0.171234 0.1020 0.0588 0.0471
v -0.110016 0.644775 -0.171234 0.1961 0.1176 0.1020
v 0.110016 0.644775 -0.171234 0.2118 0.1294 0.1098
v -0.127228 0.673462 -0.171234 0.1530 0.0824 0.0627
v 0.127228 0.673462 -0.171234 0.1333 0.0745 0.0549
v -0.152115 0.732788 -0.171234 0.3098 0.2588 0.1882
v -0.154022 0.732788 -0.171234 0.3098 0.2627 0.1882
v 0.152115 0.732788 -0.171234 0.3059 0.2667 0.1843
v 0.154022 0.732788 -0.171234 0.2980 0.2510 0.1765
v -0.154022 0.738525 -0.171234 0.3333 0.2902 0.2039
v 0.154022 0.738525 -0.171234 0.3098 0.2745 0.1882
v -0.152115 0.750000 -0.171234 0.3294 0.2863 0.2039
v 0.152115 0.750000 -0.171234 0.3294 0.2863 0.2078
v -0.152115 0.769165 -0.171234 0.3137 0.2745 0.1922
v -0.157852 0.769165 -0.171234 0.3255 0.2823 0.2039
v 0.152115 0.769165 -0.171234 0.3255 0.2863 0.2039
v 0.157852 0.769165 -0.171234 0.3255 0.2823 0.1961
v -0.138718 0.855225 -0.171234 0.3372 0.2941 0.2078
v 0.138718 0.855225 -0.171234 0.3372 0.2941 0.2118
v -0.018177 0.572083 -0.173157 0.0588 0.0353 0.0588
v 0.018177 0.572083 -0.173157 0.1490 0.0902 0.0863
v -0.008610 0.583557 -0.173157 0.1608 0.0863 0.0706
v 0.008610 0.583557 -0.173157 0.1569 0.0824 0.0667
v -0.067924 0.589294 -0.173157 0.1451 0.0745 0.0588
v 0.067925 0.589294 -0.173157 0.1412 0.0745 0.0588
v -0.008610 0.591248 -0.173157 0.1255 0.0667 0.0549
v 0.008610 0.591248 -0.173157 0.1294 0.0706 0.0588
v -0.029655 0.595032 -0.173157 0.1176 0.0627 0.0549
v 0.000957 0.595032 -0.173157 0.1255 0.0667 0.0549
v 0.029655 0.595032 -0.173157 0.1216 0.0627 0.0510
v -0.008610 0.596985 -0.173157 0.1176 0.0627 0.0510
v 0.010523 0.596985 -0.173157 0.1137 0.0588 0.0471
v -0.002870 0.600769 -0.173157 0.1137 0.0588 0.0471
v -0.037308 0.600769 -0.173157 0.1137 0.0588 0.0471
v 0.002870 0.600769 -0.173157 0.1137 0.0588 0.0471
v 0.037308 0.600769 -0.173157 0.1137 0.0588 0.0471
v -0.041138 0.606506 -0.173157 0.1137 0.0510 0.0392
v 0.041138 0.606506 -0.173157 0.1176 0.0549 0.0392
v -0.125320 0.610352 -0.173157 0.2078 0.1255 0.1059
v 0.125320 0.610352 -0.173157 0.2039 0.1294 0.1137
v -0.113838 0.614197 -0.173157 0.2157 0.1333 0.1137
v 0.113838 0.614197 -0.173157 0.2039 0.1255 0.1098
v -0.092796 0.627563 -0.173157 0.1765 0.1020 0.0863
v 0.092796 0.627563 -0.173157 0.1725 0.0941 0.0824
v -0.098534 0.629456 -0.173157 0.2000 0.1176 0.0980
v 0.098534 0.629456 -0.173157 0.1922 0.1098 0.0980
v -0.110016 0.656250 -0.173157 0.1961 0.1176 0.0980
v 0.110016 0.656250 -0.173157 0.2078 0.1216 0.1020
v -0.111931 0.663940 -0.173157 0.1765 0.0980 0.0824
v 0.111931 0.663940 -0.173157 0.1922 0.1098 0.0902
v -0.111931 0.671570 -0.173157 0.1451 0.0863 0.0745
v 0.111931 0.671570 -0.173157 0.1412 0.0824 0.0706
v -0.142548 0.698364 -0.173157 0.1804 0.0980 0.0784
v 0.142548 0.698364 -0.173157 0.1882 0.1059 0.0863
v -0.136795 0.725159 -0.173157 0.1882 0.1137 0.0980
v 0.136795 0.725159 -0.173157 0.1922 0.1176 0.0980
v -0.152115 0.738525 -0.173157 0.3333 0.2941 0.2078
v 0.152115 0.738525 -0.173157 0.3294 0.2863 0.2000
v -0.150192 0.750000 -0.173157 0.3098 0.2667 0.1882
v 0.150192 0.750000 -0.173157 0.3098 0.2667 0.1882
v -0.150192 0.769165 -0.173157 0.3059 0.2706 0.1882
v 0.150192 0.769165 -0.173157 0.3176 0.2745 0.1961
v -0.150192 0.836121 -0.173157 0.3255 0.2823 0.1961
v 0.150192 0.838013 -0.173157 0.3255 0.2902 0.2000
v -0.136795 0.855225 -0.173157 0.3098 0.2667 0.1804
v 0.136795 0.855225 -0.173157 0.3059 0.2627 0.1765
v -0.125320 0.874390 -0.173157 0.3294 0.2863 0.2000
v 0.125320 0.874390 -0.173157 0.3333 0.2902 0.2118
v -0.012437 0.575928 -0.175064 0.0980 0.0471 0.0549
v 0.014350 0.575928 -0.175064 0.1569 0.0863 0.0784
v -0.008610 0.577820 -0.175064 0.1569 0.0784 0.0745
v 0.008610 0.577820 -0.175064 0.1608 0.0863 0.0706
v 0.000957 0.585449 -0.175064 0.1490 0.0745 0.0588
v -0.123405 0.593140 -0.175064 0.1843 0.1098 0.0941
v 0.123405 0.593140 -0.175064 0.1804 0.1059 0.0902
v 0.000957 0.602722 -0.175064 0.1137 0.0588 0.0471
v -0.092796 0.612244 -0.175064 0.1569 0.0902 0.0745
v 0.092796 0.612244 -0.175064 0.1569 0.0863 0.0745
v -0.100449 0.617981 -0.175064 0.2039 0.1216 0.1020
v 0.100449 0.617981 -0.175064 0.1804 0.1059 0.0902
v -0.092796 0.640991 -0.175064 0.1765 0.1020 0.0863
v 0.092796 0.640991 -0.175064 0.1804 0.1020 0.0863
v -0.098534 0.642883 -0.175064 0.2000 0.1176 0.0980
v 0.098534 0.642883 -0.175064 0.1843 0.1098 0.0941
v -0.100449 0.654358 -0.175064 0.1961 0.1137 0.0941
v 0.100449 0.654358 -0.175064 0.1922 0.1098 0.0902
v -0.138718 0.711731 -0.175064 0.2039 0.1216 0.1020
v 0.138718 0.711731 -0.175064 0.2314 0.1373 0.1216
v -0.152115 0.792114 -0.175064 0.3255 0.2902 0.2000
v 0.152115 0.792114 -0.175064 0.3451 0.3059 0.2196
v -0.157852 0.794006 -0.175064 0.3216 0.2784 0.2000
v 0.157852 0.794006 -0.175064 0.3372 0.2941 0.2078
v -0.155930 0.815063 -0.175064 0.3255 0.2823 0.2039
v 0.155930 0.816956 -0.175064 0.3255 0.2823 0.2039
v -0.146362 0.836121 -0.175064 0.3294 0.2902 0.1922
v 0.146362 0.836121 -0.175064 0.3255 0.2823 0.2078
v -0.043049 0.914551 -0.175064 0.3333 0.2902 0.2118
v 0.043049 0.914551 -0.175064 0.3372 0.2941 0.2157
v 0.000957 0.562500 -0.176987 0.1725 0.1020 0.0824
v 0.000957 0.579712 -0.176987 0.1530 0.0824 0.0667
v -0.020090 0.591248 -0.176987 0.1216 0.0588 0.0510
v 0.020090 0.591248 -0.176987 0.1373 0.0706 0.0549
v -0.102364 0.596985 -0.176987 0.1804 0.1020 0.0863
v 0.102364 0.596985 -0.176987 0.1530 0.0784 0.0627
v -0.106186 0.610352 -0.176987 0.2039 0.1255 0.1098
v 0.106186 0.610352 -0.176987 0.1922 0.1098 0.0902
v -0.092796 0.654358 -0.176987 0.1725 0.0980 0.0824
v 0.092796 0.654358 -0.176987 0.1804 0.0980 0.0863
v -0.100449 0.665833 -0.176987 0.1922 0.1098 0.0902
v 0.100449 0.665833 -0.176987 0.1882 0.1059 0.0863
v -0.144455 0.727051 -0.176987 0.1686 0.1020 0.0706
v 0.144455 0.727051 -0.176987 0.1725 0.1137 0.0824
v -0.152115 0.792114 -0.176987 0.2823 0.2510 0.1765
v 0.152115 0.792114 -0.176987 0.2863 0.2549 0.1686
v -0.150192 0.815063 -0.176987 0.3098 0.2667 0.1882
v 0.150192 0.815063 -0.176987 0.3216 0.2823 0.2000
v -0.144455 0.836121 -0.176987 0.3216 0.2784 0.1961
v 0.144455 0.836121 -0.176987 0.3019 0.2706 0.1843
v -0.006697 0.562500 -0.178894 0.1647 0.0941 0.0784
v 0.006697 0.562500 -0.178894 0.1647 0.0941 0.0784
v -0.056442 0.589294 -0.178894 0.1569 0.0824 0.0667
v 0.056442 0.589294 -0.178894 0.1569 0.0863 0.0706
v -0.010523 0.591248 -0.178894 0.1255 0.0667 0.0549
v 0.010523 0.591248 -0.178894 0.1216 0.0667 0.0549
v -0.102364 0.604614 -0.178894 0.1843 0.1020 0.0902
v 0.102364 0.604614 -0.178894 0.1647 0.0902 0.0745
v -0.119583 0.610352 -0.178894 0.2039 0.1294 0.1137
v 0.119583 0.610352 -0.178894 0.2000 0.1255 0.1059
v -0.092796 0.665833 -0.178894 0.1647 0.0902 0.0745
v 0.092796 0.665833 -0.178894 0.1765 0.0941 0.0784
v -0.115753 0.669678 -0.178894 0.1294 0.0706 0.0588
v 0.117668 0.669678 -0.178894 0.1451 0.0745 0.0667
v -0.100449 0.675415 -0.178894 0.1490 0.0745 0.0627
v 0.100449 0.675415 -0.178894 0.1451 0.0784 0.0627
v -0.140625 0.679199 -0.178894 0.1765 0.1020 0.0784
v 0.140625 0.679199 -0.178894 0.1725 0.0980 0.0824
v -0.144455 0.688782 -0.178894 0.1765 0.1020 0.0863
v 0.144455 0.688782 -0.178894 0.1922 0.1137 0.0902
v -0.138718 0.702209 -0.178894 0.2275 0.1451 0.1255
v 0.138718 0.702209 -0.178894 0.2157 0.1333 0.1137
v -0.148285 0.730896 -0.178894 0.3216 0.2745 0.1882
v 0.148285 0.730896 -0.178894 0.2941 0.2510 0.1725
v -0.148285 0.815063 -0.178894 0.3019 0.2588 0.1804
v 0.148285 0.815063 -0.178894 0.3059 0.2627 0.1804
v -0.134888 0.855225 -0.178894 0.3608 0.3176 0.2392
v 0.134888 0.855225 -0.178894 0.3294 0.2863 0.2078
v -0.100449 0.889709 -0.178894 0.3294 0.2863 0.2078
v 0.100449 0.889709 -0.178894 0.3216 0.2784 0.2000
v -0.010523 0.564453 -0.180801 0.1412 0.0784 0.0745
v 0.010523 0.564453 -0.180801 0.1530 0.0824 0.0745
v -0.012437 0.568237 -0.180801 0.1255 0.0627 0.0549
v 0.012437 0.568237 -0.180801 0.1530 0.0745 0.0706
v -0.010523 0.572083 -0.180801 0.1020 0.0627 0.0667
v 0.010523 0.572083 -0.180801 0.1490 0.0863 0.0863
v -0.006697 0.573975 -0.180801 0.1294 0.0706 0.0706
v 0.006697 0.573975 -0.180801 0.1490 0.0784 0.0706
v 0.000957 0.575928 -0.180801 0.1451 0.0706 0.0627
v -0.117668 0.595032 -0.180801 0.1882 0.1098 0.0902
v 0.117668 0.595032 -0.180801 0.1922 0.1137 0.0980
v -0.002870 0.596985 -0.180801 0.1137 0.0588 0.0471
v 0.002870 0.596985 -0.180801 0.1137 0.0588 0.0471
v -0.090881 0.598877 -0.180801 0.1412 0.0745 0.0627
v 0.090881 0.598877 -0.180801 0.1294 0.0706 0.0588
v 0.000957 0.600769 -0.180801 0.1137 0.0588 0.0471
v -0.134888 0.608459 -0.180801 0.1922 0.1176 0.1137
v 0.134888 0.608459 -0.180801 0.1961 0.1216 0.1059
v -0.129150 0.610352 -0.180801 0.1922 0.1216 0.1059
v -0.132980 0.610352 -0.180801 0.1922 0.1137 0.1059
v 0.129150 0.610352 -0.180801 0.2039 0.1294 0.1137
v 0.132980 0.610352 -0.180801 0.2000 0.1255 0.1098
v -0.088966 0.617981 -0.180801 0.1843 0.1098 0.0941
v 0.088966 0.617981 -0.180801 0.1882 0.1098 0.0980
v -0.088966 0.629456 -0.180801 0.1882 0.1098 0.0980
v 0.088966 0.629456 -0.180801 0.1882 0.1098 0.0902
v -0.132980 0.673462 -0.180801 0.1569 0.0902 0.0667
v 0.132980 0.673462 -0.180801 0.1686 0.0902 0.0706
v -0.092796 0.683044 -0.180801 0.1333 0.0745 0.0627
v 0.092796 0.683044 -0.180801 0.1294 0.0706 0.0588
v -0.144455 0.694519 -0.180801 0.2000 0.1176 0.0980
v 0.144455 0.694519 -0.180801 0.2118 0.1294 0.1098
v -0.150192 0.736633 -0.180801 0.3529 0.3098 0.2235
v 0.150192 0.736633 -0.180801 0.3216 0.2784 0.1922
v -0.148285 0.748108 -0.180801 0.3451 0.3019 0.2235
v 0.148285 0.748108 -0.180801 0.3294 0.2902 0.2078
v -0.148285 0.767212 -0.180801 0.3176 0.2745 0.1961
v 0.148285 0.767212 -0.180801 0.3098 0.2784 0.1961
v -0.071747 0.903076 -0.180801 0.3333 0.2902 0.2118
v 0.071747 0.903076 -0.180801 0.3255 0.2823 0.2039
v -0.000957 0.910706 -0.180801 0.3294 0.2863 0.2000
v 0.000957 0.910706 -0.180801 0.3216 0.2784 0.1961
v -0.023916 0.912659 -0.180801 0.3294 0.2863 0.2078
v 0.023916 0.912659 -0.180801 0.3412 0.2980 0.2196
v -0.033482 0.591248 -0.182724 0.1451 0.0745 0.0588
v -0.083229 0.591248 -0.182724 0.1569 0.0824 0.0706
v 0.033482 0.591248 -0.182724 0.1490 0.0784 0.0588
v 0.083229 0.591248 -0.182724 0.1569 0.0824 0.0667
v -0.048790 0.595032 -0.182724 0.1294 0.0706 0.0510
v 0.048790 0.595032 -0.182724 0.1294 0.0706 0.0510
v -0.132980 0.602722 -0.182724 0.1922 0.1176 0.1020
v 0.132980 0.602722 -0.182724 0.1882 0.1059 0.0941
v -0.134888 0.604614 -0.182724 0.2078 0.1333 0.1137
v 0.134888 0.604614 -0.182724 0.2078 0.1255 0.1098
v -0.092796 0.606506 -0.182724 0.1412 0.0824 0.0706
v -0.113838 0.606506 -0.182724 0.2039 0.1294 0.1059
v 0.092796 0.606506 -0.182724 0.1569 0.0863 0.0745
v 0.113838 0.606506 -0.182724 0.1843 0.1098 0.0941
v -0.088966 0.640991 -0.182724 0.2039 0.1216 0.1020
v 0.088966 0.640991 -0.182724 0.2039 0.1216 0.1020
v -0.006697 0.912659 -0.182724 0.3372 0.2941 0.2118
v 0.006697 0.912659 -0.182724 0.3333 0.2902 0.2039
v -0.022003 0.587402 -0.184631 0.1294 0.0627 0.0549
v 0.022003 0.587402 -0.184631 0.1530 0.0824 0.0667
v -0.073662 0.589294 -0.184631 0.1686 0.0941 0.0784
v 0.073662 0.589294 -0.184631 0.1765 0.1020 0.0863
v -0.002870 0.595032 -0.184631 0.1216 0.0627 0.0510
v 0.002870 0.595032 -0.184631 0.1176 0.0627 0.0510
v -0.041138 0.598877 -0.184631 0.1255 0.0667 0.0549
v -0.113838 0.598877 -0.184631 0.2039 0.1216 0.1059
v 0.041138 0.598877 -0.184631 0.1255 0.0667 0.0549
v 0.113838 0.598877 -0.184631 0.1804 0.1020 0.0863
v -0.111931 0.602722 -0.184631 0.1843 0.1098 0.0941
v 0.111931 0.602722 -0.184631 0.1843 0.1098 0.0941
v -0.125320 0.610352 -0.184631 0.1961 0.1216 0.1059
v 0.125320 0.610352 -0.184631 0.1961 0.1176 0.1137
v -0.081314 0.621826 -0.184631 0.2078 0.1255 0.1059
v 0.081314 0.621826 -0.184631 0.1961 0.1176 0.1059
v -0.081314 0.631409 -0.184631 0.2000 0.1216 0.1020
v 0.081314 0.631409 -0.184631 0.1961 0.1137 0.1020
v -0.087059 0.652466 -0.184631 0.2039 0.1216 0.1020
v 0.087059 0.652466 -0.184631 0.2000 0.1176 0.0980
v -0.138718 0.696472 -0.184631 0.2118 0.1294 0.1098
v 0.138718 0.696472 -0.184631 0.2549 0.1608 0.1451
v -0.150192 0.792114 -0.184631 0.3019 0.2588 0.1804
v 0.150192 0.792114 -0.184631 0.3176 0.2745 0.1882
v -0.142548 0.836121 -0.184631 0.2980 0.2627 0.1765
v 0.142548 0.836121 -0.184631 0.3176 0.2823 0.2039
v -0.125320 0.600769 -0.186554 0.2078 0.1255 0.1059
v -0.131058 0.600769 -0.186554 0.1922 0.1176 0.1020
v 0.125320 0.600769 -0.186554 0.1922 0.1098 0.0980
v 0.131058 0.600769 -0.186554 0.1843 0.1098 0.1020
v -0.088966 0.610352 -0.186554 0.1843 0.1098 0.0941
v 0.088966 0.610352 -0.186554 0.1882 0.1137 0.0902
v -0.079399 0.640991 -0.186554 0.2000 0.1176 0.0980
v 0.079399 0.640991 -0.186554 0.2000 0.1176 0.1059
v -0.087059 0.663940 -0.186554 0.2000 0.1176 0.0980
v 0.087059 0.663940 -0.186554 0.1882 0.1059 0.0902
v -0.106186 0.671570 -0.186554 0.1412 0.0706 0.0627
v 0.106186 0.671570 -0.186554 0.1412 0.0706 0.0588
v -0.083229 0.679199 -0.186554 0.1412 0.0824 0.0667
v 0.083229 0.679199 -0.186554 0.1373 0.0784 0.0627
v -0.146362 0.815063 -0.186554 0.2980 0.2549 0.1686
v 0.146362 0.815063 -0.186554 0.3333 0.2902 0.2118
v 0.000957 0.564453 -0.188461 0.1451 0.0902 0.0941
v -0.002870 0.566345 -0.188461 0.1333 0.0824 0.0824
v 0.002870 0.566345 -0.188461 0.1412 0.0902 0.0824
v -0.004783 0.573975 -0.188461 0.1333 0.0706 0.0706
v 0.000957 0.573975 -0.188461 0.1608 0.0941 0.0902
v 0.004783 0.573975 -0.188461 0.1608 0.0902 0.0863
v -0.012437 0.589294 -0.188461 0.1412 0.0706 0.0549
v 0.012437 0.589294 -0.188461 0.1490 0.0824 0.0667
v -0.123405 0.608459 -0.188461 0.1961 0.1216 0.1059
v 0.123405 0.608459 -0.188461 0.1961 0.1176 0.1098
v -0.131058 0.610352 -0.188461 0.2000 0.1294 0.1059
v 0.131058 0.610352 -0.188461 0.2000 0.1216 0.1020
v -0.079399 0.652466 -0.188461 0.1961 0.1137 0.0941
v 0.079399 0.652466 -0.188461 0.2000 0.1176 0.0980
v -0.123405 0.669678 -0.188461 0.1686 0.0941 0.0784
v 0.123405 0.669678 -0.188461 0.1686 0.0980 0.0824
v -0.088966 0.690735 -0.188461 0.1294 0.0706 0.0588
v 0.088966 0.690735 -0.188461 0.1294 0.0706 0.0588
v -0.108101 0.872437 -0.188461 0.3294 0.2863 0.2000
v 0.108101 0.872437 -0.188461 0.3255 0.2823 0.2039
v -0.004783 0.568237 -0.190369 0.1412 0.0824 0.0941
v 0.004783 0.568237 -0.190369 0.1569 0.0941 0.0941
v -0.006697 0.570190 -0.190369 0.1412 0.0863 0.0902
v 0.006697 0.570190 -0.190369 0.1686 0.1020 0.1020
v -0.004783 0.572083 -0.190369 0.1412 0.0824 0.0863
v 0.004783 0.572083 -0.190369 0.1647 0.0941 0.0941
v -0.062183 0.589294 -0.190369 0.1608 0.0902 0.0745
v 0.064095 0.589294 -0.190369 0.1608 0.0902 0.0745
v -0.044964 0.604614 -0.190369 0.1333 0.0706 0.0549
v -0.125320 0.604614 -0.190369 0.2039 0.1294 0.1137
v 0.044964 0.604614 -0.190369 0.1451 0.0745 0.0627
v 0.125320 0.604614 -0.190369 0.1843 0.1098 0.0941
v -0.123405 0.606506 -0.190369 0.1922 0.1176 0.1059
v -0.131058 0.606506 -0.190369 0.2039 0.1294 0.1098
v 0.123405 0.606506 -0.190369 0.1882 0.1137 0.0980
v 0.132980 0.606506 -0.190369 0.1961 0.1176 0.0941
v -0.083229 0.614197 -0.190369 0.2078 0.1333 0.1098
v 0.083229 0.614197 -0.190369 0.1843 0.1098 0.0941
v -0.069839 0.621826 -0.190369 0.2039 0.1255 0.1059
v 0.069839 0.621826 -0.190369 0.2000 0.1137 0.1059
v -0.067924 0.631409 -0.190369 0.1961 0.1216 0.0980
v 0.067925 0.631409 -0.190369 0.1804 0.1059 0.0824
v -0.077492 0.660095 -0.190369 0.2000 0.1176 0.0980
v 0.077492 0.660095 -0.190369 0.1765 0.0941 0.0824
v -0.075577 0.669678 -0.190369 0.1451 0.0824 0.0706
v 0.075577 0.669678 -0.190369 0.1530 0.0824 0.0706
v -0.142548 0.681152 -0.190369 0.1804 0.1059 0.0863
v 0.142548 0.681152 -0.190369 0.1804 0.1059 0.0941
v -0.144455 0.686890 -0.190369 0.1922 0.1098 0.0980
v 0.144455 0.686890 -0.190369 0.1961 0.1216 0.0980
v -0.144455 0.690735 -0.190369 0.2078 0.1255 0.1098
v 0.144455 0.690735 -0.190369 0.2275 0.1451 0.1255
v -0.121498 0.711731 -0.190369 0.2000 0.1255 0.1020
v 0.121498 0.711731 -0.190369 0.1922 0.1176 0.0941
v -0.119583 0.723206 -0.190369 0.1843 0.1137 0.0980
v 0.119583 0.723206 -0.190369 0.1725 0.1098 0.0941
v -0.050701 0.901184 -0.190369 0.3294 0.2863 0.2078
v 0.050701 0.901184 -0.190369 0.3333 0.2902 0.2118
v -0.004783 0.593140 -0.192291 0.1333 0.0745 0.0627
v 0.004783 0.593140 -0.192291 0.1255 0.0667 0.0549
v 0.000957 0.602722 -0.192291 0.1255 0.0667 0.0549
v -0.046875 0.614197 -0.192291 0.1765 0.0980 0.0784
v 0.048790 0.614197 -0.192291 0.1647 0.0902 0.0706
v -0.067924 0.642883 -0.192291 0.1961 0.1137 0.0941
v 0.067925 0.642883 -0.192291 0.1882 0.1059 0.0941
v -0.136795 0.677307 -0.192291 0.2039 0.1294 0.1059
v 0.136795 0.677307 -0.192291 0.1882 0.1098 0.0902
v -0.090881 0.686890 -0.192291 0.1294 0.0706 0.0510
v 0.090881 0.686890 -0.192291 0.1255 0.0706 0.0549
v -0.140625 0.692627 -0.192291 0.2157 0.1333 0.1137
v 0.140625 0.692627 -0.192291 0.2039 0.1294 0.1059
v -0.123405 0.704102 -0.192291 0.2000 0.1176 0.0980
v 0.123405 0.704102 -0.192291 0.2000 0.1255 0.1020
v -0.079399 0.887756 -0.192291 0.3255 0.2863 0.2039
v 0.079399 0.887756 -0.192291 0.3333 0.2902 0.2118
v 0.000957 0.570190 -0.194199 0.1608 0.0941 0.0902
v 0.000957 0.573975 -0.194199 0.1647 0.0941 0.0863
v -0.035397 0.591248 -0.194199 0.1530 0.0824 0.0667
v 0.035397 0.591248 -0.194199 0.1647 0.0902 0.0745
v -0.054531 0.593140 -0.194199 0.1569 0.0824 0.0667
v 0.054531 0.593140 -0.194199 0.1490 0.0863 0.0667
v -0.088966 0.598877 -0.194199 0.1451 0.0745 0.0588
v 0.088966 0.598877 -0.194199 0.1569 0.0863 0.0706
v -0.071747 0.616089 -0.194199 0.2078 0.1294 0.1059
v 0.071747 0.616089 -0.194199 0.2000 0.1176 0.1020
v -0.058357 0.619934 -0.194199 0.1922 0.1137 0.1020
v 0.058357 0.619934 -0.194199 0.2118 0.1294 0.1137
v -0.046875 0.627563 -0.194199 0.1961 0.1137 0.0941
v 0.046875 0.627563 -0.194199 0.1608 0.0902 0.0745
v -0.056442 0.631409 -0.194199 0.1922 0.1098 0.0902
v 0.056442 0.631409 -0.194199 0.2000 0.1176 0.0980
v -0.046875 0.640991 -0.194199 0.1922 0.1098 0.0902
v 0.046875 0.640991 -0.194199 0.1765 0.0980 0.0941
v -0.066009 0.654358 -0.194199 0.1804 0.0980 0.0784
v 0.066010 0.654358 -0.194199 0.1843 0.1020 0.0824
v -0.064094 0.663940 -0.194199 0.1569 0.0863 0.0706
v 0.064095 0.663940 -0.194199 0.1608 0.0902 0.0745
v -0.098534 0.679199 -0.194199 0.1490 0.0784 0.0627
v 0.098534 0.679199 -0.194199 0.1490 0.0784 0.0627
v -0.025829 0.587402 -0.196121 0.1490 0.0784 0.0706
v 0.025829 0.587402 -0.196121 0.1765 0.1020 0.0863
v -0.085144 0.595032 -0.196121 0.1647 0.0902 0.0745
v 0.085144 0.595032 -0.196121 0.1765 0.1020 0.0863
v -0.041138 0.596985 -0.196121 0.1373 0.0745 0.0667
v 0.041138 0.596985 -0.196121 0.1490 0.0784 0.0627
v -0.090881 0.602722 -0.196121 0.1647 0.0941 0.0784
v 0.090881 0.602722 -0.196121 0.1882 0.1137 0.0980
v -0.088966 0.606506 -0.196121 0.1961 0.1176 0.1020
v 0.088966 0.606506 -0.196121 0.1725 0.1098 0.0902
v -0.083229 0.610352 -0.196121 0.2000 0.1176 0.0980
v 0.083229 0.610352 -0.196121 0.1922 0.1137 0.1020
v -0.062183 0.612244 -0.196121 0.2000 0.1216 0.1059
v 0.062183 0.612244 -0.196121 0.2000 0.1176 0.1059
v -0.000957 0.614197 -0.196121 0.1647 0.0863 0.0706
v 0.000957 0.614197 -0.196121 0.1412 0.0706 0.0627
v -0.041138 0.617981 -0.196121 0.1804 0.0980 0.0863
v 0.041138 0.617981 -0.196121 0.2039 0.1216 0.1020
v 0.000957 0.627563 -0.196121 0.1569 0.0863 0.0706
v -0.041138 0.629456 -0.196121 0.1765 0.1020 0.0863
v 0.041138 0.629456 -0.196121 0.1922 0.1098 0.0902
v -0.041138 0.639038 -0.196121 0.1725 0.0980 0.0824
v 0.041138 0.639038 -0.196121 0.1922 0.1098 0.0902
v -0.054531 0.642883 -0.196121 0.2078 0.1255 0.1059
v 0.056442 0.642883 -0.196121 0.1961 0.1137 0.0941
v -0.044964 0.652466 -0.196121 0.1804 0.0980 0.0784
v 0.044964 0.652466 -0.196121 0.1804 0.0980 0.0784
v -0.113838 0.671570 -0.196121 0.1647 0.0941 0.0784
v 0.113838 0.671570 -0.196121 0.1647 0.0941 0.0784
v -0.088966 0.675415 -0.196121 0.1333 0.0745 0.0588
v 0.088966 0.675415 -0.196121 0.1255 0.0667 0.0471
v -0.090881 0.696472 -0.196121 0.1530 0.0863 0.0706
v 0.092796 0.696472 -0.196121 0.1569 0.0824 0.0667
v -0.127228 0.698364 -0.196121 0.2118 0.1294 0.1098
v 0.127228 0.698364 -0.196121 0.2039 0.1294 0.1059
v -0.125320 0.723206 -0.196121 0.1765 0.1255 0.0980
v 0.125320 0.723206 -0.196121 0.1843 0.1255 0.0941
v -0.115753 0.853333 -0.196121 0.3490 0.3059 0.2275
v 0.115753 0.853333 -0.196121 0.3333 0.2902 0.2118
v -0.000957 0.897339 -0.196121 0.3412 0.2980 0.2118
v 0.000957 0.897339 -0.196121 0.3176 0.2863 0.2039
v -0.027742 0.899231 -0.196121 0.3333 0.2902 0.2039
v 0.027742 0.899231 -0.196121 0.3137 0.2706 0.1922
v -0.016264 0.587402 -0.198029 0.1804 0.1059 0.0902
v 0.016264 0.587402 -0.198029 0.1725 0.1020 0.0863
v -0.077492 0.593140 -0.198029 0.1804 0.1059 0.0902
v 0.077492 0.593140 -0.198029 0.1922 0.1176 0.1020
v -0.052616 0.600769 -0.198029 0.1765 0.0980 0.0824
v 0.052616 0.600769 -0.198029 0.1647 0.0902 0.0745
v -0.000957 0.602722 -0.198029 0.1490 0.0745 0.0588
v 0.000957 0.602722 -0.198029 0.1294 0.0706 0.0588
v -0.044964 0.604614 -0.198029 0.1451 0.0706 0.0627
v 0.044964 0.604614 -0.198029 0.1530 0.0824 0.0667
v -0.056442 0.606506 -0.198029 0.1922 0.1098 0.0941
v 0.056442 0.606506 -0.198029 0.1804 0.1059 0.0902
v -0.033482 0.619934 -0.198029 0.2000 0.1176 0.0980
v 0.033482 0.619934 -0.198029 0.2039 0.1216 0.1059
v -0.000957 0.627563 -0.198029 0.1843 0.1020 0.0824
v 0.000957 0.627563 -0.198029 0.1490 0.0784 0.0627
v -0.039223 0.650513 -0.198029 0.1765 0.0941 0.0863
v 0.039223 0.650513 -0.198029 0.1882 0.1020 0.0824
v -0.054531 0.654358 -0.198029 0.2000 0.1176 0.0980
v 0.054531 0.654358 -0.198029 0.1961 0.1137 0.0941
v -0.052616 0.665833 -0.198029 0.1373 0.0824 0.0627
v -0.079399 0.665833 -0.198029 0.1412 0.0745 0.0549
v 0.052616 0.665833 -0.198029 0.1333 0.0745 0.0549
v 0.079399 0.665833 -0.198029 0.1255 0.0706 0.0549
v -0.131058 0.675415 -0.198029 0.1922 0.1255 0.1059
v 0.131058 0.675415 -0.198028 0.1765 0.1020 0.0863
v -0.092796 0.686890 -0.198029 0.1412 0.0745 0.0627
v 0.092796 0.686890 -0.198029 0.1333 0.0745 0.0627
v -0.129150 0.727051 -0.198029 0.3019 0.2588 0.1882
v 0.129150 0.727051 -0.198028 0.2980 0.2588 0.1804
v -0.071747 0.593140 -0.199936 0.1804 0.1059 0.0902
v 0.071747 0.593140 -0.199936 0.1804 0.1059 0.0902
v -0.041138 0.610352 -0.199936 0.1725 0.0980 0.0824
v -0.075577 0.610352 -0.199936 0.2000 0.1255 0.1020
v 0.041138 0.610352 -0.199936 0.1922 0.1098 0.0902
v 0.075577 0.610352 -0.199936 0.2039 0.1216 0.1020
v -0.033482 0.629456 -0.199936 0.2000 0.1176 0.1020
v 0.033482 0.629456 -0.199936 0.1961 0.1137 0.0941
v -0.033482 0.639038 -0.199936 0.2000 0.1176 0.0980
v 0.033482 0.639038 -0.199936 0.1922 0.1098 0.0902
v 0.000957 0.642883 -0.199936 0.1686 0.0941 0.0784
v -0.096619 0.688782 -0.199936 0.1608 0.0863 0.0706
v 0.096619 0.688782 -0.199936 0.1373 0.0667 0.0588
v -0.140625 0.692627 -0.199936 0.2196 0.1451 0.1294
v 0.140625 0.692627 -0.199936 0.2039 0.1294 0.1137
v -0.131058 0.694519 -0.199936 0.2118 0.1294 0.1176
v 0.131058 0.694519 -0.199936 0.2000 0.1255 0.1020
v -0.092796 0.704102 -0.199936 0.1647 0.0941 0.0745
v 0.092796 0.704102 -0.199936 0.1686 0.0941 0.0784
v -0.090881 0.721313 -0.199936 0.1765 0.1059 0.0902
v -0.096619 0.721313 -0.199936 0.1765 0.1059 0.0902
v 0.090881 0.721313 -0.199936 0.1647 0.0941 0.0784
v 0.096619 0.721313 -0.199936 0.1686 0.0941 0.0784
v -0.129150 0.732788 -0.199936 0.3372 0.2941 0.2078
v 0.129150 0.732788 -0.199936 0.3255 0.2941 0.1961
v -0.129150 0.746216 -0.199936 0.3176 0.2784 0.1961
v 0.129150 0.746216 -0.199936 0.3333 0.2902 0.2118
v -0.006697 0.899231 -0.199936 0.3412 0.2980 0.2196
v 0.006697 0.899231 -0.199936 0.3294 0.2863 0.2000
v -0.008610 0.591248 -0.201858 0.1569 0.0863 0.0706
v 0.008610 0.591248 -0.201858 0.1569 0.0863 0.0745
v -0.067924 0.608459 -0.201859 0.1961 0.1176 0.1020
v 0.067925 0.608459 -0.201858 0.2000 0.1216 0.1059
v -0.033482 0.612244 -0.201858 0.1922 0.1176 0.1020
v 0.033482 0.612244 -0.201858 0.2039 0.1216 0.1020
v -0.004783 0.616089 -0.201858 0.1843 0.1020 0.0824
v 0.004783 0.616089 -0.201858 0.1765 0.0941 0.0784
v -0.012437 0.617981 -0.201858 0.1961 0.1137 0.0941
v 0.012437 0.617981 -0.201858 0.1961 0.1137 0.0941
v -0.023916 0.619934 -0.201858 0.2000 0.1176 0.0980
v 0.023916 0.619934 -0.201858 0.1922 0.1176 0.1020
v -0.004783 0.629456 -0.201858 0.2000 0.1059 0.0902
v 0.004783 0.629456 -0.201858 0.1765 0.0941 0.0784
v -0.012437 0.631409 -0.201858 0.1843 0.1059 0.0902
v -0.022003 0.631409 -0.201858 0.2039 0.1216 0.1020
v 0.012437 0.631409 -0.201858 0.2118 0.1176 0.1020
v 0.022003 0.631409 -0.201858 0.2039 0.1216 0.1020
v -0.004783 0.642883 -0.201858 0.2000 0.1176 0.0980
v 0.004783 0.642883 -0.201858 0.1686 0.0902 0.0706
v -0.031570 0.648621 -0.201858 0.1843 0.1020 0.0863
v 0.031570 0.648621 -0.201858 0.1961 0.1098 0.0941
v 0.000957 0.658203 -0.201858 0.1373 0.0824 0.0706
v -0.041138 0.671570 -0.201858 0.1451 0.0745 0.0549
v 0.041138 0.671570 -0.201858 0.1412 0.0706 0.0549
v -0.125320 0.675415 -0.201858 0.1765 0.1020 0.0941
v 0.125320 0.675415 -0.201858 0.1843 0.1098 0.0902
v -0.140625 0.681152 -0.201858 0.2078 0.1294 0.1137
v 0.140625 0.681152 -0.201858 0.1922 0.1098 0.0902
v -0.144455 0.683044 -0.201858 0.1882 0.1137 0.1020
v 0.144455 0.683044 -0.201858 0.1922 0.1176 0.0980
v -0.144455 0.686890 -0.201858 0.2235 0.1412 0.1216
v 0.144455 0.686890 -0.201858 0.2039 0.1255 0.1059
v -0.144455 0.690735 -0.201858 0.2039 0.1255 0.1176
v 0.144455 0.690735 -0.201858 0.2039 0.1294 0.1098
v -0.108101 0.700256 -0.201858 0.2157 0.1333 0.1137
v 0.108101 0.700256 -0.201858 0.2275 0.1451 0.1255
v -0.102364 0.707947 -0.201858 0.2196 0.1294 0.1137
v 0.102364 0.707947 -0.201858 0.2078 0.1255 0.1059
v -0.127228 0.765320 -0.201858 0.3176 0.2784 0.2000
v 0.127228 0.765320 -0.201858 0.3255 0.2823 0.2039
v -0.123405 0.832275 -0.201858 0.3176 0.2745 0.1961
v 0.123405 0.832275 -0.201858 0.3255 0.2823 0.2000
v -0.066009 0.595032 -0.203766 0.1765 0.1020 0.0863
v 0.066010 0.595032 -0.203766 0.1843 0.1020 0.0902
v -0.004783 0.598877 -0.203766 0.1725 0.0902 0.0784
v 0.004783 0.598877 -0.203766 0.1490 0.0784 0.0627
v -0.064094 0.604614 -0.203766 0.2196 0.1373 0.1176
v 0.064095 0.604614 -0.203766 0.2118 0.1216 0.1059
v -0.085144 0.608459 -0.203766 0.2000 0.1255 0.1098
v 0.085144 0.608459 -0.203766 0.2000 0.1255 0.1098
v -0.023916 0.612244 -0.203766 0.2000 0.1176 0.1020
v 0.023916 0.612244 -0.203766 0.1961 0.1176 0.1020
v -0.012437 0.644775 -0.203766 0.1804 0.0980 0.0784
v -0.022003 0.644775 -0.203766 0.1922 0.1098 0.0902
v 0.012437 0.644775 -0.203766 0.1843 0.1020 0.0824
v 0.022003 0.644775 -0.203766 0.1882 0.1059 0.0863
v -0.014350 0.661987 -0.203766 0.1294 0.0745 0.0627
v -0.067924 0.661987 -0.203766 0.1255 0.0667 0.0549
v 0.014350 0.661987 -0.203766 0.1294 0.0745 0.0627
v 0.067925 0.661987 -0.203766 0.1255 0.0667 0.0549
v -0.108101 0.677307 -0.203766 0.1804 0.1020 0.0902
v 0.108101 0.677307 -0.203766 0.1725 0.0902 0.0784
v -0.090881 0.694519 -0.203766 0.1647 0.0902 0.0745
v -0.100449 0.694519 -0.203766 0.1882 0.1098 0.0863
v -0.115753 0.694519 -0.203766 0.2275 0.1451 0.1255
v 0.090881 0.694519 -0.203766 0.1922 0.1098 0.0902
v 0.100449 0.694519 -0.203766 0.1804 0.1020 0.0824
v 0.115753 0.694519 -0.203766 0.2235 0.1412 0.1216
v -0.087059 0.719421 -0.203766 0.1608 0.1020 0.0824
v 0.087059 0.719421 -0.203766 0.1608 0.0941 0.0784
v -0.127228 0.811218 -0.203766 0.3098 0.2667 0.1882
v 0.127228 0.811218 -0.203766 0.3216 0.2784 0.2000
v -0.087059 0.870544 -0.203766 0.3294 0.2863 0.2078
v 0.087059 0.870544 -0.203766 0.3255 0.2823 0.2039
v -0.056442 0.885864 -0.203766 0.3333 0.2902 0.2118
v 0.056442 0.885864 -0.203766 0.3372 0.2941 0.2157
v -0.064094 0.598877 -0.205673 0.2039 0.1216 0.1020
v -0.085144 0.598877 -0.205673 0.1882 0.1137 0.0980
v 0.064095 0.598877 -0.205673 0.1804 0.1059 0.0902
v 0.085144 0.598877 -0.205673 0.1882 0.1098 0.0941
v -0.087059 0.600769 -0.205673 0.1804 0.1059 0.0902
v 0.087059 0.600769 -0.205673 0.1725 0.0980 0.0824
v -0.008610 0.606506 -0.205673 0.1804 0.0980 0.0824
v -0.087059 0.606506 -0.205673 0.1961 0.1216 0.1059
v 0.008610 0.606506 -0.205673 0.1843 0.1020 0.0941
v 0.087059 0.606506 -0.205673 0.1961 0.1255 0.1098
v -0.014350 0.610352 -0.205673 0.1922 0.1098 0.0941
v 0.014350 0.610352 -0.205673 0.1961 0.1098 0.0902
v -0.027742 0.671570 -0.205673 0.1294 0.0706 0.0549
v 0.027742 0.671570 -0.205673 0.1294 0.0745 0.0627
v -0.138718 0.679199 -0.205673 0.2039 0.1333 0.1176
v 0.138718 0.679199 -0.205673 0.1804 0.1059 0.0902
v -0.136795 0.692627 -0.205673 0.2000 0.1294 0.1137
v 0.136795 0.692627 -0.205673 0.2039 0.1333 0.1137
v -0.085144 0.705994 -0.205673 0.2000 0.1176 0.0980
v 0.085144 0.705994 -0.205673 0.2157 0.1294 0.1098
v -0.094711 0.719421 -0.205673 0.1725 0.1137 0.0863
v 0.094711 0.719421 -0.205673 0.1804 0.1216 0.0941
v -0.129150 0.788269 -0.205673 0.3137 0.2706 0.1882
v 0.129150 0.788269 -0.205673 0.3176 0.2784 0.1922
v -0.033482 0.593140 -0.207596 0.1686 0.0941 0.0784
v 0.033482 0.593140 -0.207596 0.1804 0.1059 0.0902
v -0.037308 0.596985 -0.207596 0.1647 0.0941 0.0863
v -0.081314 0.596985 -0.207596 0.1882 0.1137 0.0941
v 0.039223 0.596985 -0.207596 0.1686 0.0980 0.0824
v 0.081314 0.596985 -0.207596 0.1882 0.1137 0.0980
v -0.039223 0.600769 -0.207596 0.1686 0.0941 0.0784
v 0.039223 0.600769 -0.207596 0.1765 0.1059 0.0863
v -0.037308 0.604614 -0.207596 0.1843 0.1020 0.0863
v -0.087059 0.604614 -0.207596 0.1843 0.1098 0.0941
v 0.037308 0.604614 -0.207596 0.2039 0.1216 0.1020
v 0.087059 0.604614 -0.207596 0.1843 0.1137 0.0980
v -0.033482 0.606506 -0.207596 0.1882 0.1059 0.0863
v 0.033482 0.606506 -0.207596 0.2118 0.1294 0.1098
v -0.079399 0.608459 -0.207596 0.2196 0.1412 0.1176
v 0.079399 0.608459 -0.207596 0.2039 0.1255 0.1098
v -0.054531 0.661987 -0.207596 0.1451 0.0745 0.0588
v 0.054531 0.661987 -0.207596 0.1530 0.0784 0.0627
v -0.121498 0.679199 -0.207596 0.1922 0.1137 0.1020
v -0.134888 0.679199 -0.207596 0.2000 0.1294 0.1137
v 0.121498 0.679199 -0.207596 0.1882 0.1098 0.0902
v 0.134888 0.679199 -0.207596 0.1882 0.1137 0.0902
v -0.108101 0.683044 -0.207596 0.1804 0.1020 0.0863
v 0.108101 0.683044 -0.207596 0.1843 0.1020 0.0824
v -0.110016 0.690735 -0.207596 0.2039 0.1216 0.1020
v -0.123405 0.690735 -0.207596 0.2196 0.1373 0.1176
v 0.110016 0.690735 -0.207596 0.1922 0.1098 0.0902
v 0.123405 0.690735 -0.207596 0.2078 0.1255 0.1059
v -0.020090 0.591248 -0.209503 0.1804 0.1059 0.0902
v -0.027742 0.591248 -0.209503 0.1647 0.0980 0.0824
v 0.020090 0.591248 -0.209503 0.1725 0.0980 0.0824
v 0.027742 0.591248 -0.209503 0.1843 0.1098 0.0941
v -0.077492 0.596985 -0.209503 0.2039 0.1176 0.1059
v 0.077492 0.596985 -0.209503 0.1882 0.1137 0.0980
v -0.073662 0.606506 -0.209503 0.2078 0.1255 0.1137
v 0.073662 0.606506 -0.209503 0.1961 0.1216 0.1098
v -0.025829 0.608459 -0.209503 0.1961 0.1137 0.0941
v 0.025829 0.608459 -0.209503 0.1843 0.1137 0.0980
v -0.083229 0.665833 -0.209503 0.1569 0.0745 0.0549
v 0.083229 0.665833 -0.209503 0.1765 0.0941 0.0745
v -0.090881 0.673462 -0.209503 0.1686 0.0980 0.0824
v 0.090881 0.673462 -0.209503 0.1765 0.1020 0.0824
v -0.092796 0.681152 -0.209503 0.1647 0.0941 0.0784
v 0.092796 0.681152 -0.209503 0.1686 0.0941 0.0784
v -0.119583 0.683044 -0.209503 0.2039 0.1255 0.1137
v -0.140625 0.683044 -0.209503 0.2039 0.1294 0.1059
v 0.119583 0.683044 -0.209503 0.1922 0.1098 0.0902
v 0.140625 0.683044 -0.209503 0.1922 0.1176 0.1020
v -0.033482 0.684998 -0.209503 0.1530 0.0824 0.0667
v 0.033482 0.684998 -0.209503 0.1647 0.0863 0.0667
v -0.121498 0.686890 -0.209503 0.2039 0.1176 0.1020
v 0.121498 0.686890 -0.209503 0.2039 0.1255 0.1020
v -0.131058 0.690735 -0.209503 0.2078 0.1294 0.1137
v 0.131058 0.690735 -0.209503 0.2157 0.1294 0.1137
v -0.140625 0.692627 -0.209503 0.2078 0.1333 0.1216
v 0.140625 0.692627 -0.209503 0.2078 0.1294 0.1176
v -0.085144 0.696472 -0.209503 0.2275 0.1333 0.1176
v 0.085144 0.696472 -0.209503 0.2039 0.1255 0.1059
v -0.016264 0.593140 -0.211426 0.1804 0.1059 0.0902
v 0.016264 0.593140 -0.211426 0.1765 0.1020 0.0863
v -0.075577 0.598877 -0.211426 0.2039 0.1255 0.1098
v 0.075577 0.598877 -0.211426 0.1843 0.1098 0.0941
v -0.075577 0.602722 -0.211426 0.2000 0.1255 0.1098
v 0.075577 0.602722 -0.211426 0.1922 0.1176 0.1020
v -0.073662 0.604614 -0.211426 0.1961 0.1216 0.1059
v 0.073662 0.604614 -0.211426 0.1922 0.1176 0.1020
v -0.018177 0.606506 -0.211426 0.1961 0.1098 0.1020
v 0.018177 0.606506 -0.211426 0.1922 0.1137 0.0902
v -0.132980 0.683044 -0.211426 0.2314 0.1490 0.1294
v 0.132980 0.683044 -0.211426 0.2039 0.1216 0.1020
v -0.088966 0.686890 -0.211426 0.1922 0.1137 0.0902
v 0.088966 0.686890 -0.211426 0.1922 0.1137 0.0941
v -0.131058 0.688782 -0.211426 0.2118 0.1373 0.1216
v 0.131058 0.688782 -0.211426 0.2275 0.1412 0.1255
v -0.098534 0.721313 -0.211426 0.2353 0.1804 0.1294
v 0.098534 0.721313 -0.211426 0.2353 0.1804 0.1294
v -0.000957 0.882019 -0.211426 0.3372 0.2941 0.2078
v 0.000957 0.882019 -0.211426 0.3255 0.2902 0.2039
v -0.031570 0.883972 -0.211426 0.3333 0.2902 0.2118
v 0.031570 0.883972 -0.211426 0.3372 0.2941 0.2157
v -0.012437 0.598877 -0.213333 0.1922 0.1098 0.0902
v 0.014350 0.598877 -0.213333 0.1843 0.1059 0.0902
v -0.083229 0.600769 -0.213333 0.2196 0.1333 0.1137
v 0.083229 0.600769 -0.213333 0.2118 0.1294 0.1098
v -0.014350 0.602722 -0.213333 0.1961 0.1137 0.1020
v 0.014350 0.602722 -0.213333 0.1804 0.1020 0.0902
v -0.081314 0.608459 -0.213333 0.2196 0.1412 0.1255
v 0.081314 0.608459 -0.213333 0.2078 0.1294 0.1176
v 0.000957 0.654358 -0.213333 0.1412 0.0706 0.0588
v -0.071747 0.661987 -0.213333 0.1608 0.0863 0.0706
v 0.071747 0.661987 -0.213333 0.1530 0.0824 0.0667
v -0.044964 0.667725 -0.213333 0.1490 0.0784 0.0667
v 0.044964 0.667725 -0.213333 0.1333 0.0745 0.0627
v -0.132980 0.684998 -0.213333 0.2196 0.1373 0.1216
v 0.132980 0.684998 -0.213333 0.1961 0.1216 0.0980
v -0.142548 0.688782 -0.213333 0.2078 0.1333 0.1137
v 0.142548 0.688782 -0.213333 0.2039 0.1333 0.1216
v -0.092796 0.851440 -0.213333 0.3176 0.2745 0.1961
v 0.092796 0.851440 -0.213333 0.3216 0.2784 0.1961
v -0.006697 0.883972 -0.213333 0.3372 0.2941 0.2157
v 0.006697 0.883972 -0.213333 0.3294 0.2863 0.2000
v -0.031570 0.606506 -0.215240 0.2000 0.1255 0.1098
v 0.031570 0.606506 -0.215240 0.1961 0.1176 0.1098
v -0.014350 0.658203 -0.215240 0.1020 0.0431 0.0275
v 0.014350 0.658203 -0.215240 0.1059 0.0471 0.0275
v -0.083229 0.690735 -0.215240 0.2235 0.1451 0.1255
v 0.083229 0.690735 -0.215240 0.2000 0.1176 0.0980
v -0.066009 0.705994 -0.215240 0.2039 0.1216 0.1020
v 0.066010 0.705994 -0.215240 0.2078 0.1255 0.1059
v -0.066009 0.717468 -0.215240 0.1647 0.1020 0.0824
v 0.066010 0.717468 -0.215240 0.1647 0.1059 0.0902
v -0.100449 0.725159 -0.215240 0.3059 0.2627 0.1765
v 0.100449 0.725159 -0.215240 0.3019 0.2627 0.1686
v -0.060268 0.868652 -0.215240 0.3294 0.2863 0.2078
v 0.060268 0.868652 -0.215240 0.3098 0.2667 0.1922
v -0.031570 0.596985 -0.217163 0.1725 0.0941 0.0902
v 0.031570 0.596985 -0.217163 0.1843 0.1098 0.0941
v -0.033482 0.604614 -0.217163 0.1922 0.1176 0.0980
v 0.033482 0.604614 -0.217163 0.1882 0.1098 0.0941
v -0.022003 0.606506 -0.217163 0.2078 0.1216 0.1059
v -0.027742 0.606506 -0.217163 0.2078 0.1333 0.1176
v 0.022003 0.606506 -0.217163 0.2000 0.1176 0.0980
v 0.027742 0.606506 -0.217163 0.2039 0.1216 0.1098
v -0.025829 0.665833 -0.217163 0.1294 0.0706 0.0588
v 0.025829 0.665833 -0.217163 0.1255 0.0667 0.0549
v -0.067924 0.698364 -0.217163 0.2118 0.1294 0.1098
v 0.067925 0.698364 -0.217163 0.2078 0.1255 0.1059
v -0.035397 0.717468 -0.217163 0.1490 0.0980 0.0863
v 0.035397 0.717468 -0.217163 0.1530 0.0980 0.0863
v -0.102364 0.730896 -0.217163 0.3294 0.2863 0.2000
v 0.102364 0.730896 -0.217163 0.3176 0.2863 0.1961
v -0.100449 0.742371 -0.217163 0.3216 0.2784 0.2000
v 0.100449 0.742371 -0.217163 0.3451 0.3019 0.2235
v -0.023916 0.596985 -0.219070 0.1922 0.1137 0.1020
v -0.027742 0.596985 -0.219070 0.1765 0.0980 0.0941
v 0.023916 0.596985 -0.219070 0.1843 0.1098 0.0941
v 0.027742 0.596985 -0.219070 0.1922 0.1137 0.1020
v -0.033482 0.598877 -0.219070 0.1843 0.1098 0.0941
v 0.033482 0.598877 -0.219070 0.1843 0.1098 0.0941
v -0.033482 0.602722 -0.219070 0.1961 0.1137 0.0941
v 0.035397 0.602722 -0.219070 0.1843 0.1059 0.0941
v -0.062183 0.661987 -0.219070 0.1686 0.0980 0.0824
v 0.062183 0.661987 -0.219070 0.1647 0.0941 0.0784
v -0.031570 0.675415 -0.219070 0.1255 0.0706 0.0588
v 0.031570 0.675415 -0.219070 0.1333 0.0745 0.0627
v -0.039223 0.679199 -0.219070 0.1725 0.0941 0.0824
v 0.039223 0.679199 -0.219070 0.1373 0.0667 0.0510
v -0.035397 0.694519 -0.219070 0.1608 0.0902 0.0667
v 0.035397 0.694519 -0.219070 0.1843 0.0980 0.0824
v -0.041138 0.717468 -0.219070 0.1530 0.0980 0.0863
v 0.041138 0.717468 -0.219070 0.1530 0.0980 0.0824
v -0.100449 0.763428 -0.219070 0.3176 0.2784 0.2000
v 0.100449 0.763428 -0.219070 0.3098 0.2667 0.1882
v -0.096619 0.830383 -0.219070 0.3294 0.2863 0.2078
v 0.096619 0.830383 -0.219070 0.3216 0.2784 0.1961
v -0.022003 0.598877 -0.220993 0.1961 0.1216 0.1020
v 0.022003 0.598877 -0.220993 0.2039 0.1255 0.1098
v -0.022003 0.600769 -0.220993 0.2078 0.1255 0.1059
v 0.022003 0.600769 -0.220993 0.2118 0.1294 0.1098
v -0.022003 0.604614 -0.220993 0.2078 0.1255 0.1176
v 0.022003 0.604614 -0.220993 0.2118 0.1294 0.1098
v -0.087059 0.673462 -0.220993 0.1922 0.1137 0.0980
v 0.087059 0.673462 -0.220993 0.1843 0.1059 0.0941
v -0.088966 0.679199 -0.220993 0.1961 0.1176 0.1059
v 0.088966 0.679199 -0.220993 0.2078 0.1294 0.1098
v -0.087059 0.683044 -0.220993 0.2235 0.1412 0.1255
v 0.087059 0.683044 -0.220993 0.2275 0.1451 0.1255
v -0.069839 0.690735 -0.220993 0.2235 0.1412 0.1176
v 0.069839 0.690735 -0.220993 0.2235 0.1412 0.1216
v -0.046875 0.704102 -0.220993 0.2078 0.1255 0.1059
v 0.046875 0.704102 -0.220993 0.2118 0.1294 0.1098
v -0.031570 0.715576 -0.220993 0.1647 0.1059 0.0863
v 0.031570 0.715576 -0.220993 0.1608 0.1020 0.0863
v -0.029655 0.600769 -0.222900 0.1922 0.1137 0.0980
v 0.029655 0.600769 -0.222900 0.2078 0.1255 0.1137
v -0.027742 0.606506 -0.222900 0.2039 0.1294 0.1137
v 0.027742 0.606506 -0.222900 0.2000 0.1216 0.1059
v -0.052616 0.667725 -0.222900 0.1843 0.1020 0.0824
v 0.052616 0.667725 -0.222900 0.1765 0.1020 0.0863
v -0.083229 0.669678 -0.222900 0.2039 0.1216 0.1020
v 0.083229 0.669678 -0.222900 0.1961 0.1098 0.0941
v -0.029655 0.683044 -0.222900 0.1725 0.0980 0.0745
v 0.029655 0.683044 -0.222900 0.1922 0.1137 0.0902
v -0.083229 0.684998 -0.222900 0.2157 0.1373 0.1137
v 0.083229 0.684998 -0.222900 0.2235 0.1412 0.1216
v -0.043049 0.688782 -0.222900 0.2078 0.1255 0.1059
v 0.043049 0.688782 -0.222900 0.1843 0.1020 0.0863
v -0.050701 0.692627 -0.222900 0.2000 0.1216 0.0980
v 0.050701 0.692627 -0.222900 0.2275 0.1451 0.1255
v -0.027742 0.700256 -0.222900 0.2000 0.1176 0.0980
v 0.027742 0.700256 -0.222900 0.2000 0.1216 0.0980
v -0.102364 0.786377 -0.222900 0.3137 0.2706 0.1922
v 0.102364 0.786377 -0.222900 0.3333 0.2902 0.2118
v -0.100449 0.809326 -0.222900 0.3333 0.2902 0.2118
v 0.100449 0.809326 -0.222900 0.3294 0.2863 0.2078
v -0.000957 0.866699 -0.222900 0.3333 0.2941 0.2078
v -0.033482 0.866699 -0.222900 0.3255 0.2823 0.2039
v 0.000957 0.866699 -0.222900 0.3059 0.2745 0.1922
v 0.033482 0.866699 -0.222900 0.3333 0.2902 0.2118
v -0.075577 0.665833 -0.224808 0.2000 0.1255 0.1098
v 0.075577 0.665833 -0.224808 0.1882 0.1137 0.0980
v -0.056442 0.686890 -0.224808 0.2118 0.1333 0.1137
v 0.056442 0.686890 -0.224808 0.2157 0.1333 0.1137
v -0.037308 0.715576 -0.224808 0.2157 0.1608 0.1098
v 0.037308 0.715576 -0.224808 0.2196 0.1647 0.1216
v -0.069839 0.717468 -0.224808 0.2235 0.1804 0.1294
v 0.069839 0.717468 -0.224808 0.2432 0.1961 0.1490
v -0.064095 0.849487 -0.224808 0.3216 0.2784 0.2000
v 0.064095 0.849487 -0.224808 0.3137 0.2706 0.1843
v 0.000957 0.654358 -0.226730 0.1686 0.0941 0.0784
v -0.010523 0.656250 -0.226730 0.1608 0.0902 0.0745
v 0.010523 0.656250 -0.226730 0.1569 0.0863 0.0706
v -0.048790 0.675415 -0.226730 0.1922 0.1098 0.0902
v 0.048790 0.675415 -0.226730 0.1686 0.0902 0.0745
v -0.050701 0.681152 -0.226730 0.2000 0.1176 0.0980
v 0.050701 0.681152 -0.226730 0.1804 0.1059 0.0902
v -0.073662 0.686890 -0.226730 0.2078 0.1333 0.1098
v 0.073662 0.686890 -0.226730 0.2118 0.1294 0.1098
v -0.023916 0.688782 -0.226730 0.2078 0.1294 0.1098
v 0.023916 0.688782 -0.226730 0.2157 0.1333 0.1137
v -0.014350 0.700256 -0.226730 0.2000 0.1176 0.0980
v 0.014350 0.700256 -0.226730 0.2039 0.1216 0.1020
v 0.000957 0.702209 -0.226730 0.1843 0.1098 0.0863
v -0.012437 0.713684 -0.226730 0.1804 0.1059 0.0902
v 0.000957 0.713684 -0.226730 0.1843 0.1098 0.0941
v 0.012437 0.713684 -0.226730 0.1647 0.1020 0.0902
v -0.008610 0.866699 -0.226730 0.3176 0.2823 0.2000
v 0.008610 0.866699 -0.226730 0.3294 0.2863 0.2039
v -0.020090 0.661987 -0.228638 0.1333 0.0627 0.0471
v 0.020090 0.661987 -0.228638 0.1490 0.0745 0.0627
v -0.067924 0.665833 -0.228638 0.1804 0.1059 0.0863
v 0.067925 0.665833 -0.228638 0.1843 0.1098 0.0941
v -0.014350 0.690735 -0.228638 0.2196 0.1373 0.1176
v 0.000957 0.690735 -0.228638 0.1961 0.1216 0.1020
v 0.014350 0.690735 -0.228638 0.2039 0.1216 0.1020
v -0.023916 0.669678 -0.230560 0.1725 0.0980 0.0824
v -0.064094 0.669678 -0.230560 0.1843 0.1020 0.0824
v 0.023916 0.669678 -0.230560 0.1765 0.1020 0.0784
v 0.064095 0.669678 -0.230560 0.1765 0.1020 0.0863
v -0.064094 0.683044 -0.230560 0.2196 0.1373 0.1255
v 0.064095 0.683044 -0.230560 0.2118 0.1333 0.1098
v -0.083229 0.684998 -0.230560 0.2157 0.1412 0.1255
v 0.083229 0.684998 -0.230560 0.2078 0.1294 0.1098
v -0.071747 0.721313 -0.230560 0.2941 0.2510 0.1686
v 0.071747 0.721313 -0.230560 0.3019 0.2549 0.1725
v -0.083229 0.673462 -0.232468 0.2039 0.1216 0.1020
v 0.083229 0.673462 -0.232468 0.2118 0.1176 0.1020
v -0.023916 0.675415 -0.232468 0.1882 0.1059 0.0902
v -0.060268 0.675415 -0.232468 0.1961 0.1176 0.0980
v -0.085144 0.675415 -0.232468 0.2157 0.1412 0.1216
v 0.023916 0.675415 -0.232468 0.1922 0.1098 0.0902
v 0.060268 0.675415 -0.232468 0.1922 0.1098 0.0941
v 0.085144 0.675415 -0.232468 0.2000 0.1176 0.0980
v -0.018177 0.679199 -0.232468 0.2196 0.1373 0.1176
v -0.060268 0.679199 -0.232468 0.2000 0.1216 0.1020
v 0.018177 0.679199 -0.232468 0.2118 0.1333 0.1137
v 0.062183 0.679199 -0.232468 0.1882 0.1059 0.0941
v -0.012437 0.683044 -0.232468 0.2078 0.1333 0.1137
v -0.085144 0.683044 -0.232468 0.2196 0.1490 0.1255
v 0.012437 0.683044 -0.232468 0.2078 0.1294 0.1059
v 0.085144 0.683044 -0.232468 0.2118 0.1294 0.1098
v 0.000957 0.684998 -0.232468 0.1882 0.1137 0.0941
v -0.000957 0.715576 -0.232468 0.1725 0.1020 0.0824
v -0.039223 0.715576 -0.232468 0.2706 0.2275 0.1569
v 0.000957 0.715576 -0.232468 0.1804 0.1059 0.0863
v 0.039223 0.715576 -0.232468 0.2745 0.2314 0.1608
v -0.071747 0.727051 -0.232468 0.3176 0.2745 0.1922
v 0.071747 0.727051 -0.232468 0.3216 0.2784 0.1922
v -0.071747 0.740417 -0.232468 0.3216 0.2784 0.2000
v 0.071747 0.740417 -0.232468 0.3216 0.2784 0.2000
v -0.067924 0.828430 -0.232468 0.3137 0.2706 0.1922
v 0.067925 0.828430 -0.232468 0.3412 0.2980 0.2196
v -0.079399 0.671570 -0.234375 0.2000 0.1255 0.1098
v 0.079399 0.671570 -0.234375 0.2000 0.1176 0.0980
v -0.087059 0.679199 -0.234375 0.2118 0.1333 0.1137
v 0.087059 0.679199 -0.234375 0.1843 0.1176 0.1020
v -0.077492 0.684998 -0.234375 0.2157 0.1373 0.1176
v 0.077492 0.684998 -0.234375 0.2157 0.1333 0.1137
v -0.071747 0.759583 -0.234375 0.3176 0.2745 0.1961
v 0.071747 0.759583 -0.234375 0.3216 0.2784 0.2000
v -0.000957 0.847595 -0.234375 0.3372 0.2941 0.2078
v 0.000957 0.847595 -0.234375 0.3255 0.2823 0.2078
v -0.035397 0.849487 -0.234375 0.3216 0.2784 0.2000
v 0.035397 0.849487 -0.234375 0.3255 0.2823 0.2039
v -0.075577 0.671570 -0.236298 0.2000 0.1255 0.1020
v 0.075577 0.671570 -0.236298 0.1922 0.1098 0.0980
v -0.069839 0.683044 -0.236298 0.2157 0.1412 0.1176
v 0.069839 0.683044 -0.236298 0.2078 0.1333 0.1176
v -0.012437 0.713684 -0.236298 0.1843 0.1137 0.0902
v 0.012437 0.713684 -0.236298 0.1725 0.1098 0.0863
v -0.069839 0.807434 -0.236298 0.3216 0.2784 0.2000
v 0.069839 0.807434 -0.236298 0.3412 0.2980 0.2196
v -0.008610 0.847595 -0.236298 0.3255 0.2823 0.2039
v 0.008610 0.847595 -0.236298 0.3255 0.2823 0.2078
v 0.000957 0.658203 -0.238205 0.1804 0.1059 0.0902
v -0.006697 0.660095 -0.238205 0.1765 0.1059 0.0824
v 0.006697 0.660095 -0.238205 0.1725 0.1020 0.0863
v -0.073662 0.673462 -0.238205 0.2078 0.1255 0.1059
v 0.073662 0.673462 -0.238205 0.1882 0.1059 0.0941
v -0.069839 0.681152 -0.238205 0.2078 0.1333 0.1176
v 0.069839 0.681152 -0.238205 0.2039 0.1255 0.1059
v -0.000957 0.719421 -0.238205 0.3176 0.2745 0.1961
v -0.039223 0.719421 -0.238205 0.3059 0.2627 0.1765
v 0.000957 0.719421 -0.238205 0.2980 0.2549 0.1765
v 0.039223 0.719421 -0.238205 0.2980 0.2549 0.1725
v -0.071747 0.784424 -0.238205 0.3137 0.2706 0.1922
v 0.071747 0.784424 -0.238205 0.3255 0.2823 0.2039
v -0.012437 0.663940 -0.240128 0.1804 0.0980 0.0863
v 0.012437 0.663940 -0.240128 0.1843 0.1020 0.0902
v -0.012437 0.675415 -0.240128 0.2118 0.1333 0.1137
v -0.081314 0.675415 -0.240128 0.2078 0.1333 0.1176
v 0.012437 0.675415 -0.240128 0.2000 0.1176 0.1059
v 0.081314 0.675415 -0.240128 0.2039 0.1216 0.1098
v -0.071747 0.677307 -0.240128 0.2000 0.1255 0.1098
v 0.071747 0.677307 -0.240128 0.1961 0.1216 0.1059
v -0.008610 0.679199 -0.240128 0.2000 0.1255 0.1059
v 0.008610 0.679199 -0.240128 0.2078 0.1255 0.1059
v 0.000957 0.681152 -0.240128 0.1922 0.1176 0.0941
v -0.079399 0.683044 -0.240128 0.2157 0.1333 0.1176
v 0.079399 0.683044 -0.240128 0.1961 0.1216 0.1059
v -0.000957 0.727051 -0.240128 0.3333 0.2902 0.2039
v -0.039223 0.727051 -0.240128 0.3333 0.2902 0.2118
v 0.000957 0.727051 -0.240128 0.3216 0.2784 0.2000
v 0.039223 0.727051 -0.240128 0.3372 0.2941 0.2078
v -0.000957 0.738525 -0.240128 0.3451 0.3019 0.2196
v -0.039223 0.738525 -0.240128 0.3294 0.2863 0.2078
v 0.000957 0.738525 -0.240128 0.3137 0.2784 0.2000
v 0.039223 0.738525 -0.240128 0.3294 0.2863 0.2078
v -0.000957 0.826538 -0.240128 0.3294 0.2863 0.2000
v 0.000957 0.826538 -0.240128 0.3098 0.2745 0.1922
v -0.037308 0.828430 -0.240128 0.3176 0.2745 0.1961
v 0.037308 0.828430 -0.240128 0.3216 0.2784 0.2000
v -0.016264 0.667725 -0.242035 0.1647 0.0902 0.0745
v 0.016264 0.667725 -0.242035 0.1725 0.0941 0.0784
v -0.016264 0.671570 -0.242035 0.1882 0.1137 0.0980
v 0.016264 0.671570 -0.242035 0.1804 0.1059 0.0902
v -0.081314 0.681152 -0.242035 0.2157 0.1373 0.1176
v 0.081314 0.681152 -0.242035 0.2000 0.1255 0.1098
v -0.010523 0.717468 -0.242035 0.3019 0.2588 0.1725
v 0.010523 0.717468 -0.242035 0.3098 0.2627 0.1765
v -0.000957 0.759583 -0.242035 0.3255 0.2823 0.1961
v -0.039223 0.759583 -0.242035 0.3137 0.2706 0.1922
v 0.000957 0.759583 -0.242035 0.3176 0.2784 0.2000
v 0.039223 0.759583 -0.242035 0.3216 0.2784 0.1922
v -0.008610 0.738525 -0.243942 0.3294 0.2863 0.2078
v 0.008610 0.738525 -0.243942 0.3372 0.2941 0.2157
v -0.000957 0.805481 -0.243942 0.3333 0.2902 0.2039
v 0.000957 0.805481 -0.243942 0.3176 0.2823 0.2039
v -0.039223 0.807434 -0.243942 0.3216 0.2784 0.2000
v 0.039223 0.807434 -0.243942 0.3294 0.2863 0.2000
v -0.008610 0.828430 -0.243942 0.3255 0.2823 0.2039
v 0.008610 0.828430 -0.243942 0.3294 0.2863 0.2000
v -0.008610 0.725159 -0.245865 0.3333 0.2902 0.2039
v 0.008610 0.725159 -0.245865 0.3372 0.2941 0.2078
v -0.008610 0.757690 -0.245865 0.3176 0.2784 0.2000
v 0.008610 0.757690 -0.245865 0.3216 0.2823 0.2039
v -0.000957 0.782532 -0.245865 0.3451 0.3059 0.2157
v -0.039223 0.782532 -0.245865 0.3333 0.2902 0.2039
v 0.000957 0.782532 -0.245865 0.3137 0.2784 0.1961
v 0.039223 0.782532 -0.245865 0.3372 0.2941 0.2157
v -0.004783 0.665833 -0.247772 0.1882 0.1137 0.0902
v 0.004783 0.665833 -0.247772 0.1922 0.1176 0.1020
v -0.006697 0.677307 -0.247772 0.2000 0.1255 0.1098
v 0.006697 0.677307 -0.247772 0.2000 0.1255 0.1098
v 0.000957 0.679199 -0.247772 0.1882 0.1176 0.1020
v -0.008610 0.805481 -0.247772 0.3216 0.2902 0.2078
v 0.008610 0.805481 -0.247772 0.3294 0.2863 0.2078
v 0.000957 0.665833 -0.249680 0.1922 0.1176 0.1020
v -0.006697 0.677307 -0.249680 0.2039 0.1294 0.1137
v 0.006697 0.677307 -0.249680 0.2000 0.1255 0.1098
v -0.008610 0.782532 -0.249680 0.3294 0.2863 0.2078
v 0.008610 0.782532 -0.249680 0.3294 0.2902 0.1961
v -0.006697 0.667725 -0.251587 0.2039 0.1294 0.1059
v 0.006697 0.667725 -0.251587 0.1961 0.1137 0.1020
v -0.008610 0.669678 -0.251587 0.1961 0.1216 0.0980
v 0.008610 0.669678 -0.251587 0.2078 0.1255 0.1098
v -0.008610 0.673462 -0.251587 0.1882 0.1137 0.0941
v 0.008610 0.673462 -0.251587 0.1882 0.1137 0.0941
v 0.000957 0.679199 -0.253509 0.2078 0.1333 0.1216
v 0.000957 0.669678 -0.255432 0.2078 0.1255 0.1059
v 0.000957 0.675415 -0.257355 0.2275 0.1451 0.1255
v 0.000957 0.673462 -0.259247 0.2275 0.1451 0.1255
s 1
f 6350 5576 5574
f 5574 5576 4897
f 5574 4897 4895
f 4895 4897 4302
f 5576 6350 6440
f 6440 6350 7028
f 5576 6440 5578
f 6440 7028 7102
f 5578 6440 6442
f 6442 6440 7102
f 6442 7102 7104
f 4304 4302 4897
f 4304 4897 4899
f 4304 4899 4384
f 4302 4304 3720
f 3720 4304 4384
f 4302 3720 3636
f 3720 4384 3722
f 3636 3720 258
f 3720 3722 200
f 3720 200 258
f 200 3722 204
f 258 200 709
f 200 204 657
f 200 657 709
f 657 204 659
f 709 657 1220
f 709 1220 1217
f 1217 1220 1810
f 1217 1810 1808
f 5574 4895 5459
f 5574 5459 6170
f 5574 6170 6350
f 6350 6170 6762
f 6350 6762 7028
f 7028 6762 7366
f 6762 6170 6517
f 7366 6762 7100
f 7100 6762 6517
f 7366 7100 7408
f 7408 7100 7176
f 5954 6170 5459
f 6170 5954 6517
f 5954 5459 5383
f 5383 5459 4893
f 7176 7100 6766
f 6766 7100 6517
f 7099 7368 7176
f 7176 6766 6765
f 7176 6765 7099
f 5383 4893 4715
f 7099 6765 6663
f 7099 6663 6937
f 6765 6766 6523
f 4715 4893 4228
f 6663 6765 6244
f 6244 6765 6523
f 6937 6663 6522
f 6522 6663 6244
f 6937 6522 6521
f 6521 6522 6349
f 6521 6349 5806
f 6349 6522 6172
f 6172 6522 6244
f 6349 6172 5806
f 5881 6244 6523
f 6244 5881 6172
f 6521 5806 5883
f 5806 6172 5807
f 5807 6172 5881
f 6665 5883 5956
f 5956 5883 5229
f 5229 5883 5274
f 5274 5883 5806
f 5229 5274 4588
f 5274 5806 5275
f 5275 5806 5807
f 5274 5275 4657
f 5275 5807 5343
f 5343 5807 5881
f 4657 5275 4717
f 4717 5275 5343
f 4657 4717 4041
f 4657 4041 3892
f 3892 4041 133
f 133 4041 67
f 133 67 583
f 4041 4717 4093
f 4041 4093 67
f 4717 5343 4891
f 4717 4891 4093
f 4891 5343 5458
f 5458 5343 5881
f 4093 4891 4229
f 67 4093 15
s 0
f 15 4093 4229
s 1
f 67 15 528
f 67 528 583
f 583 528 954
f 583 954 1000
f 1000 954 1417
f 954 528 488
f 488 528 15
f 1417 954 1368
f 1417 1368 1805
f 954 488 909
f 954 909 1368
s 0
f 488 15 3491
f 3491 15 4229
f 909 488 398
f 398 488 3491
s 1
f 1805 1368 1774
f 1805 1774 2075
s 0
f 1368 909 1320
f 1368 1320 1774
f 909 398 827
f 909 827 1320
s 1
f 2075 1774 2007
f 2075 2007 2361
s 0
f 1774 1320 1670
s 1
f 1774 1670 2007
s 0
f 1320 827 1215
f 1320 1215 1670
s 1
f 2361 2007 2208
f 2361 2208 2410
f 2007 1670 1929
f 2007 1929 2208
s 0
f 1670 1215 1616
f 1670 1616 1929
s 1
f 2410 2208 2321
f 2410 2321 2323
f 2323 2321 2211
f 2321 2208 2128
f 2208 1929 2074
f 2208 2074 2128
s 0
f 2074 1929 1874
f 1874 1929 1616
s 1
f 2128 2074 2009
s 0
f 2009 2074 1874
s 1
f 2321 2128 2073
f 2321 2073 2211
f 2128 2009 1948
f 2128 1948 2073
s 0
f 2009 1874 1772
f 2009 1772 1948
f 1772 1874 1457
f 1457 1874 1616
f 1948 1772 1699
s 1
f 2073 1948 1919
s 0
f 1919 1948 1699
s 1
f 2073 1919 1962
f 2073 1962 2211
s 0
f 1919 1699 1735
s 1
f 1919 1735 1962
s 0
f 1699 1772 1367
f 1367 1772 1457
f 1735 1699 1319
f 1319 1699 1367
s 1
f 2211 1962 2035
f 2211 2035 2107
f 2107 2035 1808
f 2035 1962 1804
f 2035 1804 1808
f 1804 1962 1735
f 1808 1804 1217
f 1804 1735 1266
f 1804 1266 1217
f 1266 1735 1319
f 1217 1266 709
f 709 1266 825
f 825 1266 1319
f 709 825 258
f 825 1319 868
s 0
f 868 1319 1367
s 1
f 258 825 395
f 395 825 868
f 258 395 3636
s 0
f 868 1367 953
f 953 1367 1457
s 1
f 395 868 486
s 0
f 486 868 953
s 1
f 3636 395 3547
f 3547 395 486
f 3636 3547 4302
s 0
f 953 1457 1106
f 1106 1457 1616
f 1106 1616 1215
s 1
f 4302 3547 4228
f 4302 4228 4895
f 4228 3547 3480
f 3480 3547 486
s 0
f 580 486 953
f 580 953 1106
f 486 580 3480
f 707 1106 1215
f 1106 707 580
f 707 1215 827
s 1
f 4163 4228 3480
f 4228 4163 4715
s 0
f 3480 580 198
f 3480 198 4163
f 198 580 707
f 707 827 306
f 707 306 198
f 306 827 398
f 4163 198 4039
f 4163 4039 4715
f 4039 198 306
f 306 398 3717
f 306 3717 4039
f 3717 398 3491
f 4715 4039 4586
f 4586 4039 3717
s 1
f 4715 4586 5383
s 0
f 3717 3491 4463
f 3717 4463 4586
f 4463 3491 4229
s 1
f 5383 4586 5272
f 5272 4586 4463
f 5383 5272 5954
f 4463 4229 4969
f 4463 4969 5272
f 4969 4229 4891
f 4969 4891 5458
f 5272 4969 5745
f 5272 5745 5954
f 5745 4969 5458
f 5954 5745 6517
f 5745 5458 6169
f 5745 6169 6517
f 6169 5458 5881
f 6517 6169 6766
f 6169 5881 6523
f 6169 6523 6766
f 5576 5578 4899
f 4899 5578 5580
f 5576 4899 4897
f 4895 4228 4893
f 4895 4893 5459
f 6352 5580 5578
f 6352 5578 6442
f 6352 6442 7030
f 6352 7030 6246
f 7030 6442 7104
f 7030 7104 7414
f 7030 7414 7310
f 7310 7414 7439
f 4901 4899 5580
f 4901 5580 5513
f 4899 4901 4306
f 4306 4901 4308
f 4306 4308 3995
f 4899 4306 4384
f 4384 4306 3722
f 3722 4306 3638
f 3722 3638 204
f 204 3638 260
f 204 260 659
f 661 1222 659
f 661 659 260
f 661 260 758
f 260 3638 3495
f 3495 3638 3549
f 3495 3549 17
f 17 3549 3551
f 260 3495 18
f 758 260 404
f 404 260 18
f 758 404 615
f 758 615 913
f 404 18 350
f 350 18 308
f 5580 6352 6246
f 5580 6246 5513
f 5385 4791 4901
f 4901 4791 4308
f 4308 4791 4310
f 4310 4791 4750
f 4750 4791 5385
f 4750 5385 5346
f 5346 5385 5889
f 5889 5385 5962
f 5385 4901 5515
f 5385 5515 5517
f 5385 5517 6037
f 6037 5517 6174
f 6174 5517 5515
f 6174 5515 6246
f 6246 5515 5513
f 4901 5513 5515
f 7030 7032 6246
f 6246 7032 6844
f 6174 6246 6844
f 6174 6844 6669
f 6174 6669 6037
f 6669 6844 7182
f 6669 7182 6527
f 6527 7182 7036
f 7036 7182 7318
f 6527 7036 6939
f 6527 6939 6444
f 6527 6444 5962
f 5962 6444 5889
f 6939 7036 7110
f 7036 7318 7184
f 7036 7184 7110
f 7184 7318 7257
f 7110 7184 7112
f 7112 7184 7187
f 3995 3638 4306
f 4043 4308 4310
f 4308 4043 3995
f 3995 4043 3724
f 3724 4043 3813
f 3813 4043 3999
f 3999 4043 4097
f 4097 4043 4310
f 4097 4310 4312
f 4097 4312 4314
f 4312 4310 4793
f 4312 4793 4314
f 4314 4793 4752
f 4793 4310 4750
f 4752 4793 5350
f 4793 4750 5348
f 4793 5348 5350
f 5348 4750 5346
f 5350 5348 5891
f 5891 5348 5346
f 5891 5346 5889
f 5350 5891 5893
f 5891 5889 6529
f 5891 6529 5893
f 5893 6529 6446
f 6037 5962 5385
f 5962 6037 6669
f 5893 5278 5350
f 5278 5893 5812
f 5350 5278 4752
f 4752 5278 4719
f 4752 4719 4314
f 4314 4719 4232
f 4314 4232 4045
f 4314 4045 4097
f 4045 4232 4001
f 4045 4001 3901
f 3901 4001 3903
f 4045 3901 3817
f 4045 3817 3999
f 3999 3817 3813
f 3817 3901 3642
f 3817 3642 3640
f 3640 3642 3551
f 3551 3642 3819
f 3640 3551 3549
f 4659 4719 5278
f 4659 5278 5188
f 4719 4659 4166
f 4719 4166 4232
f 4232 4166 4001
f 4001 4166 3903
f 3903 4166 3819
f 3819 4166 3553
f 3819 3553 3497
f 3903 3819 3642
f 3903 3642 3901
f 5278 5812 5814
f 5814 5812 6446
f 5814 6446 6448
f 5814 6448 5816
f 5816 6448 6450
f 5816 6450 5818
f 5816 5818 5239
f 5816 5239 5190
f 5190 5239 4590
f 4590 5239 4592
f 4590 4592 4047
f 4047 4592 4049
f 4047 4049 3555
f 4047 3555 3553
f 3553 3555 3497
f 5278 5814 5188
f 5188 5814 5190
f 5190 5814 5816
f 5188 5190 4659
f 4659 5190 4590
f 4659 4590 4166
f 4166 4590 4047
f 4166 4047 3553
f 5893 6446 5812
f 3549 3638 3724
f 3724 3638 3995
f 4097 4045 3999
f 3549 3724 3813
f 3813 3817 3640
f 3813 3640 3549
f 3819 3497 308
f 3819 308 17
f 308 3497 496
f 496 3497 352
f 17 3551 3819
f 17 18 3495
f 18 17 308
f 3497 3555 310
f 310 3555 149
f 310 352 3497
f 352 310 500
f 352 500 498
f 498 500 722
f 498 722 878
f 878 722 921
f 350 308 762
f 539 716 308
f 308 716 762
f 762 716 874
f 762 874 832
f 832 874 1111
f 832 1111 1274
f 496 539 308
f 5818 5241 5239
f 5239 5241 4592
f 4592 5241 4661
f 4661 5241 5243
f 4661 5243 4665
f 4592 4661 4101
f 4592 4101 4049
f 4049 4101 19
f 4049 19 3555
f 19 4101 3823
f 19 3823 3652
f 5241 5818 5747
f 5241 5747 5243
f 5192 4665 5243
f 5192 5243 5747
f 5192 5747 5681
f 5681 5747 6180
f 5747 5818 6356
f 5747 6356 6180
f 6356 5818 6450
f 6356 6450 6945
f 6180 6356 6588
f 6356 6945 6850
f 6356 6850 6588
f 6588 6850 6854
f 6854 6850 7116
f 6854 7116 6856
f 6856 7116 7038
f 7038 7116 7192
f 4665 4101 4661
f 4101 4665 4168
f 4101 4168 3823
f 4168 4665 4238
f 4168 4238 3823
f 4238 4665 4667
f 3823 4238 4003
f 3823 4003 3652
f 3652 4003 3910
f 4667 4665 5192
f 4667 5192 4664
f 4667 4664 4238
f 4238 4664 4234
f 4664 5192 5121
f 5121 5192 5521
f 5521 5192 5681
f 5521 5681 5964
f 5964 5681 6180
f 19 149 3555
f 149 19 312
f 264 19 3652
f 264 3652 3651
f 264 3651 621
f 621 3651 20
f 621 20 266
f 621 266 314
f 314 266 71
f 71 266 3561
f 19 264 312
f 312 264 543
f 543 264 621
f 543 621 768
f 541 496 352
f 496 541 617
f 541 352 498
f 617 541 764
f 617 764 1008
f 1008 764 876
f 764 541 718
f 718 541 498
f 764 718 876
f 718 498 878
f 718 878 876
f 312 310 149
f 310 312 500
f 500 312 543
f 500 543 722
f 722 543 768
f 722 768 921
f 539 496 766
f 496 617 619
f 619 617 1008
f 496 619 766
f 619 1008 1044
f 766 619 957
f 957 619 1044
f 957 1044 1157
f 1157 1044 1042
f 1157 1042 1180
f 7410 7102 7028
f 7102 7410 7104
f 7410 7028 7366
f 7104 7410 7414
f 7410 7366 7437
f 7410 7437 7414
f 7437 7366 7408
f 7414 7437 7439
f 7437 7408 7368
f 7439 7437 7412
f 7412 7437 7368
f 7439 7412 7416
f 7412 7368 7251
f 7412 7251 7416
f 7310 7032 7030
f 7032 7310 7312
f 7312 7310 7370
f 7032 7312 7253
f 7032 7253 6844
f 6844 7253 7182
f 7182 7253 7318
f 7312 7370 7372
f 7372 7370 7309
f 7253 7312 7316
f 7316 7312 7372
f 7253 7316 7318
f 7372 7309 7314
f 7372 7314 7316
f 7314 7309 7108
f 7108 7309 7106
f 7316 7314 7255
f 7316 7255 7318
f 7318 7255 7257
f 7408 7176 7368
f 7368 7099 6937
f 7368 6937 7178
f 7368 7178 7251
f 7251 7178 6768
f 6768 7178 6665
f 6665 7178 6937
f 6665 6937 6521
f 6665 6521 5883
f 7370 7310 7439
f 7370 7439 7309
f 7309 7439 7416
f 7309 7416 7106
f 6669 6527 5962
f 7180 7416 7251
f 7416 7180 7106
f 7180 7251 6768
f 7180 6768 6667
f 7180 6667 6584
f 6584 6667 5885
f 7034 7314 7108
f 7314 7034 7255
f 7034 7108 6525
f 6525 7108 6586
f 6586 7108 7106
f 6586 7106 6584
f 7034 6525 6354
f 7255 7034 6943
f 6943 7034 6354
f 7255 6943 7257
f 6943 6354 6248
f 7257 6943 7187
f 7187 6943 6846
f 6846 6943 6248
f 7187 6846 7112
f 7112 6846 6770
f 6770 6846 6248
f 6770 6248 6176
f 7188 6941 6939
f 6939 6941 6529
f 6529 6941 6446
f 6446 6941 6945
f 6945 6941 7188
f 6446 6945 6448
f 6448 6945 6450
f 7116 6850 6945
f 7116 6945 7190
f 7190 6945 7188
f 7116 7190 7192
f 7192 7190 7114
f 7114 7190 7188
f 7114 7188 7112
f 7110 7188 6939
f 7188 7110 7112
f 6939 6529 6444
f 6444 6529 5889
f 5958 6768 6665
f 6768 5958 6667
f 6667 5958 5960
f 5960 5958 5233
f 5958 6665 5956
f 5233 5958 5231
f 5231 5958 5956
f 5231 5956 5229
f 6584 7106 7180
f 6667 5960 5885
f 5885 5960 5235
f 5887 6586 6584
f 5887 6584 5885
f 5887 5885 5237
f 5237 5885 5235
f 5887 5237 5186
f 6586 5887 5810
f 5810 5887 5186
f 5810 5186 5117
f 6586 5810 6525
f 5810 5117 5679
f 5810 5679 6525
f 6525 5679 6354
f 4588 5274 4657
f 4588 4657 3892
f 4588 3892 3895
f 3895 3892 135
f 135 3892 133
f 3895 135 202
f 4588 3895 4535
f 4588 4535 5229
f 5229 4535 5231
f 5960 5233 5235
f 5235 5233 4539
f 5235 4539 4541
f 5235 4541 5237
f 4539 5233 4537
f 4537 5233 5231
f 4537 5231 4535
f 5237 4541 4543
f 5237 4543 4545
f 5237 4545 5186
f 5186 4545 5117
f 5117 4545 4547
f 5117 4547 4549
f 4549 4547 3997
f 4543 4541 3897
f 4543 3897 4547
f 4547 3897 3997
f 3897 4541 4539
f 3897 4539 4537
f 3997 3897 16
f 16 3897 137
f 16 137 346
f 3897 4537 3811
f 3897 3811 137
f 3811 4537 4535
f 137 3811 202
f 3811 4535 3895
f 3811 3895 202
f 5582 6248 6354
f 5582 6354 5679
f 5582 5679 5119
f 5679 5117 5119
f 5119 5117 4549
f 6854 6856 6452
f 6452 6856 6455
f 6452 6588 6854
f 6588 5964 6180
f 6588 6250 5964
f 6250 6588 6452
f 7184 7257 7187
f 6848 7114 7112
f 6770 6848 7112
f 6848 6770 6178
f 6178 6770 6176
f 6178 6176 5519
f 7114 6848 6852
f 6852 7192 7114
f 6671 7038 7192
f 7038 6671 6531
f 6671 7192 6852
f 6671 6852 6122
f 6122 6852 6848
f 6671 6122 6039
f 6182 6455 6856
f 6856 7038 6531
f 6531 6182 6856
f 6182 6531 5820
f 5820 6531 5897
f 5820 5897 5354
f 5354 5897 5353
f 6452 6252 6250
f 6252 6452 6456
f 6252 6456 6188
f 6456 6452 6455
f 6188 6456 6358
f 6358 6456 6458
f 6458 6456 6455
f 6358 6458 6461
f 6461 6458 6254
f 6254 6458 6184
f 6184 6458 6455
f 6184 6455 6182
f 5822 6184 6182
f 5822 6182 5820
f 6039 6531 6671
f 6531 6039 5897
f 5897 6039 5353
f 6858 7118 7040
f 6858 7040 6772
f 7118 6858 6860
f 6860 6858 6673
f 6860 6673 6186
f 6860 6186 6360
f 6360 6186 5586
f 6360 5586 5683
f 7040 7118 7042
f 6677 6675 7040
f 6677 7040 7042
f 6677 7042 7044
f 6677 7044 6679
f 7044 7042 7122
f 7122 7042 7120
f 7120 7042 7118
f 7122 7120 6864
f 6864 7120 6862
f 6862 7120 7118
f 6862 7118 6860
f 7040 6675 6772
f 6772 6675 6462
f 6462 6675 6041
f 6772 6462 6358
f 6358 6462 6188
f 6188 6462 6041
f 6772 6358 6461
f 6188 6041 5824
f 6772 6461 6858
f 5824 6041 5525
f 6858 6461 6254
f 6858 6254 6673
f 6673 6254 6186
f 6186 6254 5966
f 6186 5966 5586
f 5586 5966 5463
f 5824 5525 5389
f 5586 5463 5032
f 5032 5463 5033
f 5389 5525 4975
f 4975 5525 4976
f 5389 4975 4974
f 4975 4976 4328
f 4974 4975 4392
f 4392 4975 4328
f 4974 4392 4555
f 4392 4328 3911
f 4555 4392 4107
f 4107 4392 3911
f 4107 3911 3742
f 3742 3911 3486
f 3742 3486 3561
f 3561 3486 155
f 3561 155 154
f 154 155 318
f 154 318 316
f 3561 154 3560
f 154 316 157
f 3560 154 3485
f 3485 154 157
f 3560 3485 3741
f 3741 3485 4106
f 3485 157 3909
f 3485 3909 4106
f 3909 157 3654
f 3909 3654 4326
f 4106 3909 4390
f 4390 3909 4326
f 4106 4390 4553
f 4553 4390 5033
f 5033 4390 5032
f 5032 4390 4326
f 5032 4326 4973
f 5032 4973 5683
f 6126 6124 6675
f 6675 6124 6041
f 6126 6675 6677
f 6126 6677 6679
f 6126 6679 6127
f 6041 6124 5527
f 6041 5527 5525
f 5525 5527 4976
f 5527 6124 5590
f 5590 6124 6126
f 5590 6126 6127
f 5590 6127 5594
f 5590 5594 4980
f 6860 6360 6362
f 6860 6362 6862
f 6862 6362 6256
f 6862 6256 6864
f 6947 7122 6864
f 6947 6864 6774
f 6774 6864 6256
f 6774 6256 6258
f 6258 6256 5592
f 6258 5592 5596
f 5966 6254 6184
f 5964 6250 5895
f 5964 5895 5523
f 5523 5521 5964
f 5121 5521 5523
f 5121 5523 5123
f 5121 5123 4664
f 5123 5523 5389
f 5389 5523 5824
f 5123 5389 4974
f 4664 5123 4669
f 4669 5123 4974
f 4664 4669 4234
f 4669 4974 4555
f 4234 4669 4236
f 4236 4669 4555
f 4236 4555 4107
f 6252 5895 6250
f 5895 6252 5824
f 5824 6252 6188
f 5895 5824 5523
f 4980 4976 5527
f 4980 5527 5590
f 4976 4980 4332
f 4976 4332 4328
f 4332 4980 4985
f 4985 4980 5594
f 4985 5594 5531
f 4985 5531 4914
f 4332 4985 4241
f 4241 4985 4914
f 4332 4241 3658
f 4241 4914 4334
f 3658 4241 3660
f 3660 4241 4334
f 3660 4334 3662
f 3660 3662 212
f 6184 5822 5966
f 5966 5822 5463
f 5463 5822 5356
f 5356 5822 5820
f 5463 5356 5033
f 5356 5820 5354
f 5033 5356 4911
f 4911 5356 5354
f 5033 4911 4553
f 4911 5354 4909
f 4553 4911 4551
f 4551 4911 4909
f 5584 6176 6248
f 5584 6248 5582
f 6176 5584 5519
f 5584 5582 5027
f 5027 5582 5119
f 5027 5119 4465
f 4465 5119 4549
f 5519 5584 5029
f 4467 4386 5029
f 5029 4386 4903
f 5029 4903 5519
f 4903 4386 4316
f 5519 4903 5461
f 5461 4903 4905
f 5519 5461 6178
f 5461 4905 4907
f 4907 4905 4322
f 5461 4907 4795
f 6178 5461 6122
f 6178 6122 6848
f 6122 5461 5387
f 6122 5387 6039
f 6360 5683 5588
f 6360 5588 6362
f 6362 5588 6256
f 5588 5683 4973
f 6256 5588 5592
f 5592 5588 4979
f 4979 5588 4973
f 5592 4979 4983
f 4979 4973 4330
f 4979 4330 4983
f 4330 4973 4326
f 4983 4330 4240
f 5584 5027 5029
f 5029 5027 4467
f 4467 5027 4465
f 4795 5387 5461
f 5353 6039 5387
f 5353 5387 4797
f 4797 5387 4795
f 4797 4795 4324
f 4797 4324 4388
f 4322 4795 4907
f 4795 4322 4324
f 4324 4322 3732
f 4388 4324 3905
f 4324 3732 3734
f 4324 3734 3905
f 3734 3732 208
f 3905 3734 147
f 147 3734 208
f 3905 147 3434
f 3434 147 263
f 147 208 454
f 147 454 263
f 454 208 537
f 263 454 354
f 263 354 151
f 454 537 720
f 454 720 354
f 354 720 314
f 720 537 669
f 314 720 768
f 720 669 798
f 798 669 919
f 798 919 768
f 768 919 921
f 5032 5683 5586
f 5353 4909 5354
f 4909 5353 4797
f 4909 4797 4469
f 4469 4797 4388
f 4469 4388 4099
f 4099 4388 3905
f 4099 3905 3434
f 4099 3434 3736
f 3736 3434 263
f 4547 4545 4543
f 3997 3899 4549
f 4465 4549 3899
f 4465 3899 4467
f 3899 3816 4467
f 3816 3726 4467
f 3726 3816 141
f 4386 4467 3726
f 3726 3728 4386
f 3728 3726 141
f 3728 141 206
f 206 141 402
f 3728 206 143
f 143 206 450
f 3728 143 3821
f 143 450 452
f 3728 3821 4316
f 452 450 535
f 611 535 402
f 452 535 613
f 613 535 611
f 4316 3821 4318
f 4316 4318 4903
f 4903 4318 4905
f 4905 4318 4320
f 4320 4318 3730
f 613 611 663
f 613 663 665
f 665 663 830
f 613 665 492
f 665 830 761
f 665 761 492
f 761 830 1040
f 761 1040 917
f 917 1040 1042
f 761 917 667
f 761 667 492
f 492 667 494
f 492 494 145
f 4316 4386 3728
f 585 135 133
f 135 585 202
f 585 133 583
f 202 585 607
f 585 583 1002
f 585 1002 607
f 607 1002 1036
f 1036 1002 1419
f 1419 1002 1000
f 1419 1000 1417
f 1036 1419 1459
f 1459 1419 1877
f 1877 1419 1839
f 609 137 202
f 202 607 609
f 609 607 1036
f 609 1036 1038
f 1038 1036 1461
f 1461 1036 1459
f 1461 1459 1842
f 1842 1459 1877
f 1461 1842 1780
f 1842 1877 2112
f 2112 1877 2109
f 1461 1780 1372
f 1842 2112 2080
f 2080 2112 2396
f 2080 2396 2365
f 2080 2365 2291
f 2080 2291 2056
f 2056 2291 2157
f 2080 2056 1843
f 2056 2157 1983
f 1843 2056 1781
f 2056 1983 1820
f 2056 1820 1781
f 1781 1820 1703
f 1703 1820 1822
f 1421 1780 1703
f 1780 1421 1372
f 1372 1421 1109
f 1372 1109 911
f 1109 1421 1325
f 1325 1421 1465
f 1109 1325 1042
f 69 3899 3997
f 69 3997 16
f 137 609 346
f 346 348 16
f 16 348 69
f 348 346 533
f 348 533 490
f 139 3816 3899
f 139 3899 69
f 139 69 400
f 400 69 348
f 3816 139 141
f 141 139 402
f 139 400 402
f 3821 3730 4318
f 143 3730 3821
f 450 206 402
f 3730 143 145
f 143 452 492
f 492 452 613
f 143 492 145
f 145 3732 3730
f 3730 3732 4320
f 4320 3732 4322
f 4320 4322 4905
f 3732 145 208
f 208 145 494
f 208 494 537
f 537 494 669
f 4051 4238 4234
f 4238 4051 4003
f 4234 4236 4051
f 4051 4236 4053
f 4053 4236 4107
f 4053 4107 3742
f 3658 3744 4328
f 3658 4328 4332
f 4328 3744 3911
f 3911 3744 73
f 73 3744 3658
f 3911 73 3486
f 3486 73 155
f 155 73 318
f 73 3658 159
f 73 159 318
f 159 3658 3660
f 318 159 358
f 159 3660 212
f 358 159 408
f 408 159 212
f 4051 4053 4003
f 4003 4053 3910
f 3644 3645 3648
f 3644 3648 3560
f 3560 3648 3561
f 3644 3560 3741
f 3644 3741 3738
f 3644 3738 3736
f 3557 3645 3644
f 3557 3644 3736
f 3557 3736 151
f 151 3736 263
f 3557 151 71
f 3557 71 3648
f 3648 71 3561
f 3557 3648 3645
f 4099 3736 3738
f 4099 3738 4103
f 4103 3738 3741
f 4099 4103 4469
f 4469 4103 4551
f 4469 4551 4909
f 3741 4106 4103
f 3742 3910 4053
f 3910 3651 3652
f 3651 3910 3742
f 3651 3742 20
f 20 3742 3561
f 20 3561 266
f 621 314 768
f 71 151 314
f 314 151 354
f 4551 4103 4106
f 4551 4106 4553
f 3656 4330 4326
f 3656 4326 3654
f 4330 3656 4240
f 4240 3656 3563
f 3563 3656 210
f 3563 210 268
f 4913 5596 5592
f 5592 4983 4913
f 4244 4913 4983
f 4913 4244 4336
f 4244 4983 4240
f 4336 4244 3746
f 4244 4240 3564
f 4244 3564 3746
f 3564 4240 3563
f 3746 3564 213
f 3746 213 75
f 3654 157 210
f 316 357 157
f 157 357 210
f 357 316 358
f 358 316 318
f 210 357 407
f 407 357 358
f 407 358 408
f 407 408 362
f 210 407 268
f 407 362 361
f 407 361 268
f 268 361 213
f 210 3656 3654
f 213 3564 3563
f 268 213 3563
f 6130 5594 6127
f 6130 6127 6679
f 5594 6130 5531
f 4919 4914 5531
f 4919 5531 5464
f 5464 5531 5968
f 5968 5531 6130
f 5968 6130 6364
f 6130 6679 6590
f 6130 6590 6364
f 6590 6679 6866
f 6590 6866 6364
f 6866 6679 7044
f 6364 6866 6683
f 6866 7044 6947
f 6866 6947 6683
f 6947 7044 7122
f 6683 6947 6682
f 4914 4919 4338
f 4914 4338 4334
f 4334 4338 3824
f 4334 3824 3662
f 3662 3824 161
f 161 3824 8
f 3662 161 212
f 161 8 362
f 161 362 212
f 212 362 408
f 362 8 216
f 362 216 361
f 361 216 269
f 361 269 75
f 361 75 213
f 6533 6682 6947
f 6774 6533 6947
f 6533 6774 6258
f 6533 6258 6043
f 6043 6258 5530
f 5530 6258 5596
f 5530 5596 4917
f 4917 5596 4913
f 4917 4913 4336
f 5898 5968 6364
f 6364 6683 6366
f 6366 6683 6592
f 6592 6683 6685
f 6685 6683 6682
f 6685 6682 6533
f 6685 6533 6535
f 6685 6535 6537
f 6685 6537 6687
f 6685 6687 6592
f 6687 6537 6539
f 6260 6366 6592
f 6366 6260 5901
f 6592 6687 6594
f 6592 6594 6260
f 6687 6539 6689
f 6687 6689 6594
f 6689 6539 6541
f 5901 6260 6262
f 6260 6594 6596
f 6596 6594 6689
f 6260 6596 6262
f 5901 6262 5903
f 6689 6541 6691
f 6689 6691 6596
f 6691 6541 6543
f 6262 6596 6598
f 6598 6596 6691
f 5903 6262 6264
f 6264 6262 6598
f 5903 6264 5905
f 6691 6543 6693
f 6691 6693 6598
f 6693 6543 6600
f 5905 6264 6266
f 6266 6264 6598
f 5905 6266 5907
f 5907 6266 5909
f 6693 6600 6868
f 6868 6600 6776
f 6602 6598 6693
f 6602 6693 6868
f 6598 6602 6266
f 6868 6776 7125
f 7125 6776 7193
f 6868 7125 7046
f 6868 7046 6602
f 6602 7046 6779
f 6602 6779 6266
f 6266 6779 6368
f 6364 6366 5898
f 5898 6366 5901
f 5898 5901 5393
f 5393 5901 5399
f 5898 5393 5390
f 5898 5390 5968
f 5968 5390 5464
f 5399 5901 5903
f 5399 5903 5405
f 5405 5903 5905
f 5405 5905 5408
f 5408 5905 5907
f 6533 6043 6535
f 6535 6043 6045
f 6535 6045 6047
f 6535 6047 6537
f 6537 6047 6049
f 6537 6049 6539
f 6539 6049 6051
f 6539 6051 6541
f 6541 6051 6053
f 6541 6053 6543
f 4923 4919 5464
f 4923 5464 5390
f 4919 4923 4339
f 4919 4339 4338
f 4338 4339 3747
f 4338 3747 3824
f 3747 4339 3750
f 3747 3750 165
f 165 3750 167
f 3750 4339 4252
f 4252 4339 4923
f 3750 4252 3666
f 4925 4923 5390
f 4923 4925 4252
f 4925 5390 5393
f 3666 4252 4258
f 4258 4252 4925
f 3666 4258 3670
f 4925 5393 4807
f 4925 4807 4258
f 4807 5393 5399
f 3670 4258 4262
f 4262 4258 4807
f 3670 4262 3575
f 4807 5399 4814
f 4807 4814 4262
f 4814 5399 5405
f 3575 4262 4264
f 4264 4262 4814
f 3575 4264 3577
f 3577 4264 4266
f 4264 4814 4816
f 4816 4814 5405
f 4264 4816 4266
f 4816 5405 5408
f 4266 4816 4818
f 4818 4816 5408
f 4818 5408 5410
f 5467 6045 6043
f 5467 6043 5530
f 5467 5530 4917
f 6045 5467 5469
f 6045 5469 6047
f 5467 4917 4921
f 4921 4917 4246
f 4246 4917 4336
f 4921 4246 4248
f 5467 4921 4799
f 4799 4921 4248
f 5467 4799 5469
f 4799 4248 4250
f 4799 4250 4801
f 4799 4801 5469
f 4801 4250 4254
f 5471 6047 5469
f 5471 5469 4801
f 6047 5471 6049
f 4801 4254 4803
f 4801 4803 5471
f 4803 4254 4256
f 6049 5471 5395
f 5395 5471 4803
f 6049 5395 6051
f 4803 4256 4805
f 4803 4805 5395
f 4805 4256 4260
f 6051 5395 5398
f 5398 5395 4805
f 6051 5398 6053
f 4805 4260 4809
f 4805 4809 5398
f 4809 4260 4342
f 4342 4260 3752
f 4809 4342 4811
f 6053 5398 5401
f 5401 5398 4809
f 5401 4809 4811
f 6053 5401 6055
f 5401 4811 5404
f 5401 5404 6055
f 5907 5909 5410
f 5410 5408 5907
f 5909 6266 6368
f 6543 6053 6055
f 6543 6055 6600
f 6600 6055 6056
f 6056 6055 5404
f 6600 6056 6776
f 6776 6056 6777
f 6777 6056 6132
f 6776 6777 7193
f 6056 5404 6132
f 4813 5406 5404
f 5406 4813 5402
f 5406 5402 6132
f 6132 5402 6131
f 5402 4813 4810
f 4810 4813 4343
f 4343 4813 4811
f 4810 4343 4341
f 4343 4811 4342
f 4341 4343 3753
f 3753 4343 4342
f 3753 4342 3752
f 4341 3753 3751
f 3751 3753 172
f 3751 172 170
f 5404 4811 4813
f 5404 5406 6132
f 7193 6777 6775
f 7193 6775 7123
f 7123 6775 6867
f 6867 6775 6599
f 7123 6867 7045
f 7045 6867 6601
f 7045 6601 6778
f 6867 6599 6692
f 6867 6692 6601
f 6601 6692 6597
f 6692 6599 6542
f 6597 6692 6690
f 6690 6692 6542
f 6597 6690 6595
f 6595 6690 6688
f 6595 6688 6593
f 6690 6542 6540
f 6690 6540 6688
f 6540 6542 6052
f 6052 6542 6054
f 6540 6052 6050
f 6540 6050 6538
f 6540 6538 6688
f 6538 6050 6048
f 6686 6593 6688
f 6686 6688 6538
f 6593 6686 6591
f 6538 6048 6536
f 6538 6536 6686
f 6536 6048 6046
f 6591 6686 6684
f 6684 6686 6536
f 6591 6684 6681
f 6681 6684 6680
f 6680 6684 6532
f 6536 6046 6534
f 6536 6534 6684
f 6684 6534 6532
f 6534 6046 6044
f 6532 6534 6042
f 6042 6534 6044
f 6777 6132 6131
f 6777 6131 6775
f 3824 3747 8
f 8 3747 77
f 77 3747 165
f 272 216 8
f 272 8 77
f 216 272 320
f 216 320 269
f 272 77 322
f 322 77 165
f 320 272 364
f 364 272 322
f 269 320 163
f 269 163 75
f 320 364 218
f 320 218 163
f 3664 3746 163
f 3664 163 3567
f 3567 163 218
f 3567 218 3569
f 3569 218 220
f 220 218 364
f 3569 220 3571
f 220 364 409
f 409 364 322
f 220 409 273
f 3573 3571 273
f 409 322 367
f 367 322 165
f 367 165 167
f 409 367 411
f 409 411 273
f 367 167 368
f 367 368 411
f 368 167 169
f 274 3573 273
f 274 273 411
f 3573 274 224
f 274 411 413
f 413 411 368
f 274 413 224
f 368 169 415
f 368 415 413
f 415 169 226
f 224 413 456
f 456 413 415
f 224 456 458
f 458 456 586
f 586 456 415
f 586 415 502
f 3750 3666 167
f 167 3666 169
f 169 3666 3670
f 169 3670 226
f 226 3670 3575
f 226 3575 275
f 275 3575 3577
f 226 275 415
f 415 275 502
f 3664 4336 3746
f 4336 3664 4246
f 4246 3664 3567
f 4246 3567 4248
f 4248 3567 3569
f 4248 3569 4250
f 4250 3569 3571
f 4250 3571 4254
f 4254 3571 3573
f 4254 3573 4256
f 4256 3573 3668
f 3668 3573 224
f 4260 3668 3752
f 3752 3668 171
f 171 3668 224
f 171 224 458
f 171 458 501
f 171 501 172
f 3746 75 163
f 3668 4260 4256
f 5402 6054 6131
f 6131 6054 6599
f 6131 6599 6775
f 6599 6054 6542
f 6054 5402 5400
f 5400 5402 4810
f 6054 5400 6052
f 5400 4810 4808
f 4808 4810 4341
f 4808 4341 4259
f 6052 5400 5396
f 6052 5396 6050
f 6050 5396 5394
f 5394 5396 4804
f 6050 5394 6048
f 5394 4804 4802
f 6048 5394 5470
f 5470 5394 4802
f 6048 5470 6046
f 5470 4802 4800
f 6046 5470 5468
f 5468 5470 4800
f 5468 4800 4798
f 6046 5468 6044
f 6044 5468 5466
f 6044 5466 6042
f 6042 5466 5528
f 5528 5466 4915
f 4915 5466 4920
f 3571 220 273
f 172 3753 3752
f 3752 171 172
f 4259 4341 3751
f 4259 3751 3667
f 3667 3751 170
f 172 501 170
f 170 501 457
f 170 457 223
f 170 223 3667
f 3667 223 3572
f 3572 223 222
f 3667 3572 4255
f 3572 222 221
f 4255 3572 4253
f 3572 221 3570
f 3572 3570 4253
f 3570 221 219
f 4253 3570 4249
f 3570 219 3568
f 3570 3568 4249
f 3568 219 217
f 4249 3568 4247
f 3568 217 3566
f 3568 3566 4247
f 3566 217 162
f 4247 3566 4245
f 4245 3566 3663
f 3663 3566 162
f 4245 3663 4335
f 4335 3663 3745
f 3745 3663 162
f 3745 162 74
f 7195 6872 6791
f 7197 6955 6872
f 6872 6955 6551
f 6872 6551 6549
f 6872 6549 6791
f 6791 6549 6466
f 6791 6466 6705
f 6705 6466 6282
f 6705 6282 6610
f 7048 7134 6705
f 7048 6705 6610
f 7048 6610 6874
f 6610 6282 6071
f 6874 6610 6472
f 6472 6610 6071
f 6470 6793 6472
f 6472 6071 5975
f 6472 5975 6470
f 6470 5975 5832
f 6470 5832 6280
f 6280 5832 6065
f 5832 5975 5614
f 5614 5975 6071
f 6065 5832 5612
f 6065 5612 5765
f 5832 5614 5194
f 5832 5194 5612
f 5614 6071 5698
f 5698 6071 6074
f 5614 5698 5281
f 5614 5281 5194
f 5698 6074 5701
f 5701 6074 5978
f 5281 5698 5282
f 5282 5698 5701
f 5282 5701 5284
f 5701 5978 5699
f 5284 5701 5416
f 5699 5978 5695
f 5699 5695 5416
f 5695 5978 5976
f 5416 5695 5484
f 5695 5976 5761
f 5695 5761 5484
f 5761 5976 6066
f 5484 5761 5485
f 5761 6066 6067
f 5485 5761 5762
f 5762 5761 6067
f 5485 5762 5486
f 5762 6067 6068
f 5486 5762 5763
f 5763 5762 6068
f 5763 6068 6072
f 5486 5763 5487
f 5763 6072 5834
f 5763 5834 5487
f 5487 5834 5616
f 7197 6872 7195
f 7326 7197 7195
f 7134 7326 7195
f 7134 7195 6791
f 7134 6791 6705
f 7326 7134 7325
f 7325 7134 7048
f 7325 7048 7200
f 7325 7200 7378
f 7200 7048 6874
f 7378 7200 7259
f 7259 7200 7050
f 7050 7200 6874
f 7259 7050 7137
f 7137 7050 6882
f 6882 7050 6793
f 6793 7050 6874
f 6793 6874 6472
f 7197 7328 7202
f 7197 7202 6955
f 6955 7202 6959
f 7328 7197 7326
f 7328 7326 7379
f 7328 7379 7380
f 7380 7379 7330
f 7330 7379 7382
f 7382 7379 7332
f 7332 7379 7378
f 7378 7379 7326
f 7378 7326 7325
f 6955 6959 6707
f 6955 6707 6551
f 6551 6707 6372
f 6551 6372 6286
f 6551 6286 6549
f 6372 6707 6474
f 6474 6707 6795
f 6372 6474 6293
f 6293 6474 6476
f 6293 6476 6480
f 6549 6286 6207
f 6549 6207 6466
f 6466 6207 6136
f 6466 6136 6282
f 6282 6136 6074
f 6282 6074 6071
f 7202 7204 6963
f 6963 7204 7208
f 7202 6963 6959
f 6959 6963 6795
f 6963 7208 6965
f 6795 6963 6711
f 6963 6965 6805
f 6963 6805 6711
f 6805 6965 6967
f 6711 6805 6480
f 6480 6805 6713
f 6711 6480 6476
f 7328 7204 7202
f 7204 7328 7380
f 7204 7380 7330
f 7330 7208 7204
f 6795 6707 6959
f 6967 6965 7208
f 7208 7330 7210
f 7210 7330 7382
f 7210 7382 7212
f 7210 7212 6894
f 7210 6894 6967
f 7208 7210 6967
f 6795 6711 6476
f 6476 6474 6795
f 6713 6805 6967
f 7378 7259 7207
f 7207 7259 7137
f 7378 7207 7332
f 7207 7137 7054
f 7054 7137 6882
f 7207 7054 6888
f 6888 7054 6886
f 6888 6886 6618
f 7207 6888 7056
f 7207 7056 7332
f 7332 7056 7139
f 7332 7139 7382
f 7382 7139 7212
f 5836 5616 5834
f 5836 5834 6078
f 5836 6078 6080
f 6078 5834 6072
f 6078 6072 6210
f 5616 5836 5618
f 5616 5618 5418
f 5616 5418 5358
f 5616 5358 5487
f 6210 6080 6078
f 6080 6210 6294
f 6294 6210 6374
f 6294 6374 6212
f 6212 6374 6302
f 6302 6374 6301
f 6374 6210 6288
f 6288 6210 6072
f 6374 6288 6287
f 6301 6374 6293
f 6293 6374 6287
f 6301 6293 6300
f 6293 6287 6290
f 5838 5836 6080
f 5836 5838 5618
f 5838 6080 6084
f 5838 6084 5840
f 5838 5840 5622
f 5622 5840 5842
f 5622 5842 5624
f 5838 5622 5620
f 5620 5622 5421
f 6288 6072 6068
f 6288 6068 6067
f 6288 6067 6287
f 6287 6067 6066
f 6287 6066 6208
f 6287 6208 6290
f 6208 6066 6207
f 6208 6207 6290
f 6290 6207 6206
f 6207 6066 5976
f 6207 5976 6136
f 6136 5976 5978
f 6136 5978 6074
f 5358 5486 5487
f 5618 5838 5620
f 5618 5620 5420
f 5420 5620 5421
f 5420 5418 5618
f 5418 5420 5298
f 5298 5420 5421
f 5418 5298 5358
f 5358 5298 5293
f 5298 5421 5360
f 5298 5360 5305
f 5486 5358 5293
f 5486 5293 5485
f 5485 5293 5292
f 5485 5292 5291
f 5485 5291 5484
f 5484 5291 5290
f 5484 5290 5416
f 5416 5290 5284
f 6080 6294 6212
f 6212 6084 6080
f 5842 5840 6084
f 5842 6084 6086
f 6086 6084 6212
f 5842 6086 5844
f 6086 6212 6302
f 5844 6086 6094
f 6094 6086 6302
f 5622 5624 5421
f 5421 5624 5360
f 5360 5624 5535
f 5535 5624 5842
f 5535 5842 5844
f 5360 5535 5305
f 5305 5535 5495
f 5305 5495 5312
f 5312 5495 5494
f 5312 5494 5311
f 5311 5494 5493
f 5311 5493 5310
f 5310 5493 5492
f 5310 5492 5314
f 5314 5492 5626
f 5314 5626 5316
f 6290 6286 6372
f 6286 6290 6206
f 6290 6372 6293
f 6286 6206 6207
f 6207 6206 6136
f 6293 6480 6380
f 6293 6380 6300
f 6380 6480 6713
f 6380 6713 6555
f 6380 6555 6300
f 6300 6555 6554
f 6300 6554 6218
f 6218 6554 6482
f 6218 6482 6140
f 6140 6482 6384
f 6140 6384 5988
f 6384 6482 6715
f 6715 6482 6893
f 6384 6715 6620
f 6384 6620 6386
f 6302 6301 6093
f 6302 6093 6094
f 6093 6301 6092
f 6092 6301 6216
f 6092 6216 5986
f 6301 6300 6216
f 6216 6300 6215
f 6218 6215 6300
f 6215 6218 6140
f 6882 6884 6886
f 6882 6886 7054
f 6886 6884 6807
f 6884 6882 6709
f 6709 6882 6793
f 6884 6709 6612
f 6884 6612 6803
f 6884 6803 6807
f 6807 6803 6617
f 6709 6793 6470
f 6709 6470 6280
f 6709 6280 6612
f 6612 6280 6371
f 6371 6280 6065
f 6371 6065 5980
f 5980 6065 5765
f 6807 6618 6886
f 6618 6807 6484
f 6484 6807 6617
f 6484 6617 6306
f 6484 6306 6142
f 6484 6142 6618
f 6618 6142 6386
f 6478 6803 6612
f 6612 6371 6478
f 6478 6617 6803
f 6617 6478 6383
f 6383 6478 6082
f 6617 6383 6306
f 6383 6082 5983
f 6306 6383 6096
f 6096 6383 5983
f 6096 5983 5773
f 5416 5701 5699
f 4941 5282 5284
f 4941 5284 5196
f 5282 4941 4939
f 5282 4939 5281
f 4941 5196 4843
f 4843 5196 4836
f 4836 5196 5133
f 4843 4836 4610
f 4483 4941 4610
f 4610 4836 4606
f 4941 4483 4479
f 4941 4479 4939
f 4836 5133 4837
f 4836 4837 4606
f 4837 5133 5134
f 4837 5134 5135
f 4606 4837 4607
f 4607 4837 4608
f 4939 4479 4842
f 4939 4842 5281
f 5281 4842 5194
f 4842 4479 4272
f 5194 4842 4477
f 4477 4842 4272
f 5194 4477 4561
f 4272 4479 4122
f 5194 4561 5127
f 5194 5127 5612
f 5612 5127 5414
f 5414 5127 5061
f 5061 5127 4721
f 4721 5127 4560
f 4560 5127 4561
f 4721 4560 4402
f 4402 4560 4118
f 4118 4560 4063
f 4063 4560 4561
f 4118 4063 3835
f 3835 4063 3501
f 3501 4063 3759
f 3501 3759 85
f 4063 4561 4115
f 4063 4115 3759
f 4115 4561 4119
f 4119 4561 4477
f 85 3759 3499
f 85 3499 285
f 285 3499 83
f 3499 3759 3923
f 3923 3759 4115
f 3499 3923 3672
f 3672 3923 3925
f 3925 3923 4115
f 3925 4115 4119
f 3925 4119 4065
f 4065 4119 4477
f 3925 4065 3761
f 4065 4477 4272
f 4065 4272 4015
f 4065 4015 3837
f 4015 4272 4122
f 4015 4122 3842
f 3842 4122 3843
f 3843 4122 4123
f 4123 4122 4479
f 4123 4479 4483
f 4123 4483 4351
f 3843 4123 4067
f 4067 4123 4351
f 3843 4067 3764
f 3764 4067 3765
f 4067 4351 4012
f 4012 4351 4273
f 4012 4273 4013
f 4012 4013 3674
f 4013 4273 4274
f 3674 4013 3584
f 4013 4274 3927
f 4013 3927 3584
f 3584 3927 3585
f 3927 4274 4180
f 3585 3927 3929
f 3929 3927 4180
f 3929 4180 4182
f 3929 4182 4125
f 5284 5290 5196
f 5196 5290 5133
f 5133 5290 5291
f 5133 5291 5134
f 5134 5291 5292
f 5134 5292 5293
f 5134 5293 5135
f 5135 5293 5294
f 5135 5294 5128
f 5135 5128 4830
f 5135 4830 4837
f 5128 5245 5129
f 5245 5128 5294
f 5198 5063 5245
f 5198 5245 5247
f 5198 5247 5137
f 5247 5245 5296
f 5296 5245 5294
f 5296 5294 5298
f 5298 5294 5293
f 5296 5298 5249
f 5296 5249 5200
f 5249 5298 5306
f 5306 5298 5305
f 5129 5245 5063
f 5129 5063 4838
f 4838 5063 4997
f 4838 4997 4844
f 4997 5063 5198
f 4844 4997 4846
f 4997 5198 5065
f 4997 5065 4846
f 5065 5198 5137
f 4846 5065 4848
f 4848 5065 5137
f 5129 4838 4832
f 4832 4838 4673
f 4832 4673 4602
f 5129 4832 4831
f 4831 4832 4602
f 5129 4831 5128
f 4831 4602 4601
f 5128 4831 4830
f 4830 4831 4601
f 4675 4838 4844
f 4838 4675 4673
f 4675 4844 4846
f 4673 4675 4485
f 4675 4846 4612
f 4675 4612 4485
f 4612 4846 4848
f 4485 4612 4492
f 4612 4848 4614
f 4612 4614 4492
f 4492 4614 4616
f 4492 4616 4494
f 5137 5247 5200
f 5200 5247 5296
f 5137 5200 5067
f 5067 5200 5069
f 5069 5200 5249
f 5069 5249 5139
f 5069 5139 4852
f 4852 5139 4854
f 4854 5139 4858
f 5139 5249 5306
f 4858 5139 5149
f 5149 5139 5306
f 5149 5306 5305
f 5149 5305 5148
f 5148 5305 5312
f 5148 5312 5147
f 5147 5312 5311
f 5147 5311 5146
f 5146 5311 5310
f 5146 5310 5145
f 5145 5310 5314
f 5145 5314 4945
f 4945 5314 5316
f 5145 4945 4943
f 4850 4848 5137
f 4850 5137 5067
f 4848 4850 4614
f 4614 4850 4616
f 4616 4850 4618
f 4618 4850 4852
f 4852 4850 5067
f 5067 5069 4852
f 4484 4602 4673
f 4673 4485 4484
f 4485 4492 4484
f 4484 4492 4416
f 4416 4492 4494
f 4484 4416 4408
f 4416 4494 4496
f 4408 4416 4355
f 4355 4416 4496
f 4408 4355 4407
f 4355 4496 4431
f 4407 4355 4419
f 4419 4355 4431
f 4419 4431 4430
f 4484 4601 4602
f 4601 4484 4408
f 4852 4854 4620
f 4620 4854 4858
f 4620 4858 4626
f 4626 4858 4862
f 4620 4626 4431
f 4620 4431 4496
f 4620 4496 4618
f 4618 4496 4494
f 4618 4494 4616
f 4431 4626 4430
f 4430 4626 4625
f 4625 4626 4862
f 4430 4625 4500
f 4625 4862 4624
f 4625 4624 4500
f 4624 4862 4861
f 4500 4624 4504
f 4624 4861 4679
f 4624 4679 4504
f 4504 4679 4503
f 4503 4679 4678
f 4503 4678 4563
f 4563 4678 4945
f 4945 4678 4943
f 4563 4945 4681
f 4620 4618 4852
f 4608 4830 4601
f 4830 4608 4837
f 4608 4601 4408
f 5312 5305 5304
f 5312 5304 5303
f 5312 5303 5311
f 5311 5303 5310
f 4406 4607 4608
f 4406 4608 4407
f 4407 4608 4408
f 4607 4406 4490
f 4490 4606 4607
f 4606 4490 4489
f 4489 4610 4606
f 4182 4180 4407
f 4407 4180 4406
f 4182 4407 4414
f 4414 4407 4419
f 4414 4419 4420
f 4414 4420 4353
f 4353 4420 4357
f 4357 4420 4359
f 4359 4420 4425
f 4425 4420 4419
f 4425 4419 4430
f 4407 4406 4413
f 4413 4406 4412
f 4412 4406 4490
f 4490 4406 4274
f 4274 4406 4180
f 4274 4273 4490
f 4490 4273 4489
f 4489 4273 4351
f 4489 4351 4483
f 3939 4131 3941
f 3941 4131 4133
f 3941 4133 3945
f 3945 4133 3947
f 3947 4133 4135
f 3941 3945 3690
f 3690 3945 3947
f 3690 3947 3694
f 3941 3690 3688
f 3690 3694 3451
f 3690 3451 3688
f 3688 3451 3449
f 3688 3939 3941
f 4353 4357 4131
f 4131 4357 4359
f 4131 4359 4133
f 4353 4131 4129
f 4353 4129 4125
f 4353 4125 4414
f 4414 4125 4182
f 4125 4129 3933
f 3933 4129 3939
f 3933 3939 3686
f 4125 3933 3929
f 3933 3686 3680
f 3933 3680 3929
f 3929 3680 3585
f 4129 4131 3939
f 3688 3686 3939
f 3688 3517 3686
f 3517 3688 3449
f 3517 3449 97
f 3686 3517 3680
f 3517 97 36
f 3517 36 3680
f 3680 36 3585
f 4135 4133 4359
f 4135 4359 4425
f 4135 4425 4186
f 4186 4425 4430
f 4135 4186 3957
f 4135 3957 3947
f 4186 4430 4185
f 4185 4430 4429
f 4185 4429 4278
f 4278 4429 4504
f 4278 4504 4277
f 4277 4504 4503
f 4277 4503 4361
f 4361 4503 4563
f 4429 4430 4424
f 4424 4430 4500
f 3443 3584 3585
f 36 3443 3585
f 3443 3674 3584
f 3674 3443 3489
f 41 3489 3443
f 41 3443 36
f 41 36 97
f 3449 3451 97
f 97 3451 51
f 97 51 41
f 3489 41 9
f 41 51 3457
f 41 3457 9
f 3457 51 3600
f 3457 3600 3696
f 9 3457 3456
f 3489 9 3515
f 9 3456 3447
f 9 3447 3515
f 3447 3456 3523
f 3515 3447 3587
f 3447 3523 3519
f 3447 3519 3587
f 3519 3523 3595
f 3587 3519 3682
f 3519 3595 3593
f 3519 3593 3682
f 3593 3595 3692
f 3682 3593 3685
f 3682 3685 3842
f 3685 3593 3589
f 3593 3692 3592
f 3593 3592 3589
f 3592 3692 3597
f 3589 3592 3514
f 3674 3489 3765
f 3765 3489 3515
f 3765 3515 3587
f 3674 3765 4012
f 4012 3765 4067
f 3587 3764 3765
f 51 3451 3694
f 51 3694 3601
f 51 3601 3600
f 3601 3694 3957
f 3957 3694 3947
f 4843 4610 4941
f 4610 4489 4483
f 5414 5765 5612
f 3587 3843 3764
f 3843 3587 3682
f 3682 3842 3843
f 3456 3696 3777
f 3456 3777 3523
f 3696 3456 3457
f 3776 3523 3777
f 3523 3776 3595
f 3595 3776 3692
f 3776 3777 4069
f 4069 3777 4024
f 3692 3776 3949
f 3949 3776 4069
f 3949 4069 4188
f 3692 3949 3597
f 3949 4188 3851
f 3949 3851 3597
f 3851 4188 4280
f 4280 4188 4681
f 3851 4280 3698
f 3851 3698 3597
f 3698 4280 4284
f 3698 4284 3779
f 3597 3698 49
f 3597 49 40
f 40 49 331
f 3698 3779 53
f 3698 53 49
f 53 3779 3455
f 53 3455 240
f 49 53 291
f 291 53 240
f 49 291 331
f 291 240 379
f 331 291 427
f 427 291 379
f 427 379 506
f 331 427 508
f 508 427 637
f 508 637 591
f 508 591 468
f 591 637 735
f 591 735 681
f 681 735 780
f 3842 3685 3767
f 3842 3767 4015
f 4015 3767 3837
f 3767 3685 3589
f 3767 3589 3678
f 3678 3589 3514
f 3767 3678 3837
f 3514 3592 40
f 3592 3597 40
f 4065 3837 3761
f 3925 3761 3672
f 3672 3761 3436
f 3436 3761 3503
f 3503 3761 3837
f 3503 3837 3505
f 3505 3837 3678
f 3505 3678 35
f 3503 3505 24
f 3503 24 3436
f 3436 24 81
f 3678 3514 35
f 35 3514 40
f 35 40 236
f 236 40 331
f 3505 87 24
f 24 87 230
f 230 87 287
f 24 230 81
f 81 230 281
f 230 287 464
f 281 230 425
f 425 230 464
f 281 425 462
f 462 425 552
f 552 425 464
f 552 464 504
f 504 464 375
f 35 87 3505
f 83 3672 3436
f 3436 81 83
f 83 81 283
f 283 81 281
f 83 283 285
f 283 281 421
f 285 283 424
f 424 283 421
f 424 421 550
f 35 232 87
f 232 35 377
f 35 236 377
f 377 236 331
f 377 331 508
f 377 508 468
f 377 468 232
f 232 468 375
f 232 375 87
f 87 375 287
f 83 3499 3672
f 373 285 424
f 285 373 85
f 85 373 289
f 85 289 3501
f 289 373 466
f 466 373 635
f 289 466 329
f 3501 289 89
f 89 289 234
f 3501 89 3583
f 3583 89 234
f 3501 3583 3835
f 3583 234 3445
f 6196 6134 5610
f 6196 5610 5608
f 6134 6196 6609
f 6134 6609 6469
f 5610 6134 5475
f 5475 6134 5913
f 5913 6134 6469
f 5610 5475 5053
f 5913 6469 6203
f 6203 6469 6614
f 6203 6614 6377
f 6377 6614 6304
f 6304 6614 6557
f 5610 5053 5051
f 5610 5051 5049
f 5051 5053 4594
f 5051 4594 4557
f 5049 5608 5610
f 5608 5049 5048
f 5608 5048 5607
f 4475 5049 4557
f 5048 5049 4474
f 4474 5049 4475
f 4474 4475 3920
f 3920 4475 3921
f 4474 3920 3917
f 4474 3917 4471
f 4474 4471 5048
f 4471 3917 3833
f 5047 5607 5048
f 5047 5048 4471
f 5607 5047 5604
f 4471 3833 4400
f 4471 4400 5047
f 4400 3833 3832
f 5604 5047 5043
f 5043 5047 4400
f 5604 5043 5602
f 5043 4400 4398
f 5602 5043 5041
f 5041 5043 4398
f 5602 5041 5693
f 5693 5041 5691
f 5691 5041 5039
f 5039 5041 4398
f 5691 5039 5690
f 5039 4398 4397
f 4397 4398 3829
f 5690 5039 5037
f 5037 5039 4397
f 5690 5037 5687
f 4397 3829 4394
f 4397 4394 5037
f 4394 3829 3827
f 5687 5037 4995
f 4995 5037 4394
f 5687 4995 5600
f 4394 3827 4347
f 4394 4347 4995
f 4995 4347 4994
f 4995 4994 5600
f 5600 4994 5533
f 5600 5533 6268
f 5533 4994 4937
f 4994 4347 4346
f 4994 4346 4937
f 4937 4346 4268
f 4346 4347 3757
f 4346 3757 3755
f 5607 6195 6196
f 5607 6196 5608
f 6196 6195 6609
f 6609 6195 6606
f 6606 6195 6605
f 6605 6195 6192
f 6192 6195 5607
f 6192 5607 5604
f 6192 5604 6190
f 6192 6190 6703
f 6190 5604 5602
f 6703 6190 6701
f 6190 5602 6278
f 6190 6278 6701
f 6701 6278 6700
f 6278 5602 5693
f 6700 6278 6276
f 6276 6278 5693
f 6276 5693 5691
f 6276 5691 6274
f 6274 5691 5690
f 6276 6274 6789
f 6274 5690 5687
f 6789 6274 6787
f 6274 5687 6272
f 6274 6272 6787
f 6272 5687 5600
f 6787 6272 6270
f 6787 6270 6870
f 5478 5475 5916
f 5916 5475 5913
f 5475 5478 5053
f 5053 5478 5056
f 5053 5056 4594
f 5056 5478 5057
f 5057 5478 5479
f 5056 5057 4598
f 4594 5056 4597
f 4597 5056 4598
f 4597 4598 4178
f 4597 4178 4177
f 4597 4177 4176
f 5051 4557 5049
f 6371 5980 6082
f 6371 6082 6478
f 6076 5980 5765
f 6138 6082 5980
f 6138 5980 6076
f 6138 6076 6378
f 6378 6076 6205
f 6076 5765 5831
f 6076 5831 6205
f 5831 5765 5414
f 6205 5831 5917
f 5831 5414 5412
f 5831 5412 5917
f 5412 5414 5061
f 5917 5412 5479
f 5412 5061 5059
f 5412 5059 5479
f 5479 5059 5057
f 5057 5059 4598
f 4598 5059 4671
f 4671 5059 4721
f 6138 5983 6082
f 5983 6138 6091
f 5983 6091 5773
f 6091 6138 6378
f 6091 6378 6222
f 6469 6609 6802
f 6469 6802 6614
f 6802 6609 6606
f 6614 6802 6624
f 6614 6624 6557
f 6802 6606 6801
f 6802 6801 6624
f 6801 6606 6800
f 6800 6606 6605
f 6801 6800 6721
f 6721 6800 6719
f 6801 6721 6623
f 6801 6623 6624
f 6624 6623 6318
f 6318 6623 6317
f 6317 6623 6314
f 6719 6800 6881
f 6881 6800 6605
f 6719 6881 6718
f 6881 6605 6703
f 6703 6605 6192
f 6718 6881 6880
f 6880 6881 6703
f 6718 6880 6813
f 6880 6703 6701
f 6813 6880 6876
f 6876 6880 6701
f 6876 6701 6700
f 6813 6876 6811
f 6876 6700 6961
f 6876 6961 6811
f 6961 6700 6789
f 6789 6700 6276
f 6961 6789 6958
f 6958 6789 6787
f 6958 6787 6870
f 6811 6961 6810
f 6810 6961 6958
f 6811 6810 6389
f 6811 6389 6390
f 6389 6810 6486
f 6486 6810 6892
f 6892 6810 6958
f 6486 6892 6488
f 6488 6892 6969
f 6892 6958 7052
f 6892 7052 6969
f 7052 6958 6870
f 6969 7052 7199
f 7052 6870 6953
f 7052 6953 7199
f 7199 6953 7322
f 7199 7322 7449
f 7449 7322 7557
f 7449 7557 7559
f 7557 7322 7320
f 7559 7557 7674
f 7557 7320 7554
f 7554 7320 7447
f 7674 7557 7672
f 7672 7557 7554
f 7674 7672 7707
f 7554 7447 7648
f 7648 7447 7513
f 7672 7554 7706
f 7706 7554 7648
f 7707 7672 7748
f 7748 7672 7706
f 7707 7748 7671
f 7707 7671 7673
f 7673 7671 7556
f 7673 7556 7558
f 7556 7671 7555
f 7555 7671 7705
f 7705 7671 7748
f 7748 7706 7747
f 7748 7747 7705
f 7747 7706 7788
f 7788 7706 7648
f 7705 7747 7787
f 7705 7787 7647
f 7647 7787 7745
f 7787 7747 7832
f 7832 7747 7788
f 7745 7787 7899
f 7899 7787 7832
f 7745 7899 7830
f 7746 7788 7648
f 7746 7648 7513
f 7746 7513 7587
f 7788 7746 7900
f 7788 7900 7832
f 7746 7587 7831
f 7746 7831 7900
f 7831 7587 7585
f 7832 7900 7917
f 7832 7917 7899
f 7900 7831 7965
f 7900 7965 7917
f 7831 7585 7829
f 7831 7829 7965
f 7829 7585 7583
f 7829 7583 7827
f 7829 7827 7963
f 7829 7963 7965
f 7963 7827 7961
f 8036 7917 7965
f 8036 7965 7963
f 7964 7899 7917
f 7964 7917 8036
f 7899 7964 7830
f 7963 7961 8035
f 7963 8035 8036
f 8035 7961 7997
f 8035 7997 7960
f 7830 7964 7828
f 8036 8035 7962
f 7962 8035 7960
f 8036 7962 7964
f 7964 7962 7828
f 7962 7960 7826
f 7962 7826 7828
f 7828 7826 7582
f 7828 7582 7584
f 6204 6203 6296
f 6296 6203 6377
f 6204 6296 6378
f 6204 6378 6205
f 6296 6377 6221
f 6296 6221 6378
f 6221 6377 6304
f 6378 6221 6222
f 6221 6304 5993
f 6222 6221 5994
f 5994 6221 5993
f 5916 6203 6204
f 5916 6204 6205
f 5916 6205 5917
f 5916 5917 5478
f 5478 5917 5479
f 6203 5916 5913
f 6557 6624 6318
f 6557 6318 6144
f 6144 6318 5723
f 5723 6318 6317
f 5723 6317 5722
f 6144 5723 5630
f 6144 5630 5541
f 6557 6144 5992
f 6557 5992 6304
f 6304 5992 5993
f 5993 5992 5541
f 5993 5541 5538
f 5993 5538 5539
f 5993 5539 5994
f 5994 5539 5497
f 5497 5539 5073
f 5994 5497 5847
f 5994 5847 6091
f 5994 6091 6222
f 6623 6721 6314
f 6313 6314 6721
f 6313 6721 6719
f 6313 6719 6312
f 6312 6719 6718
f 6312 6718 6311
f 5061 4721 5059
f 4598 4671 4349
f 4598 4349 4178
f 4721 4402 4349
f 4349 4402 4127
f 4349 4127 4017
f 4349 4017 4178
f 4178 4017 3937
f 3937 4017 3943
f 3943 4017 4019
f 3937 3943 3773
f 4594 4597 4176
f 4594 4176 4557
f 4557 4176 4009
f 4557 4009 4475
f 4475 4009 3921
f 4009 4176 3932
f 3932 4176 4177
f 3932 4177 3936
f 4009 3932 3677
f 4009 3677 3921
f 3677 3932 3772
f 3921 3677 3511
f 3677 3772 3521
f 3677 3521 3511
f 3511 3521 47
f 4349 4671 4721
f 4402 4118 4127
f 4127 4118 3841
f 3841 4118 3835
f 4127 3841 3769
f 3769 3841 3445
f 3937 4177 4178
f 4177 3937 3936
f 3936 3937 3773
f 3936 3773 3845
f 3936 3845 3932
f 3932 3845 3772
f 3772 3845 3850
f 3850 3845 3954
f 3954 3845 3773
f 3954 3773 3955
f 3835 3583 3841
f 3841 3583 3445
f 4127 4019 4017
f 3769 4019 4127
f 4019 3769 3847
f 4019 3847 4137
f 3847 3769 3455
f 3455 3769 3445
f 3455 3445 240
f 240 3445 234
f 3847 3455 3779
f 3847 3779 4139
f 3847 4139 4137
f 4137 4139 4433
f 4137 3943 4019
f 3943 4137 4021
f 3943 4021 3773
f 4021 4137 4282
f 4282 4137 4433
f 4282 4433 4683
f 4282 4683 4685
f 4282 4685 4192
f 4685 4683 5071
f 4192 4685 4632
f 4632 4685 5073
f 5073 4685 5071
f 4632 5073 5079
f 5079 5073 5539
f 5073 5071 5497
f 5497 5071 5424
f 5497 5424 5847
f 5847 5424 5773
f 5847 5773 6091
f 289 329 234
f 234 329 379
f 234 379 240
f 3510 3920 3921
f 3510 3921 3511
f 3510 3511 47
f 3920 3510 3509
f 3920 3509 3917
f 3509 3510 46
f 46 3510 47
f 3521 3603 47
f 47 3603 3527
f 47 3527 3526
f 47 3526 46
f 46 3526 3467
f 46 3467 43
f 46 43 3509
f 43 3467 3466
f 3509 43 101
f 101 43 3466
f 3509 101 3440
f 101 3466 3465
f 101 3465 100
f 101 100 3440
f 100 3465 57
f 3440 100 3438
f 3440 3438 3833
f 3833 3438 3832
f 3438 100 96
f 96 100 57
f 3438 96 32
f 32 96 30
f 96 57 3461
f 3461 57 3858
f 3461 3858 3853
f 96 3461 95
f 96 95 30
f 95 3461 3460
f 30 95 29
f 30 29 3757
f 3757 29 3755
f 3755 29 28
f 29 95 94
f 94 95 3460
f 29 94 28
f 94 3460 182
f 94 182 28
f 28 182 180
f 182 3460 55
f 180 182 238
f 238 182 55
f 238 55 103
f 103 55 3529
f 3850 3521 3772
f 3521 3850 3603
f 3603 3850 4141
f 3603 4141 4027
f 4027 4141 4634
f 4027 4634 4507
f 4507 4634 5081
f 5081 4634 5077
f 5081 5077 5541
f 5081 5541 5630
f 3773 4021 3955
f 3955 4021 4282
f 3955 4282 4192
f 3955 4192 4191
f 3955 4191 3954
f 4191 4192 4631
f 4631 4192 4632
f 4191 4631 4634
f 4191 4634 4141
f 4191 4141 3954
f 3954 4141 3850
f 3527 3603 4027
f 3527 4027 3963
f 3963 4027 4507
f 3963 4507 4512
f 3963 4512 4511
f 3527 3963 3962
f 3962 3963 4511
f 3527 3962 3526
f 3962 4511 4510
f 3526 3962 3959
f 3959 3962 4510
f 3526 3959 3467
f 3959 4510 4443
f 3467 3959 3861
f 3861 3959 4443
f 3467 3861 3466
f 3861 4443 4442
f 3466 3861 3860
f 3860 3861 4442
f 3466 3860 3465
f 3860 4442 4441
f 3465 3860 3859
f 3859 3860 4441
f 3465 3859 57
f 3859 4441 4440
f 57 3859 3858
f 3858 3859 4440
f 3858 4440 4439
f 3858 4439 3853
f 3853 4439 4194
f 4947 4723 4194
f 4194 4723 3783
f 3853 4194 3781
f 3781 4194 3783
f 3853 3781 3460
f 3853 3460 3461
f 3460 3781 55
f 55 3781 3529
f 3529 3781 3783
f 3529 3783 381
f 3529 381 103
f 103 381 510
f 103 510 238
f 238 510 558
f 510 381 685
f 510 685 784
f 784 685 882
f 3832 4398 4400
f 4398 3832 3829
f 3829 3832 32
f 32 3832 3438
f 3829 32 3827
f 3827 32 30
f 3827 30 3757
f 3827 3757 4347
f 3917 3509 3440
f 3917 3440 3833
f 7704 7827 7527
f 7961 7827 7704
f 7961 7704 7858
f 7961 7858 7916
f 7916 7858 7744
f 7961 7916 7997
f 7997 7916 7960
f 7960 7916 7857
f 7857 7916 7743
f 7857 7743 7621
f 7960 7857 7703
f 7960 7703 7826
f 7826 7703 7526
f 7826 7526 7582
f 7582 7526 6948
f 7582 6948 7127
f 7127 6948 5969
f 5969 6948 5910
f 5969 5910 5034
f 5034 5910 4986
f 5910 6948 6784
f 6784 6948 7444
f 7622 7858 7704
f 7858 7622 7744
f 7622 7704 7445
f 7445 7704 7527
f 7445 7527 6949
f 7583 7527 7827
f 6949 7527 7583
f 6785 7445 6949
f 6785 6949 5911
f 6949 7583 7128
f 7128 7583 7585
f 5911 6949 5970
f 5970 6949 7128
f 5911 5970 5035
f 5911 5035 4987
f 4987 5035 4057
f 5035 5970 4989
f 4989 5970 6060
f 6060 5970 7128
f 6060 7128 7130
f 7130 7128 7585
f 6060 7130 5971
f 7130 7585 7587
f 5971 7130 7132
f 7132 7130 7587
f 7443 7445 6785
f 7443 6785 6783
f 7443 6783 7441
f 7441 6783 6781
f 7443 7441 7618
f 7445 7443 7620
f 7620 7443 7618
f 7445 7620 7622
f 7620 7618 7702
f 7622 7620 7742
f 7742 7620 7702
f 7622 7742 7744
f 7742 7702 7784
f 7744 7742 7785
f 7785 7742 7784
f 7744 7785 7786
f 7786 7785 7743
f 7785 7784 7741
f 7785 7741 7743
f 7743 7741 7621
f 7741 7784 7701
f 7621 7741 7619
f 7619 7741 7701
f 7619 7701 7617
f 7553 7646 7702
f 7702 7646 7670
f 7702 7670 7784
f 7784 7670 7701
f 7701 7670 7645
f 7701 7645 7552
f 7701 7552 7617
f 7617 7552 7440
f 7440 7552 7373
f 7440 7373 6780
f 6780 7373 6694
f 7702 7618 7553
f 7511 7670 7646
f 7670 7511 7645
f 7511 7646 7484
f 7645 7511 7483
f 7511 7484 7193
f 7511 7193 7483
f 7193 7484 7125
f 7483 7193 7123
f 7125 7484 7046
f 7483 7123 7045
f 7418 7484 7646
f 7484 7418 7046
f 7418 7646 7553
f 7418 7553 7374
f 7046 7418 7126
f 7126 7418 7374
f 7046 7126 6779
f 7126 7374 6695
f 6779 7126 6368
f 7126 6695 6545
f 7126 6545 6368
f 6545 6695 6058
f 6545 6058 6368
f 6058 6695 5749
f 6368 6058 5909
f 5909 6058 5826
f 5909 5826 5410
f 6058 5749 5473
f 5410 5826 5473
f 5473 5749 4927
f 5410 5473 4820
f 4820 5473 4927
f 5410 4820 4818
f 4818 4820 4266
f 4820 4927 4170
f 4820 4170 4266
f 4170 4927 4172
f 4170 4172 22
f 4266 4170 3488
f 3488 4170 22
f 4266 3488 3577
f 3577 3488 275
f 3488 22 417
f 3488 417 275
f 417 22 546
f 275 417 502
f 417 546 672
f 417 672 502
f 672 546 836
f 502 672 586
f 672 836 834
f 672 834 586
f 834 836 1046
f 586 834 671
f 834 1046 959
f 834 959 671
f 959 1046 1182
f 671 959 670
f 959 1182 1009
f 959 1009 670
f 1009 1182 1231
f 1231 1182 1329
f 1231 1329 1378
f 1231 1378 1328
f 1231 1328 1181
f 1231 1181 1009
f 670 1009 958
f 958 1009 1181
f 670 958 673
f 958 1181 1045
f 673 958 833
f 833 958 1045
f 673 833 587
f 833 1045 835
f 587 833 723
f 723 833 835
f 587 723 544
f 723 835 545
f 544 723 416
f 416 723 545
f 544 416 323
f 416 545 21
f 323 416 3487
f 3487 416 21
f 323 3487 3576
f 3576 3487 4265
f 3487 21 4169
f 3487 4169 4265
f 4169 21 4171
f 4169 4171 4926
f 4265 4169 4819
f 4819 4169 4926
f 4265 4819 4817
f 4819 4926 5472
f 5472 4926 5748
f 4819 5472 5409
f 5409 5472 5825
f 5409 5825 5908
f 5472 5748 6057
f 6057 5748 6694
f 6057 6694 6544
f 6057 6544 6367
f 6544 6694 7124
f 6544 7124 6367
f 6367 7124 6778
f 7124 6694 7373
f 6778 7124 7045
f 7124 7373 7417
f 7124 7417 7045
f 7417 7373 7552
f 7045 7417 7483
f 7417 7552 7645
f 7417 7645 7483
f 7553 7618 7441
f 7553 7441 7374
f 7374 7441 6781
f 7374 6781 6695
f 6695 6781 5749
f 5749 6781 5751
f 5749 5751 4929
f 5749 4929 4927
f 7744 7786 7916
f 7916 7786 7743
f 7132 7587 7513
f 7132 7513 6951
f 7132 6951 5971
f 5971 6951 5828
f 6951 7513 7447
f 6951 7447 6697
f 6951 6697 5757
f 6697 7447 6547
f 6547 7447 7320
f 7703 7857 7621
f 7703 7621 7444
f 7703 7444 7526
f 7526 7444 6948
f 8145 7918 8037
f 8037 7918 7859
f 7918 8145 8038
f 8038 8145 8297
f 8038 8297 8194
f 7918 8038 7860
f 7859 7918 7707
f 7707 7918 7860
f 7859 7707 7673
f 7707 7860 7674
f 8037 8297 8145
f 8297 8454 8194
f 8194 8454 8299
f 8299 8454 8479
f 8479 8454 8298
f 8479 8298 8335
f 8299 8479 8336
f 8299 8336 8040
f 8479 8335 8417
f 8479 8417 8336
f 8417 8335 8300
f 8040 8336 8116
f 8417 8300 8302
f 8302 8300 8223
f 8336 8417 8301
f 8301 8417 8302
f 8116 8336 8118
f 8118 8336 8301
f 7864 7790 8116
f 7864 8116 7902
f 7902 8116 8118
f 7864 7902 7834
f 7834 7902 8042
f 8042 7902 8118
f 7834 8042 8075
f 8224 8118 8301
f 8118 8224 8042
f 8224 8301 8302
f 8075 8042 8253
f 8253 8042 8224
f 8075 8253 8339
f 8224 8302 8337
f 8224 8337 8253
f 8253 8337 8339
f 8337 8302 8223
f 8337 8223 8252
f 8252 8223 8041
f 8252 8041 8074
f 8337 8252 8338
f 8337 8338 8418
f 8337 8418 8339
f 8418 8338 8419
f 8418 8419 8339
f 8419 8338 8303
f 8339 8419 8304
f 8120 8075 8339
f 8120 8339 8304
f 8120 8304 8122
f 8120 8122 7754
f 8120 7754 7750
f 8454 8297 8193
f 8454 8193 8298
f 8298 8193 7966
f 8037 7861 8193
f 8193 7861 7966
f 7966 7861 7677
f 7966 7677 7708
f 8298 7966 8039
f 8039 7966 7708
f 8039 7708 7789
f 8039 7789 8115
f 8039 8115 8335
f 8037 8193 8297
f 8038 8194 7862
f 7862 8194 7967
f 7967 8194 8299
f 7967 8299 8040
f 7862 7967 7678
f 7862 7678 7676
f 7862 7676 7860
f 7678 7967 7709
f 7709 7967 8040
f 7678 7709 7561
f 7451 7676 7561
f 7676 7451 7449
f 7451 7561 7453
f 7453 7561 7709
f 7709 8040 7790
f 7709 7790 7453
f 7790 8040 8116
f 7453 7790 7529
f 7529 7790 7864
f 7860 8038 7862
f 8037 7859 7861
f 7674 7860 7676
f 7675 7859 7673
f 7675 7673 7558
f 7675 7558 7448
f 7675 7448 7450
f 7450 7448 7135
f 7675 7450 7560
f 7675 7560 7677
f 7675 7677 7861
f 7675 7861 7859
f 7555 7705 7647
f 7555 7647 7446
f 7446 7647 7512
f 7512 7647 7745
f 7555 7446 7319
f 7555 7319 7556
f 7446 7512 6950
f 6950 7512 7131
f 7446 6950 6696
f 6696 6950 5756
f 6696 5756 5684
f 7446 6696 6546
f 7446 6546 7319
f 7319 6546 6463
f 7319 6463 7321
f 7319 7321 7556
f 7556 7321 7448
f 7556 7448 7558
f 7448 7321 7135
f 7135 7321 6952
f 7586 7131 7512
f 7586 7512 7745
f 7131 7586 7129
f 7586 7745 7830
f 7129 7586 7584
f 7584 7586 7830
f 7584 7830 7828
f 7559 7674 7676
f 7676 7678 7561
f 7676 7449 7559
f 7449 7451 7199
f 6969 7199 7451
f 7451 7453 6969
f 6969 7453 6723
f 7864 7834 7624
f 7864 7624 7529
f 7624 7834 7750
f 7750 7834 8075
f 7624 7750 7334
f 7529 7624 7141
f 7141 7624 7334
f 7529 7141 6971
f 7334 7750 7754
f 6971 7141 5852
f 6971 5852 5776
f 7141 7334 5919
f 7141 5919 5852
f 5852 5919 4725
f 5852 4725 4691
f 5919 7334 7261
f 5919 7261 5921
f 5921 7261 7214
f 5921 7214 6100
f 7214 7261 7650
f 7261 7334 7713
f 7261 7713 7650
f 7713 7334 7754
f 7650 7713 7999
f 7713 7754 8122
f 7713 8122 7999
f 7999 8122 8196
f 8196 8122 8304
f 8196 8304 8254
f 8254 8304 8419
f 7453 7529 6723
f 6723 7529 6971
f 6723 6971 5776
f 5852 4691 5776
f 5776 4691 4689
f 6723 5776 5725
f 5725 5776 4689
f 6723 5725 6488
f 6488 5725 5632
f 5632 5725 4687
f 4687 5725 4689
f 5632 4687 4723
f 4723 4687 3783
f 3783 4687 3531
f 3531 4687 3469
f 3469 4687 4689
f 3469 4689 3471
f 3469 3471 561
f 561 3471 593
f 8335 8298 8039
f 8117 8300 8335
f 8300 8117 8223
f 8117 8335 8115
f 8223 8117 8041
f 8117 8115 7901
f 8117 7901 8041
f 7901 8115 7863
f 7863 8115 7789
f 7863 7789 7528
f 8041 7901 7833
f 7833 7901 7863
f 8041 7833 8074
f 8074 7833 7749
f 7833 7863 7623
f 7623 7863 7528
f 7833 7623 7749
f 7623 7528 7140
f 7140 7528 6970
f 7140 6970 5851
f 5851 6970 5775
f 7623 7140 7333
f 7623 7333 7749
f 7749 7333 7753
f 7749 7753 8119
f 7260 7333 5918
f 7753 7333 7711
f 7711 7333 7260
f 7711 7260 7649
f 7649 7260 7213
f 7711 7649 7998
f 7753 7711 8121
f 8121 7711 7998
f 7753 8121 8119
f 8121 7998 8195
f 8119 8121 8303
f 8303 8121 8195
f 8119 8303 8338
f 8303 8195 8254
f 8303 8254 8419
f 6060 5971 4991
f 6060 4991 4989
f 4991 5971 4935
f 4935 5971 5828
f 4989 4991 4005
f 4991 4935 4007
f 4991 4007 4005
f 4989 4005 4059
f 4989 4059 5035
f 5035 4059 4057
f 4059 4005 325
f 325 4005 4007
f 4059 325 279
f 325 4007 327
f 325 327 727
f 727 327 770
f 727 770 844
f 327 4007 3913
f 3913 4007 4935
f 770 327 371
f 371 327 3913
f 770 371 846
f 3913 4935 4822
f 4822 4935 5828
f 371 3913 3915
f 3915 3913 4822
f 846 371 419
f 419 371 3915
f 846 419 927
f 927 419 772
f 4822 5828 5757
f 5757 5828 6951
f 3915 4822 4824
f 4824 4822 5757
f 4824 5757 5685
f 5685 5757 6697
f 4824 5685 4826
f 4826 5685 5598
f 3915 4824 4061
f 4061 4824 4826
f 79 419 3915
f 79 3915 4061
f 419 79 461
f 461 79 3579
f 3579 79 4061
f 3579 4061 4268
f 4268 4061 4826
f 4268 4826 4937
f 4937 4826 5598
f 4937 5598 5533
f 5533 5598 6464
f 5755 5911 4987
f 5911 5755 6785
f 5755 4987 4933
f 4933 4987 4055
f 4055 4987 4057
f 4055 4057 277
f 4059 279 4057
f 4057 279 277
f 277 279 677
f 4055 277 228
f 4055 228 4113
f 4113 228 178
f 228 277 725
f 725 277 677
f 725 677 842
f 842 677 727
f 842 727 844
f 725 842 840
f 228 725 675
f 675 725 840
f 228 675 178
f 675 840 838
f 675 838 880
f 675 880 624
f 675 624 178
f 178 624 623
f 623 624 963
f 178 623 176
f 623 963 960
f 176 623 589
f 176 589 174
f 623 960 923
f 623 923 589
f 174 589 546
f 546 589 923
f 174 546 22
f 174 22 4172
f 174 4172 4109
f 546 923 836
f 836 923 1046
f 1159 923 960
f 923 1159 1046
f 1159 960 1183
f 1046 1159 1182
f 1182 1159 1329
f 4113 4933 4055
f 5755 5753 6783
f 6783 5753 6781
f 5755 6783 6785
f 5753 5755 4933
f 5753 4933 4931
f 5753 4931 5751
f 4931 4933 4113
f 5751 4931 4929
f 4929 4931 4111
f 4111 4931 4113
f 4929 4111 4109
f 4109 4111 174
f 174 4111 176
f 176 4111 4113
f 176 4113 178
f 279 325 727
f 727 677 279
f 5753 5751 6781
f 5473 5826 6058
f 4927 4929 4172
f 4109 4172 4929
f 6697 6547 5685
f 5685 6547 5598
f 5598 6547 6464
f 6718 6813 6311
f 6311 6813 6390
f 6311 6390 5714
f 6311 5714 5715
f 6311 5715 6312
f 6312 5715 5716
f 6312 5716 6313
f 6813 6811 6390
f 6268 6870 6270
f 6268 6270 5600
f 6870 6268 6953
f 6953 6268 6464
f 6464 6268 5533
f 6953 6464 7322
f 7322 6464 7320
f 5600 6270 6272
f 4346 3755 4268
f 4268 3755 3579
f 3579 3755 28
f 3579 28 180
f 3579 180 461
f 461 180 558
f 558 180 238
f 461 558 800
f 461 800 772
f 461 772 419
f 6464 6547 7320
f 6969 6723 6488
f 7411 7367 7436
f 7367 7411 7250
f 7367 7250 7177
f 7436 7367 7407
f 7250 7411 7415
f 7250 7415 7179
f 7415 7411 7438
f 7438 7411 7436
f 7436 7407 7365
f 7438 7436 7413
f 7436 7365 7409
f 7436 7409 7413
f 7177 6936 7367
f 6936 7177 6664
f 7367 6936 7097
f 7367 7097 7175
f 7367 7175 7407
f 7097 6936 6662
f 7175 7097 6763
f 6763 7097 6662
f 6662 6936 6519
f 7175 6763 6764
f 6519 6936 6518
f 6763 6662 6243
f 6243 6662 6519
f 6763 6243 6520
f 6763 6520 6764
f 7175 6764 7098
f 7365 7407 7098
f 7365 7098 6761
f 7098 6764 6516
f 7098 6516 6761
f 6764 6520 6167
f 6764 6167 6516
f 6167 6520 5880
f 5880 6520 6243
f 6761 6516 6168
f 6761 6168 6348
f 6348 6168 5573
f 5573 6168 5457
f 5573 5457 4894
f 6168 6516 5953
f 6168 5953 5457
f 5953 6516 5744
f 5744 6516 6167
f 5457 5953 5342
f 5457 5342 4789
f 5953 5744 5227
f 5953 5227 5342
f 5744 6167 5456
f 4789 5342 4714
f 4789 4714 4164
f 5342 5227 4655
f 5342 4655 4714
f 5227 5744 4968
f 4968 5744 5456
f 5456 6167 5880
f 5227 4968 4382
f 5227 4382 4655
f 4968 5456 4892
f 5456 5880 5344
f 5456 5344 4892
f 4968 4892 4230
f 4968 4230 4382
f 4892 5344 4716
s 0
f 4655 4382 3718
s 1
f 4230 4892 4095
f 4095 4892 4716
s 0
f 4382 4230 3492
f 4382 3492 3718
f 4230 4095 1
f 4230 1 3492
f 4655 3718 3993
f 4655 3993 4714
f 3718 3492 397
f 4714 3993 4094
s 1
f 4714 4094 4164
s 0
f 3993 3718 344
f 344 3718 397
f 4094 3993 131
f 131 3993 344
s 1
f 4164 4094 3481
s 0
f 3481 4094 131
s 1
f 4164 3481 3493
s 0
f 487 397 3492
f 487 3492 1
s 1
f 3493 3481 448
s 0
f 3481 131 581
f 3481 581 448
s 1
f 3493 448 396
s 0
f 581 131 708
f 708 131 344
f 448 581 952
f 708 344 828
f 828 344 397
f 581 708 1107
f 581 1107 952
f 708 828 1216
f 708 1216 1107
f 828 397 908
f 908 397 487
f 1216 828 1321
f 1321 828 908
s 1
f 908 487 955
s 0
f 1321 908 1369
s 1
f 1369 908 955
s 0
f 1216 1321 1671
f 1617 1107 1216
f 1617 1216 1671
f 1107 1617 1456
f 1107 1456 952
f 1321 1369 1775
f 1321 1775 1671
s 1
f 1775 1369 1806
f 1806 1369 1416
f 1416 1369 955
f 1775 1806 2076
f 1416 955 999
f 999 955 582
f 1775 2076 2008
f 1775 2008 1671
f 2008 2076 2360
f 1671 2008 1930
s 0
f 1671 1930 1617
s 1
f 2008 2360 2209
f 2008 2209 1930
f 2209 2360 2409
s 0
f 1617 1930 1875
f 1617 1875 1456
s 1
f 1930 2209 2077
s 0
f 1930 2077 1875
s 1
f 2209 2409 2320
f 2320 2409 2322
f 2077 2209 2129
f 2129 2209 2320
s 0
f 1875 2077 2006
s 1
f 2006 2077 2129
s 0
f 1773 1456 1875
f 1773 1875 2006
f 1456 1773 1366
f 1456 1366 952
f 1773 2006 1961
s 1
f 1961 2006 2129
s 0
f 1366 1773 1734
f 1734 1773 1961
f 952 1366 907
f 952 907 448
s 1
f 448 907 396
s 0
f 907 1366 1268
f 1268 1366 1734
s 1
f 396 907 826
f 826 907 1268
f 396 826 257
f 396 257 3635
f 257 826 710
f 710 826 1267
f 1267 826 1268
f 710 1267 1218
s 0
f 1736 1268 1734
s 1
f 1268 1736 1267
f 1218 1267 1803
f 1803 1267 1736
f 1218 1803 1807
s 0
f 1736 1734 1918
f 1918 1734 1961
s 1
f 1803 1736 1981
f 1981 1736 1918
f 1807 1803 2034
f 2034 1803 1981
f 1807 2034 2106
f 2106 2034 2210
f 2210 2034 1981
f 1918 1961 2105
f 1918 2105 1981
f 1981 2105 2210
f 2105 1961 2129
f 2210 2105 2320
f 2320 2105 2129
f 6347 6519 6518
f 6347 6518 5805
f 6519 6347 6171
f 6171 6347 5805
f 6519 6171 6243
f 6243 6171 5880
f 5880 6171 5808
f 5808 6171 5805
f 5880 5808 5344
f 5882 5805 6518
f 5344 5808 5273
f 5273 5808 5805
f 5344 5273 4716
f 5955 5882 6664
f 5882 5955 5228
f 5805 5882 5276
f 5276 5882 5228
f 5805 5276 5273
f 5276 5228 4587
f 5276 4587 4656
f 5276 4656 5273
f 5273 4656 4716
f 4716 4656 4040
f 4040 4656 3893
f 4716 4040 4095
f 4040 3893 132
f 4095 4040 66
f 66 4040 132
f 4095 66 1
f 66 132 582
f 1 66 529
f 529 66 582
f 1 529 487
f 529 582 955
f 529 955 487
f 7177 7250 6767
f 7177 6767 6664
f 6664 6767 5957
f 5957 6767 6666
f 5957 6666 5959
f 6664 5957 5955
f 5955 5957 5230
f 5955 5230 5228
f 7250 7179 6767
f 6767 7179 6666
f 6666 7179 6583
f 6583 7179 7105
f 7105 7179 7415
f 7105 7415 7307
f 6666 6583 5884
f 6666 5884 5959
f 5959 5884 5234
f 7438 7307 7415
f 7307 7438 7369
f 7369 7438 7308
f 7308 7438 7413
f 7308 7413 7029
f 7029 7413 7103
f 7103 7413 7409
f 7103 7409 7101
f 7029 7103 6441
f 7029 6441 6351
f 6351 6441 5577
f 6351 5577 5579
f 7029 6351 6245
f 7031 7308 7029
f 7308 7031 7311
f 7311 7031 7252
f 6843 7031 6245
f 7031 6843 7252
f 7252 6843 7181
f 6843 6245 6173
f 7181 6843 6668
f 6668 6843 6173
f 6668 6173 6036
f 6936 6664 6518
f 6518 6664 5882
f 7407 7175 7098
f 7105 7107 6585
f 6585 7107 6524
f 6585 6524 5809
f 7105 6585 6583
f 6585 5809 5886
f 6585 5886 6583
f 6583 5886 5884
f 7307 7107 7105
f 7033 6524 7107
f 7107 7307 7313
f 7107 7313 7033
f 7313 7307 7371
f 7371 7307 7369
f 7371 7369 7311
f 7311 7369 7308
f 7371 7311 7315
f 7371 7315 7313
f 7315 7311 7252
f 7254 7033 7313
f 7254 7313 7315
f 7033 7254 6942
f 6942 7254 7256
f 7256 7254 7317
f 7317 7254 7315
f 7317 7315 7252
f 7317 7252 7181
f 5678 5809 6524
f 5678 6524 6353
f 5809 5678 5116
f 5678 6353 5581
f 5809 5116 5185
f 5185 5116 4544
f 5809 5185 5886
f 5581 6353 6247
f 5678 5581 5118
f 5886 5185 5236
f 5236 5185 4544
f 5886 5236 5884
f 5236 4544 4542
f 5581 6247 5583
f 5583 6247 6175
f 5581 5583 5026
f 5581 5026 5118
f 5118 5026 4464
f 5118 4464 4548
f 5234 5884 5236
f 5234 5236 4540
f 4540 5236 4542
f 4540 4542 3896
f 3896 4542 4546
f 5234 4540 4538
f 4538 4540 3896
f 5234 4538 5232
f 5234 5232 5959
f 5959 5232 5957
f 5957 5232 5230
f 5232 4538 4536
f 5232 4536 5230
f 4536 4538 3896
f 5230 4536 4534
f 4534 4536 3810
f 3810 4536 3896
f 3810 3896 136
f 3810 136 201
f 3810 201 3894
f 201 136 608
f 201 608 606
f 201 606 584
f 201 584 134
f 134 584 132
f 132 584 582
f 582 584 1001
f 1001 584 606
f 1001 606 1035
f 1035 606 608
f 1001 1035 1418
f 1876 1838 1418
f 1876 1418 1458
f 1458 1418 1035
f 1876 1458 1840
f 1840 1458 1460
f 1460 1458 1035
f 1840 1460 1778
f 1778 1460 1370
f 1460 1035 1037
f 1460 1037 1370
f 1037 1035 608
f 1370 1037 910
f 1370 910 1108
f 910 1037 793
f 793 1037 608
f 793 608 713
f 793 713 829
f 6524 7033 6353
f 6353 7033 6942
f 6353 6942 6247
f 7256 7185 6942
f 6942 7185 6845
f 6942 6845 6247
f 6845 7185 7111
f 6845 7111 6769
f 6845 6769 6247
f 6247 6769 6175
f 4534 5228 5230
f 5228 4534 4587
f 4587 4534 3894
f 3894 4534 3810
f 4587 3894 3893
f 4587 3893 4656
f 3893 3894 134
f 134 3894 201
f 3893 134 132
f 5118 5116 5678
f 5116 5118 4548
f 4546 4544 5116
f 4548 4546 5116
f 4546 4548 3996
f 3996 4548 3898
f 3996 3898 68
f 7409 7365 7027
f 7027 7365 6761
f 7409 7027 7101
f 7027 6761 6348
f 7101 7027 6439
f 6439 7027 6348
f 6441 7103 7101
f 7101 6439 6441
f 6245 7031 7029
f 5575 6439 6348
f 5575 6348 5573
f 6439 5575 5577
f 6439 5577 6441
f 5577 5575 4898
f 5577 4898 5579
f 5575 5573 4896
f 5575 4896 4898
f 4896 5573 4894
f 4896 4894 4301
f 4898 4896 4303
f 4303 4896 4301
f 4898 4303 4383
f 4303 4301 3719
f 4303 3719 4383
f 4383 3719 3721
f 3721 3719 199
f 3721 199 203
f 203 199 656
f 203 656 658
f 658 656 1221
f 1221 656 1219
f 1219 656 710
f 1219 710 1218
f 1221 1219 1811
f 1811 1219 1809
f 7256 7317 7183
f 7111 7185 7183
f 7111 7183 7109
f 7183 7317 7035
f 7183 7035 7109
f 7035 7317 7181
f 7109 7035 6938
f 7035 7181 6526
f 7035 6526 6938
f 6938 6526 6443
f 6443 6526 5961
f 6443 5961 5888
f 6668 6526 7181
f 5579 6245 6351
f 5514 6173 6245
f 5514 6245 5512
f 6173 5514 5516
f 6173 5516 6036
f 5514 5512 4900
f 5514 4900 5384
f 5888 5961 5384
f 5888 5384 5345
f 5345 5384 4749
f 5384 4900 4790
f 5384 4790 4749
f 4790 4900 4307
f 4749 4790 4309
f 4309 4790 4307
f 4309 4307 4042
f 5579 5512 6245
f 5512 5579 4900
f 4900 5579 4898
f 5961 6526 6668
f 6036 5961 6668
f 5961 6036 5384
f 5457 4789 4894
f 4894 4789 4164
f 4894 4164 4301
f 4301 4164 3493
f 4301 3493 3635
f 3635 3493 396
f 4301 3635 3719
f 3719 3635 257
f 3719 257 199
f 5384 5516 5514
f 5516 5384 6036
f 6938 7186 7109
f 7109 7186 7111
f 6938 6940 7186
f 7186 6940 6944
f 7186 6944 7189
f 7186 7189 7113
f 7186 7113 7111
f 7111 7113 6847
f 6847 7113 6851
f 6851 7113 7191
f 7191 7113 7189
f 7191 7189 7115
f 6528 6940 6938
f 6528 6938 6443
f 6528 6443 5888
f 6528 5888 5890
f 6528 5890 5892
f 5892 5890 5349
f 5890 5888 5345
f 5890 5345 5347
f 5347 5345 4749
f 5347 4749 4792
f 4792 4749 4309
f 4792 4309 4311
f 4311 4309 4096
f 4096 4309 4042
f 5890 5347 5349
f 5349 5347 4792
f 5349 4792 4751
f 4751 4792 4313
f 4313 4792 4311
f 5349 4751 5277
f 5349 5277 5892
f 5277 4751 4718
f 4718 4751 4313
f 4313 4311 4096
f 4718 4313 4231
f 5892 5277 5811
f 4231 4313 4044
f 4044 4313 4096
f 4231 4044 4000
f 4000 4044 3900
f 5892 5811 6445
f 5892 6445 6528
f 5811 5277 5813
f 5811 5813 6445
f 6445 5813 6447
f 3900 4044 3815
f 3998 4044 4096
f 4044 3998 3815
f 3998 4096 4042
f 3998 4042 3812
f 3998 3812 3815
f 3815 3812 3639
f 3639 3812 3548
f 3641 3900 3815
f 3641 3815 3639
f 3641 3639 3550
f 3 3550 3548
f 3641 3550 3818
f 3818 3550 3
f 3641 3818 3902
f 3818 3 307
f 3818 307 3496
f 5815 6447 5813
f 6447 5815 6449
f 6449 5815 5817
f 5815 5813 5189
f 5189 5813 5187
f 5817 5815 5238
f 5189 5187 4658
f 5817 5238 5240
f 5189 4658 4589
f 4589 4658 4165
f 5240 5238 4591
f 4591 5238 4589
f 5240 4591 4660
f 4660 4591 4100
f 4100 4591 4048
f 4589 4165 4046
f 4589 4046 4591
f 4591 4046 4048
f 4046 4165 3552
f 4048 4046 3554
f 3554 4046 3552
f 6940 6528 6445
f 6445 6944 6940
f 6944 6445 6447
f 5277 5187 5813
f 5187 5277 4658
f 4658 5277 4718
f 4658 4718 4165
f 4165 4718 4231
f 7183 7185 7256
f 6769 7111 6847
f 6769 6847 6177
f 6769 6177 6175
f 6177 6847 6121
f 6121 6847 6851
f 6177 6121 5460
f 6175 6177 5518
f 5518 6177 5460
f 5518 5460 4902
f 6175 5518 5583
f 5583 5518 5028
f 5583 5028 5026
f 5026 5028 4466
f 4466 5028 4385
f 5026 4466 4464
f 4464 4466 3898
f 6851 7191 6670
f 6851 6670 6121
f 6670 7191 7037
f 6121 6670 6038
f 6670 7037 6530
f 6670 6530 6038
f 6530 7037 6855
f 6038 6530 5896
f 6121 6038 5386
f 6121 5386 5460
f 5460 5386 4794
f 5460 4794 4906
f 4906 4794 4321
f 4321 4794 4323
f 5460 4906 4904
f 4904 4906 4321
f 4321 4323 3731
f 5460 4904 4902
f 3731 4323 3733
f 3733 4323 3904
f 3731 3733 207
f 3733 3904 146
f 3733 146 207
f 207 146 453
f 207 453 536
f 4317 4902 4904
f 4317 4904 4319
f 4317 4319 3729
f 4317 3729 3820
f 3820 3729 142
f 142 3729 144
f 5028 5518 4902
f 5028 4902 4385
f 4385 4902 4315
f 4385 4315 3727
f 4385 3727 3725
f 3725 3727 140
f 3725 140 3814
f 3725 3814 4466
f 140 3727 205
f 140 205 401
f 449 205 142
f 205 449 401
f 401 449 534
f 399 138 401
f 399 401 489
f 489 401 610
f 610 401 534
f 610 534 612
f 612 534 451
f 491 451 142
f 451 491 612
f 491 142 144
f 491 144 493
f 491 493 666
f 666 493 668
f 491 666 760
f 612 491 664
f 664 491 760
f 612 664 662
f 662 664 829
f 829 664 760
f 829 760 1039
f 7115 7037 7191
f 7189 6944 7115
f 7115 6944 6849
f 6849 6944 6355
f 6355 6944 6449
f 6849 6355 6587
f 6587 6355 6179
f 6355 6449 5817
f 6179 6355 5746
f 5746 6355 5817
f 5746 5817 5240
f 5746 5240 5242
f 7115 6855 7037
f 6181 6530 6855
f 6181 6855 6453
f 6453 6855 6451
f 6855 7115 6853
f 6855 6853 6451
f 6853 7115 6849
f 6853 6849 6587
f 6853 6587 6451
f 6451 6587 6249
f 6249 6587 5963
f 5963 6587 6179
f 5963 6179 5680
f 5680 6179 5746
f 5963 5680 5520
f 5680 5746 5191
f 5680 5191 5520
f 5191 5746 5242
f 5520 5191 5120
f 5120 5191 4662
f 5191 5242 4663
f 4662 5191 4666
f 4666 5191 4663
f 4666 4663 4237
f 4237 4663 4167
f 6530 6181 5819
f 6530 5819 5896
f 6859 6359 6185
f 6859 6185 6672
f 6185 6359 5585
f 5585 6359 5682
f 5585 5682 5030
f 5682 6359 5587
f 5587 6359 6361
f 5587 6361 6255
f 5587 6255 5591
f 5587 5591 4978
f 4978 5591 4982
f 5587 4978 4970
f 6361 6359 6859
f 6361 6859 6861
f 6361 6861 6255
f 6861 6859 7117
f 6255 6861 6863
f 6863 6861 7119
f 7119 6861 7117
f 6863 7119 7121
f 7119 7117 7041
f 7119 7041 7121
f 7041 7117 7039
f 7121 7041 7043
f 6859 6672 6857
f 6857 7117 6859
f 5965 6185 5585
f 5965 5585 5462
f 6185 5965 6253
f 6185 6253 6672
f 6672 6253 6857
f 6857 6253 6459
f 6857 6459 6771
f 6771 6459 6357
f 6771 6357 6460
f 6460 6357 6187
f 6460 6187 6040
f 6040 6187 5823
f 6040 5823 5524
f 5524 5823 5388
f 5524 5388 4972
f 4972 5388 4971
f 4972 4971 4391
f 4391 4971 4554
f 4972 4391 4327
f 4391 4554 4105
f 4327 4391 3908
f 3908 4391 4105
f 3908 4105 3740
f 3908 3740 3484
f 3484 3740 3559
f 3484 3559 153
f 153 3559 152
f 153 152 317
f 317 152 315
f 152 3559 3558
f 315 152 156
f 152 3558 3483
f 152 3483 156
f 3483 3558 3739
f 3483 3739 4104
f 156 3483 3906
f 3906 3483 4104
f 156 3906 3653
f 3653 3906 4325
f 3906 4104 4389
f 3906 4389 4325
f 4389 4104 4552
f 4389 4552 5031
f 4325 4389 5030
f 5030 4389 5031
f 4325 5030 4970
f 4970 5030 5682
f 5030 5031 5462
f 5030 5462 5585
f 7117 6857 7039
f 7039 6857 6771
f 7039 6771 6674
f 6674 6771 6460
f 6674 6460 6040
f 6674 6040 6123
f 6123 6040 5526
f 5526 6040 5524
f 6038 5896 5351
f 5351 5896 5352
f 6038 5351 5386
f 5386 5351 4796
f 4796 5351 4908
f 5386 4796 4794
f 4796 4908 4468
f 4794 4796 4323
f 4796 4468 4387
f 4796 4387 4323
f 4323 4387 3904
f 5896 5819 5352
f 5351 5352 4908
f 5587 4970 5682
f 4329 4970 4978
f 4970 4329 4325
f 4329 4978 4982
f 4329 4982 4239
f 3565 3562 4239
f 3565 4239 4243
f 4243 4239 4982
f 4243 4982 4912
f 4243 4912 4335
f 4912 4982 5591
f 4912 5591 5595
f 6183 6253 5965
f 6253 6183 6457
f 6253 6457 6459
f 6459 6457 6357
f 6457 6183 6453
f 6453 6183 6181
f 6357 6457 6454
f 6454 6457 6453
f 6357 6454 6187
f 6454 6453 6451
f 6187 6454 6251
f 6251 6454 6451
f 6251 6451 6249
f 5965 5821 6183
f 6183 5821 6181
f 5821 5965 5462
f 6181 5821 5819
f 5821 5462 5355
f 5821 5355 5819
f 5819 5355 5352
f 5355 5462 5031
f 5355 5031 4910
f 4910 5031 4552
f 5355 4910 5352
f 4910 4552 4550
f 5352 4910 4908
f 4908 4910 4550
f 4908 4550 4468
f 4468 4550 4102
f 4468 4102 4098
f 6944 6447 6449
f 7039 6674 6676
f 6676 6674 6125
f 7039 6676 7041
f 7041 6676 7043
f 6674 6123 6125
f 6678 6676 6125
f 6678 6125 6128
f 6125 6123 5589
f 6125 5589 6128
f 5589 6123 5526
f 6128 5589 5593
f 5589 5526 4981
f 5589 4981 5593
f 4981 5526 4977
f 5593 4981 4984
f 4981 4977 4331
f 4981 4331 4984
f 4331 4977 4327
f 4984 4331 4242
f 7043 6676 6678
f 6249 5963 5894
f 5894 5963 5522
f 6249 5894 6251
f 6251 5894 5823
f 6251 5823 6187
f 5963 5520 5522
f 5522 5520 5120
f 5823 5894 5522
f 5823 5522 5388
f 5522 5120 5122
f 5522 5122 5388
f 5122 5120 4662
f 5388 5122 4971
f 5122 4662 4668
f 5122 4668 4971
f 4668 4662 4233
f 4971 4668 4554
f 4668 4233 4235
f 4668 4235 4554
f 5815 5189 5238
f 5238 5189 4589
f 5242 5240 4660
f 5242 4660 4663
f 4977 5526 5524
f 5524 4972 4977
f 4542 4544 4546
f 3896 4546 3996
f 4548 4464 3898
f 4466 4385 3725
f 3814 3898 4466
f 3898 3814 138
f 3898 138 68
f 68 138 399
f 4315 4902 4317
f 4315 4317 3820
f 4315 3820 3727
f 3727 3820 142
f 3727 142 205
f 3896 3996 2
f 2 136 3896
f 136 2 345
f 136 345 608
f 68 2 3996
f 2 68 347
f 2 347 345
f 345 347 532
f 140 138 3814
f 138 140 401
f 68 399 347
f 451 449 142
f 449 451 534
f 3731 3729 4319
f 3729 3731 144
f 3731 4319 4321
f 4321 4319 4904
f 144 3731 207
f 144 207 493
f 493 207 536
f 493 536 668
f 4900 4898 4305
f 4305 4898 4383
f 4305 4383 3721
f 4305 3721 3637
f 3637 3721 203
f 3723 3994 3637
f 3723 3637 3548
f 3548 3637 3494
f 3548 3494 3
f 3637 203 259
f 3637 259 3494
f 259 203 658
f 259 658 660
f 259 660 757
f 259 757 403
f 403 757 614
f 3494 259 4
f 4 259 403
f 4 403 349
f 4 349 307
f 4 307 3
f 4900 4305 4307
f 4307 4305 3994
f 3994 4305 3637
f 4387 4468 4098
f 4387 4098 3904
f 3904 4098 3482
f 3482 4098 3735
f 3482 3735 261
f 4104 4102 4550
f 4104 4550 4552
f 4102 4104 3739
f 4102 3739 3737
f 4102 3737 4098
f 4098 3737 3735
f 4325 4329 3655
f 3655 4329 4239
f 4325 3655 3653
f 3655 4239 3562
f 3653 3655 209
f 209 3655 3562
f 3653 209 156
f 209 3562 267
f 6255 6257 5591
f 5591 6257 5595
f 6257 6255 6773
f 6773 6255 6863
f 6257 6773 6532
f 6257 6532 6042
f 6257 6042 5528
f 3904 3482 146
f 3735 3737 3643
f 3643 3737 3739
f 3643 3739 3558
f 3643 3558 3647
f 3647 3558 3559
f 3643 3647 3646
f 3735 3643 3556
f 3556 3643 3646
f 3735 3556 150
f 3735 150 261
f 150 3556 70
f 70 3556 3647
f 70 3647 3559
f 150 70 313
f 150 313 353
f 261 146 3482
f 146 261 453
f 3556 3646 3647
f 353 453 261
f 353 261 150
f 156 209 355
f 156 355 315
f 355 209 405
f 315 355 356
f 356 355 405
f 315 356 317
f 405 209 267
f 317 356 158
f 317 158 72
f 158 356 406
f 406 356 405
f 158 406 211
f 211 406 360
f 360 406 405
f 360 405 359
f 359 405 267
f 359 267 214
f 3562 3565 214
f 3562 214 267
f 4100 4167 4663
f 4100 4663 4660
f 4167 4100 3822
f 4167 3822 4237
f 4237 3822 4002
f 4002 3822 3650
f 4002 3650 3907
f 4662 4666 4237
f 4662 4237 4233
f 4233 4237 4050
f 4050 4237 4002
f 4233 4050 4235
f 4235 4050 4052
f 4235 4052 4105
f 4105 4052 3740
f 4235 4105 4554
f 3822 4100 5
f 5 4100 4048
f 5 4048 3554
f 3822 5 3650
f 3650 5 262
f 4327 4977 4972
f 4327 3908 3743
f 4327 3743 3657
f 4327 3657 4331
f 3743 3908 72
f 3743 72 3657
f 3657 72 158
f 72 3908 3484
f 72 3484 153
f 72 153 317
f 3657 4242 4331
f 4242 3657 3659
f 4984 4242 4916
f 4916 4242 4333
f 4333 4242 3659
f 4333 3659 3661
f 3661 3659 211
f 4333 3661 3825
f 3661 211 160
f 3661 160 3825
f 160 211 360
f 160 360 7
f 160 7 3825
f 4333 3825 4337
f 3825 7 3748
f 3825 3748 4337
f 4337 3748 4340
f 4340 3748 3749
f 3749 3748 164
f 4340 3749 4251
f 3749 164 166
f 4251 3749 3665
f 3665 3749 166
f 3665 166 168
f 4251 3665 4257
f 4257 3665 3669
f 4257 3669 4261
f 4261 3669 3574
f 4261 3574 4263
f 4263 3574 3576
f 3576 3574 323
f 4263 3576 4265
f 4002 4052 4050
f 4052 4002 3907
f 265 70 3559
f 70 265 313
f 6 3559 3740
f 6 3740 3649
f 3649 3740 3907
f 3649 3907 3650
f 6 265 3559
f 265 6 620
f 3740 4052 3907
f 3649 3650 262
f 3649 262 620
f 3649 620 6
f 620 313 265
f 313 620 767
f 158 3659 3657
f 148 5 3554
f 5 311 262
f 262 311 542
f 262 542 620
f 620 542 767
f 311 5 148
f 3994 4042 4307
f 4000 4165 4231
f 4165 4000 3902
f 4165 3902 3818
f 4165 3818 3552
f 3552 3818 3496
f 3552 3496 3554
f 4042 3994 3723
f 199 257 710
f 199 710 656
f 4042 3723 3812
f 3548 3812 3723
f 3902 4000 3900
f 3641 3902 3900
f 3550 3639 3548
f 4 3 3494
f 3554 3496 309
f 3554 309 148
f 3496 307 495
f 3496 495 351
f 3496 351 309
f 307 349 759
f 759 349 869
f 869 349 614
f 759 869 871
f 871 869 1003
f 307 759 715
f 307 715 538
f 538 495 307
f 311 148 309
f 311 309 499
f 499 309 351
f 499 351 497
f 499 497 721
f 721 497 877
f 721 877 920
f 920 877 916
f 920 916 918
f 351 540 497
f 540 351 495
f 540 495 616
f 618 616 495
f 616 618 1007
f 1007 618 1043
f 618 495 765
f 765 495 538
f 618 765 956
f 618 956 1043
f 1043 956 1156
f 1043 1156 1041
f 1041 1156 1179
f 6946 6773 6863
f 6863 7121 6946
f 6946 6532 6773
f 7121 7043 6946
f 6946 7043 6865
f 6865 7043 6678
f 6946 6865 6681
f 6865 6678 6589
f 6681 6865 6363
f 6589 6678 6129
f 6681 6363 6365
f 6129 6678 6128
f 6129 6128 5593
f 6129 5593 5529
f 6681 6365 6591
f 6591 6365 6259
f 6591 6259 6593
f 6259 6365 5900
f 6593 6259 6595
f 6259 5900 6261
f 6259 6261 6595
f 6261 5900 5902
f 6595 6261 6597
f 6261 5902 6263
f 6261 6263 6597
f 6263 5902 5904
f 6597 6263 6265
f 6265 6263 5904
f 6597 6265 6601
f 6265 5904 5906
f 6265 5906 5908
f 6532 6946 6680
f 6680 6946 6681
f 5528 5595 6257
f 5595 5528 4915
f 4915 4912 5595
f 4912 4915 4335
f 4915 4920 4245
f 4915 4245 4335
f 4245 4920 4247
f 4247 4920 4798
f 4798 4920 5466
f 4798 5466 5468
f 4247 4798 4249
f 4249 4798 4800
f 4249 4800 4253
f 4253 4800 4802
f 4253 4802 4255
f 4255 4802 4804
f 4255 4804 4259
f 4255 4259 3667
f 4259 4804 4808
f 4808 4804 5396
f 4808 5396 5400
f 6865 6589 6363
f 6363 6589 6129
f 6363 5967 5899
f 5967 6363 6129
f 5899 6365 6363
f 6365 5899 5900
f 5900 5899 5392
f 5392 5899 5391
f 5391 5899 5967
f 5391 5967 5465
f 5900 5392 5397
f 5900 5397 5902
f 5392 5391 4924
f 5391 5465 4922
f 5391 4922 4924
f 4922 5465 4918
f 4922 4918 4340
f 4340 4918 4337
f 4922 4340 4251
f 4922 4251 4924
f 4924 4251 4257
f 4806 5392 4924
f 4806 4924 4257
f 5392 4806 5397
f 4806 4257 4261
f 4806 4261 4812
f 4806 4812 5397
f 4812 4261 4263
f 5397 4812 5403
f 5397 5403 5902
f 5902 5403 5904
f 4812 4263 4815
f 4812 4815 5403
f 4815 4263 4265
f 4815 4265 4817
f 5403 4815 5407
f 5403 5407 5904
f 5407 4815 4817
f 5904 5407 5906
f 5407 4817 5409
f 5967 6129 5529
f 5529 5465 5967
f 4984 5529 5593
f 5465 5529 4918
f 5529 4916 4918
f 4918 4916 4337
f 4337 4916 4333
f 4984 4916 5529
f 6265 6778 6601
f 6778 6265 6367
f 5908 6367 6265
f 5409 5908 5906
f 5407 5409 5906
f 4243 4335 3745
f 4243 3745 3565
f 3565 3745 214
f 214 3745 74
f 214 74 359
f 359 74 270
f 359 270 215
f 359 215 360
f 360 215 7
f 74 162 270
f 270 162 319
f 319 162 217
f 270 319 215
f 319 217 363
f 363 217 219
f 215 319 271
f 271 319 363
f 215 271 7
f 363 219 365
f 365 219 221
f 271 363 321
f 321 363 365
f 7 271 76
f 76 271 321
f 7 76 3748
f 3748 76 164
f 164 76 321
f 164 321 366
f 366 321 365
f 164 366 166
f 410 365 221
f 365 410 366
f 410 221 222
f 166 366 369
f 369 366 410
f 166 369 168
f 410 222 412
f 410 412 369
f 412 222 223
f 369 412 414
f 369 414 168
f 414 412 455
f 457 455 223
f 455 457 587
f 455 587 414
f 414 587 544
f 168 414 225
f 225 414 323
f 168 225 3669
f 3669 225 3574
f 168 3669 3665
f 3659 158 211
f 455 412 223
f 3574 225 323
f 7442 7619 7617
f 7442 7617 7440
f 7619 7442 7444
f 7619 7444 7621
f 7444 7442 6784
f 6784 7442 6782
f 6782 7442 7440
f 6782 7440 6780
f 7127 7584 7582
f 7584 7127 7129
f 8074 8338 8252
f 8338 8074 8119
f 8119 8074 7749
f 7560 7708 7677
f 7708 7560 7452
f 7452 7560 7450
f 7708 7452 7789
f 7789 7452 7528
f 7528 7452 6722
f 7528 6722 6970
f 6970 6722 5775
f 5775 6722 5724
f 5724 6722 6487
f 6487 6722 6968
f 5724 6487 5631
f 5724 5631 4686
f 5724 4686 4688
f 4688 4686 3468
f 7450 7135 6968
f 6968 7452 7450
f 7452 6968 6722
f 6367 5908 6057
f 6057 5908 5825
f 6057 5825 5472
f 6694 5748 6780
f 5750 6780 5748
f 5750 5748 4928
f 5752 6782 6780
f 5752 6780 5750
f 6782 5752 5754
f 6782 5754 6784
f 5754 5752 4932
f 5752 5750 4930
f 5752 4930 4932
f 4932 4930 4112
f 4112 4930 4110
f 4930 5750 4928
f 4930 4928 4110
f 4110 4928 4108
f 4108 4928 4171
f 4171 4928 4926
f 4926 4928 5748
f 5754 5910 6784
f 5910 5754 4986
f 4986 5754 4932
f 4986 4932 4054
f 6059 7129 7127
f 6059 7127 5969
f 7129 6059 5972
f 7129 5972 7131
f 7131 5972 6950
f 6059 5969 4988
f 4988 5969 5034
f 4988 5034 4058
f 4058 5034 4056
f 4988 4058 4004
f 6059 4988 4990
f 4990 4988 4004
f 6059 4990 5972
f 4990 4004 4006
f 4990 4006 4934
f 4990 4934 5972
f 4934 4006 3912
f 5827 6950 5972
f 5827 5972 4934
f 6950 5827 5756
f 4934 3912 4821
f 4934 4821 5827
f 5827 4821 5756
f 4821 3912 3914
f 5756 4821 4823
f 4823 4821 3914
f 4823 3914 4060
f 5756 4823 5684
f 4823 4060 4825
f 4823 4825 5684
f 4825 4060 4267
f 4267 4060 3578
f 4825 4267 4936
f 4825 4936 5597
f 4825 5597 5684
f 5597 4936 5532
f 5684 5597 6546
f 5684 6546 6696
f 6546 5597 6463
f 6463 5597 5532
f 6463 5532 6267
f 6463 6267 6952
f 5409 4817 4819
f 4932 4112 4054
f 4054 4112 227
f 227 4112 177
f 227 177 674
f 674 177 625
f 674 625 879
f 674 879 837
f 837 879 1010
f 674 837 839
f 837 1010 964
f 674 839 724
f 674 724 227
f 724 839 841
f 964 1010 1114
f 227 724 276
f 227 276 4054
f 724 841 676
f 724 676 276
f 676 841 726
f 964 1114 1116
f 676 726 278
f 676 278 276
f 278 726 324
f 276 278 4056
f 276 4056 4054
f 4056 278 4058
f 4054 4056 4986
f 4986 4056 5034
f 1281 1118 1116
f 1281 1116 1114
f 1281 1114 1280
f 1280 1114 1277
f 1280 1277 1423
f 1277 1114 1112
f 1112 1114 1010
f 1277 1112 1383
f 1423 1277 1494
f 1494 1277 1383
f 1494 1383 1532
f 1423 1494 1618
f 1618 1494 1646
f 1618 1646 1741
f 1741 1646 1704
f 173 4108 4171
f 173 4171 21
f 173 21 545
f 173 545 588
f 588 545 922
f 922 545 835
f 922 835 1045
f 922 1045 1158
f 1158 1045 1181
f 1158 1181 1328
f 173 4110 4108
f 4110 173 175
f 175 173 588
f 4110 175 4112
f 4112 175 177
f 177 175 622
f 177 622 625
f 544 323 414
f 622 175 588
f 324 4004 4058
f 324 4058 278
f 4004 324 4006
f 4006 324 326
f 326 324 726
f 4006 326 3912
f 326 726 769
f 3912 326 370
f 370 326 769
f 3912 370 3914
f 370 769 845
f 370 845 418
f 370 418 3914
f 418 845 926
f 418 926 771
f 3914 418 78
f 3914 78 4060
f 78 418 459
f 78 459 3578
f 6463 6952 7321
f 6267 5532 5599
f 6869 6952 6267
f 6869 6267 6269
f 6269 6267 5599
f 6869 6269 6786
f 6269 5599 6271
f 6269 6271 6786
f 6271 5599 5686
f 6786 6271 6273
f 6273 6271 5686
f 6273 5686 5688
f 6786 6273 6788
f 6273 5688 5689
f 6788 6273 6275
f 6275 6273 5689
f 6788 6275 6698
f 6275 5689 5692
f 6698 6275 6277
f 6277 6275 5692
f 6698 6277 6699
f 6277 5692 5601
f 6699 6277 6189
f 6189 6277 5601
f 6699 6189 6702
f 6189 5601 5603
f 6702 6189 6191
f 6191 6189 5603
f 6702 6191 6603
f 6191 5603 5605
f 6603 6191 6193
f 6193 6191 5605
f 6603 6193 6604
f 6604 6193 6607
f 6193 5605 6194
f 6193 6194 6607
f 6194 5605 5606
f 6194 5606 5609
f 5609 5606 5046
f 5609 5046 5050
f 6194 5609 6133
f 6194 6133 6607
f 6607 6133 6467
f 6607 6467 6798
f 6798 6467 6613
f 5532 4936 4992
f 5532 4992 5599
f 5599 4992 4993
f 5599 4993 5686
f 4993 4992 4345
f 4345 4992 4344
f 4345 4344 3756
f 4993 4345 4393
f 5686 4993 5036
f 5036 4993 4393
f 5686 5036 5688
f 5688 5036 5038
f 5688 5038 5689
f 5036 4393 4395
f 5036 4395 5038
f 4395 4393 3828
f 3828 4393 3826
f 4395 3828 4396
f 4395 4396 5038
f 5689 5038 5040
f 5040 5038 4396
f 5689 5040 5692
f 5692 5040 5601
f 5040 4396 5042
f 5040 5042 5601
f 5042 4396 4399
f 5601 5042 5603
f 5042 4399 5044
f 5042 5044 5603
f 5044 4399 4470
f 5603 5044 5605
f 5605 5044 5045
f 5045 5044 4470
f 5605 5045 5606
f 5606 5045 5046
f 5045 4470 4472
f 5045 4472 5046
f 4472 4470 3916
f 5046 4472 4473
f 4472 3916 3918
f 4473 4472 3919
f 3919 4472 3918
f 4936 4267 4344
f 4344 4992 4936
f 7051 7135 6952
f 7135 7051 6968
f 7051 6952 6869
f 6968 7051 6889
f 7051 6869 6956
f 7051 6956 6889
f 6956 6869 6786
f 6889 6956 6808
f 6956 6786 6788
f 6956 6788 6960
f 6956 6960 6808
f 6960 6788 6698
f 6808 6960 6809
f 6808 6809 6387
f 6387 6809 6388
f 6388 6809 6812
f 6809 6960 6875
f 6875 6960 6698
f 6809 6875 6812
f 6875 6698 6699
f 6812 6875 6877
f 6877 6875 6699
f 6812 6877 6716
f 6877 6699 6702
f 6716 6877 6878
f 6878 6877 6702
f 6716 6878 6717
f 6878 6702 6603
f 6878 6603 6796
f 6878 6796 6717
f 6796 6603 6604
f 6717 6796 6720
f 6717 6720 6309
f 6720 6796 6797
f 6797 6796 6604
f 6720 6797 6621
f 6797 6604 6798
f 6798 6604 6607
f 6797 6798 6622
f 6797 6622 6621
f 6621 6622 6316
f 6621 6316 6315
f 6621 6315 6310
f 6968 6889 6487
f 6487 6889 6485
f 6485 6889 6808
f 6485 6808 6387
f 78 3578 4060
f 4267 3578 3754
f 4267 3754 4344
f 4344 3754 3756
f 25 3754 3578
f 25 3578 179
f 3754 25 26
f 3754 26 3756
f 3756 26 27
f 26 25 90
f 25 179 181
f 25 181 90
f 26 90 91
f 26 91 27
f 90 181 3458
f 90 3458 91
f 91 3458 3459
f 3458 181 54
f 91 3459 92
f 91 92 27
f 92 3459 56
f 3528 3780 54
f 3528 54 102
f 102 54 237
f 237 54 181
f 237 181 179
f 237 179 557
f 237 557 509
f 557 179 459
f 509 557 783
f 509 783 684
f 684 783 881
f 783 557 799
f 799 557 459
f 881 783 928
f 928 783 799
f 881 928 1018
f 799 459 771
f 771 459 418
f 928 799 1016
f 1016 799 771
f 1018 928 1076
f 1076 928 1016
f 1018 1076 1132
f 1016 771 1074
f 1074 771 926
f 1076 1016 1126
f 1126 1016 1074
f 1132 1076 1166
f 1166 1076 1126
f 1132 1166 1077
f 1132 1077 1020
f 1166 1126 1195
f 1126 1074 1238
f 1126 1238 1195
f 1238 1074 1191
f 1191 1074 926
f 1191 926 1160
f 1160 926 845
f 1160 845 1124
f 1124 845 1072
f 1191 1160 1234
f 1072 845 769
f 1072 769 1014
f 1014 769 924
f 924 769 843
f 843 769 726
f 843 726 841
f 1191 1234 1389
f 1191 1389 1238
f 1389 1234 1429
f 1238 1389 1342
f 1389 1429 1471
f 1389 1471 1342
f 1471 1429 1500
f 1238 1342 1195
f 1471 1500 1430
f 1471 1430 1390
f 1471 1390 1342
f 1390 1430 1235
f 1195 1342 1239
f 1239 1342 1390
f 1390 1235 1192
f 1390 1192 1239
f 1192 1235 1161
f 1192 1161 927
f 1192 927 1075
f 1192 1075 1239
f 1195 1239 1127
f 1127 1239 1075
f 1195 1127 1166
f 1166 1127 1077
f 1127 1075 1017
f 1127 1017 1077
f 1017 1075 772
f 1017 772 800
f 1077 1017 929
f 929 1017 800
f 1077 929 1020
f 929 800 784
f 1020 929 882
f 882 929 784
f 31 27 92
f 27 31 3826
f 3826 31 3828
f 3828 31 3830
f 3830 31 3437
f 3437 31 92
f 3830 3437 3831
f 3437 92 98
f 98 92 56
f 98 56 3462
f 3831 3437 3439
f 3439 3437 98
f 3831 3439 3916
f 98 3462 99
f 98 99 3439
f 99 3462 3463
f 3916 3439 3506
f 3506 3439 99
f 3916 3506 3918
f 99 3463 42
f 99 42 3506
f 42 3463 3464
f 42 3464 44
f 42 44 3506
f 44 3464 3524
f 3918 3506 3507
f 3507 3506 44
f 3918 3507 3919
f 3919 3507 3508
f 3507 44 45
f 45 44 3524
f 3507 45 3508
f 45 3524 3525
f 45 3525 3602
f 45 3602 3520
f 45 3520 3508
f 3508 3520 3675
f 3578 459 179
f 6388 6812 6307
f 6307 6812 6716
f 6307 6716 6308
f 6308 6716 6717
f 6308 6717 6309
f 4345 3756 3826
f 3826 3756 27
f 4345 3826 4393
f 4396 3828 3830
f 4396 3830 4399
f 3831 4399 3830
f 4399 3831 4470
f 4470 3831 3916
f 5474 6133 5609
f 5474 5609 5052
f 5052 5609 5050
f 6133 5474 5912
f 6133 5912 6467
f 6467 5912 6197
f 6467 6197 6613
f 6613 6197 6375
f 6613 6375 6303
f 6613 6303 6556
f 5046 4473 4556
f 5046 4556 5050
f 5050 4556 4593
f 5050 4593 5052
f 4593 4556 4173
f 4593 4173 4595
f 4556 4473 4008
f 4556 4008 4173
f 4008 4473 3919
f 4173 4008 3930
f 3930 4008 3675
f 3930 3675 3770
f 3770 3675 3520
f 6309 6720 6310
f 6310 6720 6621
f 6613 6622 6798
f 6556 6316 6622
f 5989 6556 6303
f 6556 5989 6143
f 6556 6143 6316
f 6316 6143 5719
f 5719 6143 5629
f 5629 6143 5540
f 6622 6613 6556
f 5474 5914 5912
f 5912 5914 6197
f 6197 5914 6198
f 6198 5914 6199
f 5914 5474 5476
f 6199 5914 5915
f 5915 5914 5476
f 5915 5476 5477
f 5474 5052 5476
f 5476 5052 5054
f 5054 5052 4593
f 5476 5054 5055
f 5476 5055 5477
f 5055 5054 4596
f 5054 4593 4595
f 5054 4595 4596
f 4596 4595 4175
f 4175 4595 4174
f 4174 4595 4173
f 6197 6198 6295
f 6197 6295 6375
f 6295 6198 6376
f 6376 6198 6199
f 6375 6295 6219
f 6219 6295 6376
f 6375 6219 6303
f 6219 6376 6220
f 6219 6220 5991
f 6219 5991 5990
f 6199 5915 5829
f 5829 5915 5411
f 5411 5915 5477
f 5411 5477 5058
f 5829 5411 5413
f 5413 5411 5060
f 5060 5411 5058
f 5829 5413 5764
f 5060 5058 4720
f 4720 5058 4670
f 4720 4670 4348
f 5829 5764 6075
f 5829 6075 6199
f 6075 5764 5979
f 6199 6075 6376
f 6075 5979 6137
f 6075 6137 6376
f 6137 5979 6081
f 6376 6137 6087
f 6376 6087 6220
f 6220 6087 5991
f 5991 6087 5845
f 5845 6087 5772
f 5991 5845 5496
f 5845 5772 5423
f 5845 5423 5496
f 5496 5423 5070
f 5496 5070 5072
f 5072 5070 4684
f 4684 5070 4682
f 5058 5477 5055
f 5058 5055 4596
f 5058 4596 4670
f 4670 4596 4348
f 4348 4596 4175
f 4720 4348 4401
f 4401 4348 4126
f 4348 4175 4016
f 4348 4016 4126
f 4016 4175 3935
f 4126 4016 4018
f 4018 4016 3942
f 6061 5764 5611
f 5611 5764 5413
f 6061 5611 5830
f 6061 5830 6279
f 5611 5413 5124
f 5124 5413 5060
f 6279 5830 6468
f 5124 5060 4720
f 5830 5611 5193
f 5193 5611 5124
f 6468 5830 5973
f 6468 5973 6471
f 5973 5830 5613
f 5613 5830 5193
f 6471 5973 6069
f 6069 5973 5613
f 6873 6792 6471
f 6873 6471 6608
f 6608 6471 6069
f 6873 6608 7047
f 6608 6069 6281
f 7047 6608 6704
f 6704 6608 6281
f 7047 6704 7133
f 6704 6281 6465
f 7133 6704 6790
f 6790 6704 6465
f 7133 6790 7194
f 6790 6465 6548
f 7194 6790 6871
f 6871 6790 6548
f 6871 6548 6550
f 5696 6069 5613
f 6069 5696 6073
f 5696 5613 5279
f 6073 5696 5700
f 6073 5700 5977
f 5279 5613 5193
f 5696 5279 5280
f 5696 5280 5700
f 5977 5700 5697
f 5700 5280 5283
f 5697 5700 5415
f 5415 5700 5283
f 5697 5415 5694
f 5697 5694 5977
f 5694 5415 5480
f 5977 5694 5974
f 5694 5480 5758
f 5694 5758 5974
f 5974 5758 6062
f 5758 5480 5481
f 6062 5758 6063
f 5758 5481 5759
f 5758 5759 6063
f 5759 5481 5482
f 6063 5759 6064
f 5759 5482 5760
f 5759 5760 6064
f 6064 5760 6070
f 5760 5482 5483
f 6070 5760 5833
f 5833 5760 5483
f 5833 5483 5615
f 5979 5764 6061
f 5979 6061 6369
f 6369 6061 6279
f 6369 6279 6611
f 5979 6369 6081
f 6081 6369 6477
f 5981 6087 6137
f 6087 5981 5772
f 5981 6137 6081
f 6708 6611 6279
f 6708 6279 6468
f 6708 6468 6792
f 6792 6468 6471
f 6369 6611 6477
f 6477 6611 6799
f 6799 6611 6883
f 6883 6611 6708
f 6799 6883 6806
f 6799 6806 6615
f 6806 6883 6885
f 6883 6708 6879
f 6883 6879 6885
f 6885 6879 7053
f 6879 6708 6792
f 6879 6792 7049
f 6879 7049 7136
f 7136 7049 7258
f 7258 7049 7198
f 7258 7198 7375
f 7258 7375 7205
f 7323 7198 7047
f 7198 7323 7375
f 7375 7323 7324
f 7205 7375 7331
f 7375 7324 7376
f 7375 7376 7331
f 7376 7324 7327
f 7331 7376 7381
f 7376 7327 7377
f 7381 7376 7329
f 7329 7376 7377
f 6615 6477 6799
f 6615 6381 6477
f 6477 6381 6081
f 6081 6381 5981
f 5981 6381 6095
f 5981 6095 5772
f 5772 6095 5627
f 5772 5627 5423
f 6095 6381 6305
f 6305 6381 6615
f 6305 6615 6483
f 6483 6615 6806
f 6483 6806 6616
f 6616 6806 6885
f 6385 6141 6616
f 6385 6616 6619
f 6616 6885 6887
f 6616 6887 6619
f 6887 6885 7053
f 6619 6887 7055
f 6887 7053 7205
f 6887 7205 7055
f 7205 7053 7136
f 7136 7053 6879
f 7205 7136 7258
f 7055 7205 7331
f 7055 7331 7138
f 7055 7138 6714
f 7138 7331 7381
f 7138 7381 7211
f 4558 5124 4720
f 4558 4720 4401
f 4558 4401 4116
f 5124 4558 4559
f 4558 4116 4062
f 4558 4062 4559
f 5124 4559 5193
f 4062 4116 3834
f 4062 3834 3500
f 4062 3500 3758
f 3758 3500 84
f 4559 4062 4114
f 4114 4062 3758
f 4114 3758 3922
f 4114 3922 3924
f 4114 3924 4117
f 3922 3758 3498
f 3498 3758 84
f 3498 84 284
f 3922 3498 3671
f 3498 284 82
f 3498 82 3671
f 3671 82 3435
f 4064 4117 3924
f 4476 4559 4117
f 4476 4117 4064
f 4559 4476 5193
f 5193 4476 4839
f 5193 4839 5279
f 4476 4064 4269
f 4476 4269 4839
f 4269 4064 4014
f 4014 4064 3836
f 4269 4014 4120
f 5279 4839 4938
f 5279 4938 5280
f 4839 4269 4478
f 4839 4478 4938
f 4478 4269 4120
f 5280 4938 4940
f 4940 4938 4478
f 5280 4940 5283
f 5283 4940 5195
f 4940 4478 4480
f 4478 4120 4121
f 4940 4480 4609
f 4350 4480 4121
f 5195 4940 4840
f 4840 4940 4609
f 4121 4120 3840
f 3840 4120 3839
f 4121 3840 4066
f 4121 4066 4350
f 4066 3840 3762
f 4066 3762 3763
f 4350 4066 4010
f 4350 4010 4270
f 4270 4010 4011
f 4011 4010 3673
f 4270 4011 4271
f 4011 3673 3581
f 4271 4011 3926
f 3926 4011 3581
f 3926 3581 3582
f 4271 3926 4179
f 3926 3582 3928
f 3926 3928 4179
f 4179 3928 4181
f 4833 5195 4840
f 4833 4840 4609
f 5195 4833 5130
f 4833 4609 4603
f 5130 4833 4834
f 4834 4833 4603
f 5130 4834 5131
f 4834 4603 4604
f 5131 4834 5132
f 4834 4604 4605
f 5132 4834 4827
f 4827 4834 4605
f 5132 4827 5125
f 4827 4605 4599
f 5125 4827 4828
f 4828 4827 4599
f 4828 4599 4600
f 5125 4828 5126
f 4828 4600 4829
f 4828 4829 5126
f 5126 4829 4835
f 3919 3508 3675
f 3675 4008 3919
f 3770 3520 3848
f 3848 3520 3602
f 3848 3602 4140
f 4140 3602 4026
f 4140 4026 4633
f 4633 4026 4506
f 4633 4506 5080
f 4633 5080 5074
f 5074 5080 5540
f 5540 5080 5629
f 3930 4174 4173
f 3935 4175 4174
f 3935 4174 3934
f 3934 4174 3930
f 3935 3934 3771
f 3934 3930 3844
f 3934 3844 3771
f 3844 3930 3770
f 3844 3770 3848
f 3844 3848 3950
f 3844 3950 3771
f 3771 3950 3951
f 3771 3951 4020
f 4559 4114 4117
f 4126 4116 4401
f 4116 4126 3838
f 4116 3838 3834
f 3838 4126 3768
f 3838 3768 3444
f 3942 4016 3935
f 4126 4018 3768
f 3768 4018 3846
f 3846 4018 4136
f 3768 3846 3453
f 3768 3453 3444
f 3771 3942 3935
f 3950 3848 4140
f 3950 4140 4189
f 4189 4140 4633
f 3950 4189 3951
f 4189 4633 4629
f 3951 4189 4190
f 4190 4189 4629
f 4190 4629 4630
f 3525 4026 3602
f 3942 3771 4020
f 3942 4020 4136
f 3942 4136 4018
f 4136 4020 4281
f 4281 4020 3951
f 4136 4281 4432
f 4432 4281 4682
f 4281 3951 4190
f 4682 4281 4684
f 4684 4281 4190
f 4684 4190 4630
f 4684 4630 5072
f 5072 4630 5076
f 5072 5076 5537
f 5072 5537 5496
f 4136 4432 4138
f 4136 4138 3846
f 4138 4432 4627
f 4627 4432 4682
f 4138 4627 4283
f 3846 4138 3778
f 3778 4138 4283
f 3846 3778 3453
f 3778 4283 3697
f 3697 4283 4279
f 3453 3778 52
f 52 3778 3697
f 52 3697 48
f 48 3697 3596
f 3453 52 239
f 3453 239 3444
f 3444 239 233
f 239 52 290
f 239 290 378
f 378 290 426
f 426 290 330
f 378 426 505
f 426 330 507
f 505 426 636
f 636 426 507
f 636 507 590
f 505 636 682
f 636 590 734
f 636 734 682
f 682 734 781
f 3849 3697 4279
f 3697 3849 3596
f 3849 4279 4187
f 3596 3849 3948
f 3948 3849 4187
f 3596 3948 3691
f 3948 4187 4068
f 3691 3948 3774
f 3774 3948 4068
f 3691 3774 3594
f 3594 3774 3522
f 3774 4068 3775
f 3774 3775 3522
f 3775 4068 4022
f 3522 3775 3452
f 3775 4022 3695
f 3775 3695 3452
f 3452 3695 3454
f 3454 3695 3598
f 3454 3598 50
f 50 3598 3599
f 3834 3580 3500
f 3500 3580 88
f 88 3580 233
f 233 3580 3444
f 3500 88 288
f 288 88 233
f 3500 288 84
f 288 233 328
f 84 288 372
f 84 372 284
f 372 288 465
f 465 288 328
f 372 465 634
f 465 328 505
f 505 328 378
f 3838 3580 3834
f 3580 3838 3444
f 233 239 378
f 233 378 328
f 3671 3924 3922
f 3924 3671 3760
f 3924 3760 4064
f 3760 3671 3435
f 4064 3760 3836
f 3836 3760 3502
f 3502 3760 3435
f 3836 3502 3504
f 3502 3435 23
f 3502 23 3504
f 23 3435 80
f 3504 23 86
f 23 80 229
f 23 229 86
f 86 229 286
f 229 80 280
f 229 280 423
f 423 280 460
f 7049 6873 7198
f 7198 6873 7047
f 6873 7049 6792
f 7047 7133 7323
f 7323 7133 7324
f 7133 7194 7324
f 7194 6871 7196
f 7196 6871 6954
f 7194 7196 7324
f 7196 6954 7201
f 7324 7196 7327
f 7327 7196 7201
f 6073 6281 6069
f 6281 6073 6135
f 6281 6135 6465
f 6465 6135 6201
f 6465 6201 6548
f 6548 6201 6283
f 6548 6283 6550
f 6550 6283 6370
f 6550 6370 6706
f 6706 6370 6473
f 6706 6473 6794
f 6550 6706 6954
f 6954 6706 6957
f 6550 6954 6871
f 6135 6073 5977
f 6135 5977 5974
f 6135 5974 6201
f 6201 5974 6062
f 6201 6062 6202
f 6201 6202 6289
f 6201 6289 6200
f 6289 6202 6284
f 6284 6202 6062
f 6284 6062 6063
f 6284 6063 6285
f 6285 6063 6064
f 6285 6064 6070
f 6285 6070 6209
f 6209 6070 6077
f 6077 6070 5833
f 6077 5833 5835
f 6209 6077 6079
f 6209 6079 6292
f 6200 6201 6135
f 6201 6200 6283
f 6289 6283 6200
f 6283 6289 6370
f 6370 6289 6291
f 6370 6291 6473
f 6473 6291 6475
f 6475 6291 6479
f 6479 6291 6379
f 6379 6291 6297
f 6379 6297 6553
f 6289 6284 6291
f 6291 6284 6373
f 6373 6284 6285
f 6373 6285 6209
f 6373 6209 6292
f 6291 6373 6298
f 6298 6373 6299
f 6291 6298 6297
f 5285 5480 5415
f 5480 5285 5286
f 5480 5286 5481
f 5481 5286 5287
f 5481 5287 5288
f 5481 5288 5482
f 5415 5283 5285
f 5285 5283 5195
f 5285 5195 5130
f 5285 5130 5286
f 5286 5130 5131
f 5286 5131 5287
f 5287 5131 5288
f 5288 5131 5132
f 5288 5132 5289
f 5289 5132 5125
f 5289 5125 5244
f 7201 6954 6957
f 7201 6957 6962
f 7201 6962 7203
f 7203 6962 7206
f 7206 6962 6964
f 6964 6962 6804
f 6804 6962 6710
f 6710 6962 6794
f 6794 6962 6957
f 6794 6957 6706
f 7203 7377 7327
f 7327 7201 7203
f 7377 7203 7329
f 7329 7203 7206
f 7329 7206 7209
f 7329 7209 7381
f 7381 7209 7211
f 7206 6966 7209
f 6966 7206 6964
f 6475 6710 6794
f 6794 6473 6475
f 6710 6475 6479
f 6710 6479 6804
f 6804 6479 6712
f 6712 6479 6379
f 6712 6379 6553
f 6966 6964 6804
f 6966 6804 6712
f 6373 6292 6211
f 6211 6292 6079
f 6211 6079 6083
f 6373 6211 6299
f 6211 6083 6085
f 6211 6085 6299
f 6085 6083 5841
f 5841 6083 5839
f 6299 6085 6090
f 6299 6090 6089
f 6299 6089 6298
f 6298 6089 6088
f 6213 6217 6297
f 6217 6213 6139
f 6213 6297 6214
f 6214 6297 6298
f 6217 6552 6297
f 6552 6553 6297
f 6214 6298 6088
f 5835 6079 6077
f 6079 5835 5837
f 5837 5835 5617
f 6079 5837 6083
f 5837 5617 5619
f 6083 5837 5839
f 5837 5619 5621
f 5837 5621 5839
f 5357 5483 5482
f 5482 5288 5357
f 5833 5615 5835
f 5835 5615 5617
f 5617 5615 5417
f 5417 5615 5357
f 5357 5615 5483
f 5419 5619 5617
f 5617 5417 5419
f 5297 5357 5288
f 5357 5297 5417
f 5417 5297 5419
f 5419 5297 5422
f 5422 5297 5359
f 5359 5297 5301
f 5619 5419 5422
f 5619 5422 5621
f 5621 5422 5623
f 5623 5422 5359
f 5623 5359 5534
f 5621 5623 5841
f 5621 5841 5839
f 4478 4121 4480
f 4486 4603 4609
f 4609 4480 4486
f 4486 4480 4350
f 4486 4350 4270
f 4486 4270 4487
f 4487 4270 4271
f 4487 4271 4403
f 4403 4271 4179
f 4403 4179 4404
f 4404 4179 4181
f 4404 4181 4411
f 4411 4181 4124
f 4124 4181 3928
f 4411 4124 4352
f 4352 4124 4128
f 4603 4486 4487
f 4603 4487 4604
f 4604 4487 4488
f 4604 4488 4605
f 4409 4488 4487
f 4488 4409 4410
f 4487 4403 4409
f 4409 4403 4410
f 4410 4403 4404
f 3766 4014 3836
f 3766 3836 3676
f 4014 3766 3839
f 4014 3839 4120
f 3839 3766 3683
f 3683 3766 3588
f 3588 3766 3676
f 3588 3676 3512
f 3504 3676 3836
f 3676 3504 33
f 3676 33 3512
f 3512 33 37
f 3435 82 80
f 80 82 282
f 282 82 284
f 282 284 422
f 422 284 372
f 422 372 553
f 280 80 282
f 280 282 420
f 420 282 422
f 280 420 460
f 420 422 549
f 460 420 547
f 547 420 549
f 547 549 626
f 3504 86 33
f 3681 3840 3839
f 3681 3839 3683
f 3840 3681 3586
f 3586 3681 3518
f 3840 3586 3762
f 3590 3588 3512
f 3588 3590 3591
f 3588 3591 3683
f 3683 3591 3681
f 3591 3590 3691
f 3691 3590 3596
f 3591 3691 3594
f 3681 3591 3518
f 3518 3591 3594
f 3518 3594 3522
f 3518 3522 3446
f 3518 3446 3586
f 3446 3522 3452
f 3586 3446 3513
f 3446 3452 38
f 3446 38 3513
f 38 3452 3454
f 3513 38 3441
f 38 3454 39
f 38 39 3441
f 3441 39 3442
f 39 3454 50
f 3442 39 34
f 39 50 93
f 39 93 34
f 93 50 3450
f 34 93 3516
f 93 3450 3448
f 93 3448 3516
f 37 3590 3512
f 86 231 33
f 376 33 231
f 33 235 37
f 37 235 330
f 37 330 48
f 376 235 33
f 235 376 330
f 330 376 507
f 507 376 467
f 86 286 374
f 86 374 231
f 231 374 467
f 231 467 376
f 37 3596 3590
f 3596 37 48
f 3763 4010 4066
f 4010 3763 3673
f 3586 3513 3763
f 3763 3513 3441
f 3763 3441 3673
f 3673 3441 3442
f 3673 3442 3581
f 3586 3763 3762
f 4605 4488 4404
f 4605 4404 4405
f 4605 4405 4599
f 4410 4404 4488
f 5288 5289 5297
f 5297 5289 5295
f 5295 5289 5244
f 5295 5244 5246
f 5297 5295 5248
f 5297 5248 5302
f 5297 5302 5301
f 5125 5126 5244
f 5062 5244 5126
f 5062 5126 4835
f 5062 4835 4996
f 4996 4835 4841
f 5244 5062 5197
f 5197 5062 4996
f 5244 5197 5246
f 5197 4996 5064
f 5246 5197 5136
f 5136 5197 5064
f 5295 5246 5199
f 5199 5246 5136
f 5199 5136 5066
f 5295 5199 5248
f 5199 5066 5068
f 5199 5068 5248
f 5248 5068 5138
f 5248 5138 5302
f 5302 5138 5144
f 5534 5301 5491
f 5301 5534 5359
f 5491 5301 5309
f 5491 5309 5490
f 5490 5309 5308
f 5490 5308 5489
f 5489 5308 5307
f 5489 5307 5488
f 5300 5301 5309
f 5300 5309 5299
f 5299 5309 5308
f 5299 5308 5307
f 5309 5301 5143
f 5144 5143 5301
f 5144 5301 5302
f 4481 4600 4599
f 4405 4481 4599
f 4404 4417 4354
f 4404 4354 4405
f 4354 4417 4428
f 4428 4417 4427
f 4354 4428 4495
f 4405 4354 4415
f 4415 4354 4495
f 4405 4415 4481
f 4619 4617 4495
f 4495 4617 4493
f 4495 4493 4415
f 4481 4415 4491
f 4491 4415 4493
f 4481 4491 4482
f 4491 4493 4615
f 4491 4615 4613
f 4411 4417 4404
f 4417 4411 4418
f 4417 4418 4423
f 4417 4423 4427
f 4829 4600 4672
f 4672 4600 4481
f 4829 4672 4835
f 4835 4672 4674
f 4674 4672 4482
f 4835 4674 4841
f 4841 4674 4845
f 4674 4482 4611
f 4674 4611 4845
f 4845 4611 4847
f 4847 4611 4613
f 4613 4611 4491
f 4672 4481 4482
f 5136 5064 4847
f 4847 5064 4845
f 4845 5064 4996
f 4845 4996 4841
f 5136 4847 4849
f 5136 4849 5066
f 4849 4847 4613
f 4849 4613 4615
f 5066 4849 4851
f 4851 5068 5066
f 4849 4615 4617
f 4617 4615 4493
f 4849 4617 4851
f 5138 5068 4851
f 5138 4851 4853
f 5138 4853 4856
f 4856 4853 4619
f 5138 4856 5144
f 4856 4619 4623
f 5144 4856 5143
f 4856 4623 4860
f 4856 4860 5143
f 5143 4860 5142
f 5142 4860 4859
f 5142 4859 5141
f 5141 4859 4855
f 5141 4855 5140
f 5140 4855 4942
f 4942 4855 4676
f 4676 4855 4677
f 5140 4942 4944
f 4944 4942 4676
f 5140 4944 5313
f 4944 4676 4562
f 4944 4562 4680
f 4680 4562 4187
f 4187 4562 4360
f 4187 4360 4068
f 4068 4360 4022
f 4680 4187 4279
f 4022 4360 4275
f 4680 4279 4283
f 4022 4275 4023
f 4022 4023 3695
f 4023 4275 4276
f 3695 4023 3598
f 4023 4276 3952
f 4023 3952 3598
f 3598 3952 3599
f 3952 4276 4183
f 3599 3952 3953
f 3953 3952 4183
f 3953 4183 4184
f 3953 4184 4134
f 3953 4134 3946
f 5151 4680 4283
f 5151 4283 4627
f 4680 5151 4998
f 4680 4998 4944
f 4944 4998 5315
f 5315 4998 5151
f 4944 5315 5313
f 5313 5315 5625
f 5313 5625 5488
f 5315 5151 5704
f 5315 5704 5625
f 5488 5625 5702
f 5702 5625 5982
f 5488 5702 5766
f 5766 5702 5982
f 5488 5766 5489
f 5982 5625 5987
f 5987 5625 5704
f 5766 5982 5985
f 5987 5704 6385
f 5489 5766 5767
f 5767 5766 5985
f 5987 6385 6382
f 5767 5985 6088
f 5489 5767 5490
f 5767 6088 6089
f 6382 6385 6619
f 5490 5767 5768
f 5768 5767 6089
f 5490 5768 5491
f 5768 6089 6090
f 6382 6619 6714
f 6714 6619 7055
f 6382 6714 6481
f 5768 6090 5843
f 5768 5843 5491
f 5843 6090 6085
f 5491 5843 5534
f 5843 6085 5841
f 5843 5841 5534
f 5534 5841 5623
f 6890 6481 6714
f 6890 6714 7138
f 6481 6890 6552
f 6890 7138 7211
f 6552 6890 6891
f 6891 6890 7211
f 6891 7211 7209
f 6552 6891 6553
f 6891 7209 6966
f 6891 6966 6553
f 6553 6966 6712
f 4682 5070 4627
f 4627 5070 5150
f 5150 5070 5423
f 4627 5150 5151
f 5150 5423 5627
f 5150 5627 5151
f 5151 5627 5846
f 5846 5627 6095
f 5151 5846 5704
f 5846 6095 6305
f 5704 5846 6141
f 6141 5846 6305
f 5704 6141 6385
f 6141 6305 6483
f 6141 6483 6616
f 4611 4482 4491
f 4619 4853 4851
f 4617 4619 4851
f 4124 3928 3931
f 3931 3928 3679
f 3679 3928 3582
f 3679 3582 34
f 3679 34 3516
f 3679 3516 3684
f 4352 4418 4411
f 4418 4352 4356
f 4418 4356 4358
f 4418 4358 4423
f 4423 4358 4134
f 4134 4358 4132
f 4134 4132 3946
f 4423 4134 4184
f 4423 4184 4427
f 3931 4128 4124
f 3679 3684 3931
f 3931 3684 3938
f 3931 3938 4128
f 3938 3684 3687
f 4128 3938 4130
f 4130 3938 3940
f 4128 4130 4352
f 4130 3940 4132
f 4352 4130 4356
f 4130 4132 4358
f 4130 4358 4356
f 4622 4623 4427
f 4427 4623 4428
f 4623 4622 4860
f 4622 4427 4498
f 4860 4622 4621
f 4621 4622 4498
f 4860 4621 4859
f 4621 4498 4502
f 4859 4621 4677
f 4677 4621 4502
f 4859 4677 4855
f 4677 4502 4501
f 4677 4501 4676
f 4427 4422 4498
f 4426 4422 4427
f 4422 4426 4421
f 4421 4426 4497
f 4497 4426 4502
f 4497 4502 4501
f 4426 4427 4183
f 4183 4427 4184
f 4623 4619 4428
f 4428 4619 4495
f 3944 4132 3940
f 4132 3944 3946
f 3944 3940 3689
f 3944 3689 3946
f 3946 3689 3693
f 3946 3693 3953
f 3953 3693 3599
f 3599 3693 50
f 50 3693 3450
f 3450 3693 3689
f 3450 3689 3687
f 3450 3687 3448
f 3938 3687 3940
f 3689 3940 3687
f 3442 3582 3581
f 3582 3442 34
f 3684 3516 3687
f 3448 3687 3516
f 9462 9456 9460
f 9456 9462 9458
f 9456 9458 9416
f 9456 9416 9414
f 9456 9414 9454
f 9454 9414 9389
f 9414 9416 9318
f 9318 9416 9331
f 9318 9331 9225
f 9225 9331 9263
f 9318 9225 9205
f 9205 9225 9070
f 9414 9318 9310
f 9310 9318 9205
f 9414 9310 9389
f 9310 9205 9185
f 9389 9310 9292
f 9389 9292 9377
f 9389 9377 9442
f 9442 9377 9375
f 9442 9375 9448
f 9460 9456 9454
f 9460 9454 9448
f 9460 9448 9453
f 9460 9453 9455
f 9460 9455 9462
f 9455 9453 9413
f 9413 9453 9388
f 9413 9388 9309
f 9413 9309 9316
f 9309 9388 9291
f 9291 9388 9376
f 9376 9388 9441
f 9376 9441 9375
f 9375 9441 9448
f 9442 9448 9454
f 9442 9454 9389
f 9441 9453 9448
f 9453 9441 9388
f 9457 9461 9462
f 9457 9462 9455
f 9461 9457 9449
f 9461 9449 9459
f 9449 9457 9390
f 9390 9457 9415
f 9443 9390 9396
f 9396 9390 9338
f 9390 9415 9334
f 9390 9334 9338
f 9338 9334 9313
f 9334 9415 9328
f 9313 9334 9299
f 9299 9334 9328
f 9299 9328 9262
f 9299 9262 9228
f 9299 9228 9270
f 9299 9270 9301
f 9270 9228 9252
f 9252 9228 9208
f 9462 9461 9458
f 9458 9461 9450
f 9450 9461 9459
f 9458 9450 9392
f 9458 9392 9416
f 9416 9392 9336
f 9416 9336 9331
f 9336 9392 9340
f 9340 9392 9397
f 9397 9392 9444
f 9340 9397 9342
f 9340 9342 9314
f 9342 9397 9398
f 9398 9397 9444
f 9398 9444 9445
f 9415 9457 9455
f 9415 9455 9413
f 9415 9413 9316
f 9415 9316 9328
f 9309 9204 9316
f 9316 9204 9224
f 9316 9224 9328
f 9328 9224 9262
f 9262 9224 9129
f 9129 9224 9069
f 9262 9129 9228
f 9290 9375 9377
f 9375 9290 9376
f 9290 9377 9292
f 9376 9290 9291
f 9291 9290 9169
f 9169 9290 9292
f 9291 9169 9184
f 9184 9169 9037
f 9037 9169 9002
f 9002 9169 9039
f 9039 9169 9185
f 9185 9169 9292
f 9185 9292 9310
f 9445 9450 9459
f 9445 9459 9449
f 9450 9445 9444
f 9450 9444 9392
f 9445 9449 9443
f 9443 9449 9390
f 9445 9443 9398
f 9398 9443 9396
f 9398 9396 9342
f 9342 9396 9338
f 9426 9404 9434
f 9434 9404 9420
f 9420 9404 9385
f 9385 9404 9348
f 9385 9348 9325
f 9325 9348 9193
f 9348 9404 9408
f 9408 9404 9426
f 9348 9408 9350
f 9348 9350 9211
f 9408 9426 9436
f 9436 9426 9407
f 9350 9408 9424
f 9424 9408 9436
f 9211 9350 9213
f 9350 9424 9360
f 9350 9360 9213
f 9211 9213 8975
f 9211 8975 8950
f 8975 9213 8977
f 8975 8977 8708
f 8977 9213 9233
f 9233 9213 9360
f 8977 9233 9020
f 9387 9360 9424
f 9360 9387 9233
f 9387 9424 9440
f 9440 9424 9436
f 9020 9233 9273
f 9273 9233 9387
f 9020 9273 9080
f 9452 9436 9439
f 9436 9452 9440
f 9440 9452 9447
f 9080 9273 9275
f 9080 9275 9052
f 9273 9387 9372
f 9372 9387 9440
f 9273 9372 9275
f 9440 9447 9430
f 9440 9430 9372
f 9430 9447 9432
f 9275 9372 9352
f 9352 9372 9430
f 9275 9352 9235
f 9235 9352 9179
f 9179 9352 9289
f 9352 9430 9412
f 9352 9412 9289
f 9412 9430 9432
f 9289 9412 9364
f 9364 9412 9432
f 9364 9432 9374
f 9364 9374 9308
f 9434 9420 9384
f 9434 9384 9403
f 9384 9420 9370
f 9370 9420 9385
f 9384 9370 9345
f 9384 9345 9382
f 9382 9345 9343
f 9434 9403 9426
f 9426 9403 9407
f 9382 9403 9384
f 9403 9382 9401
f 9403 9401 9407
f 9407 9401 9405
f 9407 9405 9423
f 9405 9401 9425
f 9425 9401 9433
f 9423 9405 9421
f 9425 9433 9402
f 9423 9421 9437
f 9421 9405 9435
f 9435 9405 9425
f 9421 9435 9437
f 9423 9437 9439
f 9425 9402 9406
f 9425 9406 9435
f 9406 9402 9347
f 9347 9402 9383
f 9383 9402 9419
f 9347 9383 9324
f 9406 9347 9349
f 9406 9349 9422
f 9406 9422 9435
f 9422 9349 9359
f 9422 9359 9386
f 9422 9386 9438
f 9422 9438 9435
f 9438 9386 9371
f 9435 9438 9451
f 9435 9451 9437
f 9438 9371 9429
f 9429 9371 9351
f 9429 9351 9411
f 9451 9438 9446
f 9446 9438 9429
f 9451 9446 9437
f 9429 9411 9431
f 9429 9431 9446
f 9431 9411 9363
f 9431 9363 9373
f 9373 9363 9307
f 9373 9307 9361
f 9437 9446 9427
f 9427 9446 9431
f 9437 9427 9439
f 9439 9427 9428
f 9427 9431 9409
f 9427 9409 9428
f 9373 9361 9409
f 9428 9409 9410
f 9410 9409 9362
f 9362 9409 9361
f 9362 9361 9276
f 9362 9276 9278
f 9423 9439 9436
f 9436 9407 9423
f 9452 9439 9447
f 9447 9439 9428
f 9447 9428 9432
f 9432 9428 9410
f 9432 9410 9374
f 9374 9410 9362
f 9374 9362 9308
f 9308 9362 9278
f 9308 9278 9181
f 9181 9278 9158
f 9181 9158 8979
f 9158 9278 9157
f 9157 9278 9276
f 8979 9158 8918
f 8979 8918 8736
f 8736 8918 8716
f 8736 8716 8453
f 8453 8716 8414
f 8453 8414 8113
f 8113 8414 8110
f 6967 6894 6555
f 6555 6713 6967
f 6893 6894 7212
f 6893 7212 7139
f 6894 6893 6554
f 6894 6554 6555
f 6554 6893 6482
f 6893 7139 6715
f 6715 7139 7056
f 6715 7056 6620
f 6620 7056 6888
f 6620 6888 6618
f 6620 6618 6386
f 5771 5844 6094
f 5771 6094 6093
f 5844 5771 5495
f 5844 5495 5535
f 5495 5771 5494
f 5771 6093 5770
f 5771 5770 5494
f 5770 6093 6092
f 5494 5770 5493
f 5770 6092 5769
f 5770 5769 5493
f 5769 6092 5986
f 5493 5769 5492
f 5769 5986 5984
f 5492 5769 5703
f 5703 5769 5984
f 6216 6218 5986
f 6216 6215 6218
f 6140 5986 6218
f 5986 6140 5984
f 6386 5988 6384
f 5988 6386 5705
f 5988 5705 5626
f 5705 6386 6142
f 5626 5705 5316
f 5705 6142 5848
f 5848 6142 6306
f 5848 6306 6096
f 5705 5848 5153
f 5705 5153 5316
f 5848 6096 5628
f 5848 5628 5153
f 5628 6096 5773
f 5628 5773 5424
f 5628 5424 5152
f 5628 5152 5153
f 5152 5424 5071
f 5152 5071 4628
f 4628 5071 4683
f 5152 4628 5153
f 4999 5316 5153
f 5316 4999 4945
f 4945 4999 4681
f 4681 4999 5153
f 4681 5153 4284
f 4284 5153 4628
f 4681 4284 4280
f 4284 4628 4139
f 4139 4628 4433
f 4284 4139 3779
f 5984 6140 5988
f 5984 5988 5626
f 5984 5626 5703
f 5703 5626 5492
f 5149 5148 4858
f 4862 4858 5148
f 5148 5147 4862
f 4862 5147 4861
f 4861 5147 5146
f 4861 5146 4857
f 4857 5146 5145
f 4861 4857 4679
f 4857 5145 4943
f 4679 4857 4678
f 4678 4857 4943
f 4424 4500 4429
f 4429 4500 4499
f 4504 4499 4500
f 4499 4504 4503
f 4429 4499 4504
f 4186 4185 3957
f 3957 4185 3956
f 3957 3956 3601
f 3956 4185 4278
f 3601 3956 3600
f 3956 4278 4025
f 3956 4025 3600
f 4025 4278 4277
f 3600 4025 3696
f 4025 4277 4024
f 4025 4024 3696
f 3696 4024 3777
f 4024 4277 4361
f 4024 4361 4069
f 4069 4361 4188
f 4188 4361 4563
f 4188 4563 4681
f 4628 4683 4433
f 5541 5992 6144
f 5539 5538 5079
f 5079 5538 5078
f 5078 5538 5541
f 5079 5078 4632
f 5078 5541 5077
f 4632 5078 4631
f 4631 5078 5077
f 4631 5077 4634
f 5630 5723 5097
f 5097 5723 5722
f 5097 5722 5096
f 5097 5096 4512
f 5096 5722 5721
f 4512 5096 4511
f 4511 5096 5093
f 5093 5096 5721
f 4511 5093 4510
f 5093 5721 5716
f 5716 5721 6313
f 4510 5093 5092
f 5092 5093 5716
f 4510 5092 4443
f 5092 5716 5715
f 4443 5092 5091
f 5091 5092 5715
f 4443 5091 4442
f 5091 5715 5714
f 4442 5091 5090
f 5090 5091 5714
f 4442 5090 4441
f 5090 5714 5713
f 5713 5714 6390
f 5713 6390 6389
f 5713 6389 5712
f 5090 5713 5089
f 5090 5089 4441
f 5089 5713 5712
f 4441 5089 4440
f 5089 5712 5088
f 5089 5088 4440
f 5088 5712 5720
f 4440 5088 4439
f 5088 5720 4947
f 5088 4947 4439
f 4439 4947 4194
f 4947 5720 5632
f 4947 5632 4723
f 5097 5081 5630
f 4512 4507 5081
f 5081 5097 4512
f 5722 6317 6314
f 5721 5722 6314
f 5721 6314 6313
f 8601 8765 8766
f 8766 8765 8810
f 8810 8765 8746
f 8746 8765 8685
f 8746 8685 8630
f 8630 8685 8519
f 8630 8519 8354
f 8746 8630 8652
f 8746 8652 8748
f 8630 8354 8491
f 8630 8491 8652
f 8652 8491 8604
f 8491 8354 8208
f 8491 8208 8318
f 8766 8814 8726
f 8726 8814 8728
f 8766 8726 8601
f 8726 8728 8493
f 8601 8726 8523
f 8523 8726 8493
f 8523 8493 8266
f 8266 8493 8234
f 8810 8814 8766
f 8814 8810 8813
f 8814 8813 8790
f 8765 8601 8685
f 8685 8601 8392
f 8685 8392 8519
f 8392 8601 8266
f 8266 8601 8523
f 8392 8266 8083
f 8519 8392 8206
f 8206 8392 8083
f 8519 8206 8354
f 8206 8083 7941
f 8814 8790 8728
f 8728 8790 8692
f 8728 8692 8497
f 8728 8497 8493
f 8497 8692 8499
f 8499 8692 8696
f 8497 8499 8364
f 8493 8497 8236
f 8236 8497 8364
f 8493 8236 8234
f 8236 8364 8212
f 8234 8236 8018
f 8236 8212 8099
f 8236 8099 8018
f 8748 8813 8810
f 8810 8746 8748
f 8790 8813 8788
f 8788 8813 8748
f 8788 8748 8732
f 8732 8748 8632
f 8632 8748 8652
f 8732 8632 8568
f 8732 8568 8654
f 8790 8788 8750
f 8750 8788 8654
f 8654 8788 8732
f 8790 8750 8695
f 8695 8750 8654
f 8790 8695 8696
f 8695 8654 8566
f 8695 8566 8696
f 8696 8692 8790
f 8566 8499 8696
f 8566 8654 8568
f 8566 8568 8431
f 8566 8431 8499
f 8499 8431 8364
f 8431 8568 8501
f 8501 8568 8606
f 8431 8501 8366
f 8431 8366 8364
f 8364 8366 8212
f 8212 8366 8183
f 8183 8366 8320
f 8320 8366 8503
f 8266 8234 8083
f 8083 8234 8018
f 8083 8018 7941
f 7941 8018 7908
f 7941 7908 7892
f 7892 7908 7847
f 8606 8568 8632
f 8606 8632 8604
f 8604 8632 8652
f 8606 8604 8570
f 8606 8570 8572
f 8572 8570 8608
f 8606 8572 8501
f 8501 8572 8503
f 8501 8503 8366
f 8572 8608 8610
f 8572 8610 8503
f 8610 8608 8634
f 8503 8610 8529
f 8610 8634 8612
f 8610 8612 8529
f 8529 8612 8574
f 8612 8634 8656
f 8704 8656 8776
f 8656 8704 8660
f 8612 8656 8636
f 8636 8656 8660
f 8612 8636 8574
f 8636 8660 8578
f 8574 8636 8576
f 8576 8636 8578
f 8574 8576 8433
f 8576 8578 8435
f 8576 8435 8433
f 7843 8018 8056
f 8018 7843 7908
f 7908 7843 7770
f 7843 8056 7937
f 7937 8056 8087
f 7937 8087 8014
f 8014 8087 8089
f 8089 8087 8128
f 8014 8089 7939
f 7939 8089 8058
f 8018 8060 8056
f 8056 8060 8087
f 8060 8018 8099
f 8087 8060 8092
f 8087 8092 8128
f 8060 8099 7983
f 8060 7983 7981
f 7983 8099 8062
f 7983 8062 7985
f 7985 8062 8101
f 7985 8101 8024
f 8024 8101 8155
f 8130 8128 8092
f 8128 8130 8093
f 8093 8130 8097
f 8128 8093 8089
f 8089 8093 8058
f 8062 8099 8212
f 8212 8183 8062
f 8009 7975 8008
f 8008 7975 7974
f 8009 8008 8049
f 8009 8049 8053
f 7872 7975 8009
f 7975 7872 7870
f 7975 7870 7904
f 7870 7872 7658
f 7870 7658 7656
f 8009 8053 7880
f 7880 8053 7882
f 8009 7880 7872
f 7872 7880 7685
f 7872 7685 7658
f 7658 7685 7515
f 7515 7685 7603
f 7658 7515 7490
f 7515 7603 7426
f 7426 7603 7568
f 7490 7515 7268
f 7268 7515 7426
f 7490 7268 7146
f 7146 7268 6990
f 7268 7426 7148
f 7148 7426 7517
f 7975 7904 7921
f 7921 7904 7715
f 7870 7656 7715
f 7715 7656 7488
f 7921 7715 7798
f 7921 7798 7868
f 7868 7798 7758
f 7758 7798 7628
f 7628 7798 7715
f 7758 7628 7630
f 7630 7628 7486
f 7628 7715 7535
f 7535 7715 7488
f 7628 7535 7486
f 7535 7488 7336
f 7535 7336 7486
f 7336 7488 7144
f 7336 7144 6979
f 7336 6979 7386
f 7336 7386 7486
f 7486 7386 7537
f 7921 7974 7975
f 7974 7921 7923
f 7923 7921 7868
f 7923 7868 7837
f 7837 7868 7758
f 7837 7758 7717
f 7837 7717 7803
f 7803 7717 7719
f 7717 7758 7630
f 7717 7630 7597
f 7597 7630 7537
f 8053 7931 7882
f 7977 7931 8053
f 7931 7977 7839
f 7977 8053 8049
f 7839 7977 7929
f 7929 7977 8049
f 7880 7882 7760
f 7880 7760 7685
f 7760 7882 7839
f 7839 7882 7931
f 8008 7974 7925
f 8008 7925 8049
f 8049 7925 7929
f 7929 7925 7884
f 7884 7925 7879
f 7715 7904 7870
f 7974 7923 7925
f 7925 7923 7879
f 7879 7923 7837
f 7760 7839 7807
f 7807 7839 7929
f 7807 7929 7884
f 7807 7884 7764
f 7760 7807 7603
f 7603 7807 7764
f 7760 7603 7685
f 7603 7764 7568
f 7656 7658 7490
f 7656 7490 7488
f 7488 7490 7146
f 7488 7146 7144
f 7144 7146 6736
f 6736 7146 6990
f 7144 6736 6730
f 7144 6730 6979
f 6979 6730 6633
f 6730 6736 6401
f 6633 6730 6398
f 6398 6730 6401
f 6398 6401 6226
f 6226 6401 6228
f 7939 8058 8016
f 7939 8016 7845
f 7939 7845 7766
f 7766 7845 7634
f 7939 7766 7937
f 7939 7937 8014
f 7937 7766 7843
f 7843 7766 7632
f 7632 7766 7634
f 7632 7634 7498
f 7632 7498 7566
f 7566 7498 7392
f 8016 8058 8093
f 8016 8093 7945
f 8016 7945 7943
f 8016 7943 7845
f 7845 7943 7772
f 7845 7772 7634
f 7634 7772 7545
f 7545 7772 7726
f 7634 7545 7498
f 7545 7726 7519
f 7498 7545 7345
f 7345 7545 7519
f 7498 7345 7392
f 7345 7519 7347
f 7392 7345 7222
f 7222 7345 7347
f 7222 7347 7155
f 7155 7347 7278
f 7222 7155 7150
f 7150 7155 6995
f 7150 6995 7343
f 8093 8097 7947
f 7947 8097 7949
f 7947 7945 8093
f 8097 8130 8022
f 8022 7949 8097
f 7949 8022 7910
f 7943 7945 7726
f 7945 7947 7728
f 7945 7728 7726
f 7726 7728 7605
f 7726 7605 7519
f 7519 7605 7500
f 7500 7605 7636
f 7519 7500 7347
f 7500 7636 7607
f 7347 7500 7278
f 7278 7500 7468
f 7468 7500 7607
f 7278 7468 7280
f 7468 7607 7502
f 7468 7502 7280
f 7502 7607 7638
f 7280 7502 7394
f 7394 7502 7521
f 7394 7521 7428
f 7428 7521 7547
f 7428 7547 7570
f 7428 7570 7470
f 7947 7949 7811
f 7947 7811 7728
f 7728 7811 7691
f 8020 8096 8130
f 8130 8092 8020
f 8130 8096 8022
f 7910 7811 7949
f 8096 7910 8022
f 7910 8096 8020
f 7726 7772 7943
f 7728 7691 7605
f 7605 7691 7636
f 7636 7691 7849
f 7849 7691 7811
f 7849 7811 7910
f 7849 7910 8020
f 7849 8020 7981
f 7981 8020 8092
f 7636 7849 7851
f 7851 7849 7981
f 7636 7851 7607
f 7851 7981 7983
f 7607 7851 7853
f 7853 7851 7983
f 7853 7983 7985
f 8092 8060 7981
f 7632 7770 7843
f 7941 8082 8206
f 8206 8082 8354
f 8082 7941 7979
f 7979 7941 7892
f 8082 7979 8208
f 8208 7979 8086
f 8208 8086 8318
f 8318 8086 8238
f 7689 7908 7770
f 7689 7847 7908
f 7770 7632 7566
f 7543 7689 7770
f 7543 7770 7566
f 7543 7566 7392
f 7689 7543 7517
f 7543 7392 7343
f 7543 7343 7517
f 7517 7343 7270
f 7724 7847 7689
f 7847 7724 7892
f 7892 7724 7888
f 7724 7689 7568
f 7724 7568 7764
f 7568 7689 7517
f 7568 7517 7426
f 8952 9024 9142
f 9024 8952 8806
f 8648 8859 8806
f 8648 8806 8551
f 8648 8551 8429
f 8648 8429 8489
f 8489 8429 8356
f 8551 8806 8740
f 8740 8806 8952
f 8551 8740 8521
f 8521 8740 8722
f 8740 8952 8924
f 8740 8924 8722
f 8722 8924 8881
f 8881 8924 9060
f 8924 8952 9114
f 8924 9114 9086
f 9086 9114 9164
f 9142 9114 8952
f 9114 9142 9164
f 9144 9142 9024
f 9059 9144 9024
f 9059 9024 8859
f 8859 9024 8806
f 9059 8859 8926
f 8926 8859 8809
f 8809 8859 8724
f 8724 8859 8648
f 9164 9142 9144
f 9086 9060 8924
f 9060 9086 9164
f 9060 9164 9062
f 9062 9164 9092
f 9060 9062 8881
f 9062 9092 8885
f 8881 9062 8861
f 8861 9062 8885
f 8881 8861 8722
f 8861 8885 8731
f 8722 8861 8689
f 8689 8861 8731
f 9164 9144 9146
f 9146 9144 9028
f 9144 9059 9028
f 9028 9059 8926
f 9116 9146 9028
f 9116 9028 8983
f 8983 9028 8891
f 8983 8891 8863
f 8863 8891 8818
f 8891 9028 8932
f 8932 9028 8926
f 8932 8926 8809
f 8932 8809 8841
f 8932 8841 8865
f 9066 9092 9164
f 9066 9164 9168
f 9146 9168 9164
f 9092 9066 8887
f 9092 8887 8885
f 8885 8887 8768
f 9168 9096 9066
f 9096 9168 9146
f 9030 9066 9096
f 9066 9030 8887
f 8887 9030 8889
f 8887 8889 8816
f 8887 8816 8768
f 8768 8816 8698
f 8698 8816 8752
f 8816 8889 8863
f 8816 8863 8752
f 8752 8863 8818
f 8863 8889 8956
f 8863 8956 8983
f 9096 9146 9116
f 8885 8768 8731
f 8731 8768 8604
f 8956 9030 9096
f 9030 8956 8889
f 8956 9096 9116
f 8956 9116 8983
f 8865 8891 8932
f 8891 8865 8818
f 8818 8865 8820
f 8818 8820 8754
f 8818 8754 8752
f 8752 8754 8700
f 8752 8700 8698
f 8700 8754 8734
f 8734 8754 8770
f 8770 8754 8820
f 8734 8770 8756
f 8756 8770 8792
f 8756 8792 8772
f 8770 8820 8843
f 8770 8843 8792
f 8843 8820 8869
f 8869 8820 8865
f 8824 8776 8772
f 8824 8772 8822
f 8822 8772 8792
f 8824 8822 8875
f 8822 8792 8873
f 8822 8873 8875
f 8873 8792 8843
f 8875 8873 8940
f 8875 8940 8943
f 8873 8843 8902
f 8873 8902 8940
f 8902 8843 8869
f 8943 8940 8904
f 8904 8940 8902
f 8943 8904 8938
f 8904 8902 8871
f 8871 8902 8869
f 8904 8871 8938
f 8943 8938 9004
f 8871 8869 8867
f 8867 8869 8865
f 8867 8865 8841
f 8867 8841 8895
f 8867 8895 8898
f 8867 8898 8871
f 8898 8895 8934
f 8871 8898 8900
f 8871 8900 8938
f 8898 8934 8958
f 8898 8958 8900
f 9032 8934 8985
f 8958 8934 8991
f 8991 8934 9032
f 8900 8958 8960
f 8900 8960 8938
f 8958 8991 8997
f 8958 8997 8960
f 8938 8960 9001
f 8960 8997 9036
f 8960 9036 9001
f 8938 9001 9070
f 9070 9001 9036
f 8938 9070 9004
f 9004 9070 9130
f 9070 9036 9039
f 9036 8997 8996
f 8996 8997 8991
f 9039 9036 9035
f 9035 9036 8996
f 9039 9035 8999
f 8999 9035 8996
f 9039 8999 9002
f 8999 8996 8993
f 9002 8999 8961
f 8996 8991 8989
f 8996 8989 8993
f 8993 8989 8987
f 8989 8991 9032
f 8989 9032 9068
f 9002 8961 8998
f 8998 8961 8992
f 9002 8998 9037
f 9037 8998 9033
f 8998 8992 8994
f 8998 8994 9033
f 9037 9033 9034
f 9034 9033 8994
f 9037 9034 9069
f 9069 9034 9000
f 9000 9034 8959
f 8959 9034 8995
f 8995 9034 8994
f 8959 8995 8957
f 8957 8995 8990
f 8990 8995 8994
f 8957 8990 8933
f 8990 8994 8988
f 8988 8994 8992
f 8990 8988 9031
f 8988 8992 8986
f 8988 8986 9067
f 9067 8986 9063
f 8495 8521 8722
f 8495 8722 8689
f 8495 8689 8604
f 8495 8604 8468
f 8495 8468 8362
f 8362 8468 8238
f 8362 8238 8272
f 8495 8362 8394
f 8394 8362 8272
f 8495 8394 8521
f 8394 8272 8356
f 8394 8356 8429
f 8394 8429 8521
f 8521 8429 8551
f 8489 8724 8648
f 8724 8489 8527
f 8527 8489 8358
f 8358 8489 8356
f 8527 8358 8360
f 8527 8360 8564
f 8564 8360 8398
f 8698 8604 8768
f 8604 8689 8731
f 8491 8468 8604
f 8468 8491 8318
f 8468 8318 8238
f 8698 8570 8604
f 8570 8698 8700
f 8570 8700 8608
f 8608 8700 8734
f 8608 8734 8634
f 8634 8734 8756
f 8634 8756 8656
f 8656 8756 8772
f 9219 9221 9088
f 9221 9219 9255
f 9219 9088 9085
f 9219 9085 9197
f 9197 9085 9082
f 9197 9082 9112
f 9082 9085 8857
f 8857 9085 8883
f 8857 8883 8745
f 8930 8883 9088
f 8745 8883 8809
f 8809 8883 8930
f 8809 8930 8841
f 9219 9197 9255
f 9257 9199 9221
f 9199 9257 9183
f 9221 9199 9091
f 9091 9199 9183
f 9091 9183 9094
f 9118 9032 9094
f 9094 9032 8985
f 9094 8985 9091
f 8934 8895 8985
f 8985 8895 8955
f 8985 8955 9091
f 8955 8895 8841
f 8955 8841 8930
f 8955 8930 9091
f 9091 8930 9088
f 9221 9255 9257
f 9257 9255 9239
f 9239 9255 9237
f 9257 9239 9241
f 9091 9088 9221
f 9217 9255 9197
f 9112 9217 9197
f 9255 9217 9216
f 9216 9217 9112
f 9255 9216 9237
f 9216 9112 9111
f 9216 9111 9237
f 9237 9111 9140
f 9140 9111 8922
f 9237 9140 9162
f 9140 8922 8981
f 9162 9140 9026
f 9026 9140 8981
f 9085 9088 8883
f 9183 9257 9203
f 9203 9257 9241
f 9203 9241 9202
f 9183 9203 9118
f 9118 9203 9202
f 9183 9118 9094
f 9118 9202 9148
f 9118 9148 9032
f 9032 9148 9068
f 9082 8857 8879
f 8879 8857 8721
f 9082 8879 9112
f 9112 8879 9111
f 9111 8879 8922
f 8879 8721 8738
f 8879 8738 8922
f 8922 8738 8786
f 8922 8786 8981
f 8981 8786 8838
f 8786 8738 8650
f 8650 8738 8628
f 9162 9239 9237
f 9239 9162 9166
f 9239 9166 9241
f 9241 9166 9202
f 9202 9166 9148
f 9148 9166 9068
f 9068 9166 9065
f 9065 9166 9162
f 9162 9026 9065
f 9065 9026 8928
f 9065 8928 8987
f 8779 8854 8781
f 8779 8781 8625
f 8780 8854 8779
f 8780 8779 8625
f 8854 8780 8799
f 8854 8799 8801
f 8801 8799 8677
f 8677 8799 8675
f 8675 8799 8780
f 8675 8780 8645
f 8801 8855 8854
f 8855 8801 8803
f 8803 8801 8679
f 8803 8679 8782
f 8679 8801 8677
f 8679 8677 8595
f 8595 8677 8546
f 8595 8546 8461
f 8461 8546 8422
f 8595 8461 8516
f 8461 8422 8351
f 8351 8422 8259
f 8351 8259 8178
f 8595 8516 8548
f 8597 8679 8595
f 8679 8597 8681
f 8681 8597 8683
f 8683 8597 8626
f 8626 8597 8548
f 8626 8548 8599
f 8854 8855 8802
f 8802 8800 8854
f 8800 8802 8678
f 8800 8678 8676
f 8800 8676 8781
f 8676 8678 8513
f 8513 8678 8547
f 8676 8513 8456
f 8513 8547 8423
f 8456 8513 8344
f 8344 8513 8423
f 8456 8344 8227
f 8344 8423 8261
f 8227 8344 8177
f 8177 8344 8261
f 8227 8177 8079
f 8177 8261 8179
f 8177 8179 8054
f 8854 8800 8781
f 8781 8676 8646
f 8646 8676 8456
f 8781 8646 8625
f 8646 8456 8382
f 8382 8456 8227
f 8625 8646 8340
f 8340 8646 8382
f 8625 8340 8645
f 8625 8645 8780
f 8382 8227 8176
f 8176 8227 8004
f 8176 8004 7920
f 8382 8176 8148
f 8382 8148 8340
f 8148 8176 7920
f 8148 7920 8175
f 8175 7920 8002
f 8340 8148 8381
f 8381 8148 8175
f 8340 8381 8645
f 8381 8175 8225
f 8381 8225 8455
f 8381 8455 8645
f 8645 8455 8675
f 8804 8802 8855
f 8804 8855 8783
f 8804 8783 8784
f 8802 8804 8680
f 8680 8804 8784
f 8802 8680 8678
f 8680 8784 8682
f 8680 8682 8598
f 8598 8682 8683
f 8598 8683 8626
f 8680 8598 8596
f 8680 8596 8678
f 8678 8596 8547
f 8547 8596 8462
f 8547 8462 8423
f 8462 8596 8517
f 8517 8596 8549
f 8803 8783 8855
f 8784 8783 8683
f 8784 8683 8682
f 8683 8783 8782
f 8683 8782 8681
f 8681 8782 8679
f 8783 8803 8782
f 8857 8745 8721
f 8721 8745 8562
f 8721 8562 8556
f 8562 8745 8564
f 8564 8745 8809
f 8562 8564 8396
f 8396 8564 8398
f 8562 8396 8466
f 8562 8466 8556
f 8556 8466 8525
f 8556 8525 8628
f 8809 8724 8564
f 8564 8724 8527
f 8738 8721 8628
f 8556 8628 8721
f 8928 9026 8981
f 8928 8981 8838
f 8928 8838 8839
f 8839 8838 8742
f 8839 8742 8690
f 8928 8839 8893
f 8928 8893 8987
f 8987 8893 8936
f 8936 8893 8896
f 8936 8896 8961
f 8838 8786 8742
f 8742 8786 8650
f 8742 8650 8687
f 8742 8687 8690
f 8687 8650 8558
f 8558 8650 8628
f 8558 8628 8525
f 8687 8558 8561
f 8687 8561 8690
f 8690 8561 8602
f 8987 9068 9065
f 8987 8989 9068
f 8936 8993 8987
f 8993 8936 8961
f 8993 8961 8999
f 8839 8690 8741
f 8839 8741 8837
f 8839 8837 8927
f 8927 8837 8980
f 8927 8980 9025
f 9025 8980 9139
f 9025 9139 9161
f 9161 9139 9236
f 8892 8893 8839
f 8893 8892 8896
f 8839 8927 8892
f 8690 8602 8559
f 8690 8559 8686
f 8690 8686 8741
f 8686 8559 8557
f 8741 8686 8649
f 8649 8686 8557
f 8649 8557 8627
f 8627 8557 8524
f 8627 8524 8554
f 8554 8524 8465
f 8980 8837 8785
f 8785 8837 8741
f 8785 8741 8649
f 8980 8785 8921
f 8980 8921 9139
f 9139 8921 9109
f 8785 8649 8737
f 8785 8737 8921
f 8737 8649 8627
f 9109 8921 8878
f 8878 8921 8737
f 9109 8878 9110
f 8878 8737 8719
f 9110 8878 9081
f 8878 8719 8856
f 8878 8856 9081
f 9025 9063 8927
f 9063 9025 9161
f 9063 9161 9165
f 9165 9161 9238
f 9063 9165 9067
f 9067 9165 9147
f 9067 9147 9031
f 9031 9147 9117
f 9147 9165 9200
f 9200 9165 9240
f 8986 8927 9063
f 8927 8986 8892
f 8892 8986 8935
f 8935 8986 8992
f 8892 8935 8896
f 8935 8992 8961
f 8935 8961 8896
f 7750 8075 8120
f 7650 7999 7793
f 7793 7999 7969
f 7969 7999 8196
f 7650 7793 7563
f 7793 7969 7752
f 7793 7752 7626
f 7793 7626 7563
f 7752 7969 7791
f 7563 7626 7455
f 7650 7563 7214
f 7563 7455 7061
f 7563 7061 7214
f 7061 7455 6975
f 7214 7061 6100
f 6100 7061 6975
f 6100 6975 5923
f 8043 7969 8196
f 7969 8043 7791
f 8043 8196 8254
f 8043 8254 8195
f 7791 8043 7968
f 7968 8043 8195
f 7791 7968 7751
f 7968 8195 7998
f 7751 7968 7792
f 7792 7968 7998
f 7751 7792 7625
f 7792 7998 7649
f 7792 7649 7562
f 7562 7649 7213
f 7562 7213 7060
f 7060 7213 6099
f 7060 6099 6974
f 6974 6099 5922
f 6099 7213 5920
f 6099 5920 5922
f 5920 7213 7260
f 5920 7260 5918
f 7333 7140 5918
f 5918 7140 5851
f 5918 5851 4724
f 5918 4724 5920
f 4724 5851 4690
f 4724 4690 3535
f 5920 4724 4755
f 5920 4755 5922
f 4755 4724 3610
f 5922 4755 5855
f 5855 4755 4759
f 5922 5855 6895
f 7752 7791 7755
f 7755 7791 7751
f 7755 7751 7710
f 7752 7755 7712
f 7752 7712 7626
f 7755 7710 7756
f 7755 7756 7712
f 7756 7710 7679
f 7626 7712 7589
f 7756 7679 7681
f 7681 7679 7651
f 7651 7679 7590
f 7590 7679 7588
f 7756 7681 7680
f 7756 7680 7712
f 7712 7680 7589
f 7680 7681 7652
f 7680 7652 7591
f 7680 7591 7589
f 7589 7591 7457
f 7589 7457 7455
f 7589 7455 7626
f 7625 7710 7751
f 7710 7625 7588
f 7710 7588 7679
f 7588 7625 7454
f 7588 7454 7456
f 7456 7454 6974
f 7588 7456 7590
f 7456 6974 6895
f 6895 6974 5922
f 7590 7456 7419
f 7419 7456 6895
f 7590 7419 7530
f 7590 7530 7651
f 7530 7419 7383
f 7419 6895 6897
f 7419 6897 7383
f 6897 6895 5855
f 7383 6897 6816
f 6897 5855 5859
f 6897 5859 6816
f 5859 5855 4759
f 6816 5859 5861
f 7652 7681 7564
f 7564 7681 7651
f 7652 7564 7533
f 7533 7564 7458
f 7533 7458 7422
f 7533 7422 7460
f 7460 7422 7264
f 7458 7564 7532
f 7532 7564 7651
f 7458 7532 7421
f 7532 7651 7530
f 7460 7264 7218
f 7460 7218 7384
f 7218 7264 6977
f 7384 7218 6817
f 7532 7530 7459
f 7532 7459 7421
f 7459 7530 7383
f 7421 7459 7263
f 6817 7218 6626
f 6626 7218 6977
f 6817 6626 5862
f 6626 6977 6492
f 7263 7459 7217
f 7217 7459 7383
f 7263 7217 6976
f 7217 7383 6816
f 6626 6492 5778
f 6626 5778 5862
f 5862 5778 4764
f 5778 6492 5640
f 4764 5778 4766
f 4766 5778 5640
f 4766 5640 4762
f 4766 4762 3706
f 3706 4762 3863
f 3706 3863 335
f 3706 335 434
f 434 335 689
f 689 335 567
f 567 335 243
f 689 567 738
f 738 567 565
f 738 565 687
f 689 738 886
f 886 738 802
f 886 802 974
f 886 974 1027
f 886 1027 804
f 6625 7217 6816
f 7217 6625 6976
f 6625 6816 5861
f 6976 6625 6491
f 6491 6625 5777
f 5777 6625 5861
f 6491 5777 5639
f 5639 5777 4765
f 5777 5861 4763
f 5777 4763 4765
f 4763 5861 5859
f 4763 5859 4759
f 4765 4763 3705
f 3705 4763 3703
f 3705 3703 433
f 7531 7591 7652
f 7531 7652 7533
f 7531 7533 7460
f 7531 7460 7384
f 7591 7531 7420
f 7420 7531 7384
f 7591 7420 7457
f 7420 7384 6898
f 6898 7384 6817
f 7457 7420 6896
f 6896 7420 6898
f 7457 6896 6975
f 7457 6975 7455
f 6975 6896 5923
f 5923 6896 5856
f 5856 6896 6898
f 5923 5856 4756
f 4756 5856 4760
f 5856 6898 5860
f 5860 6898 6817
f 4764 4760 5860
f 5860 6817 5862
f 5860 5862 4764
f 8458 8481 8515
f 8481 8458 8421
f 8481 8421 8384
f 8384 8421 8306
f 8384 8306 8258
f 8258 8306 8147
f 8384 8258 8308
f 8258 8147 8150
f 8150 8147 7971
f 8258 8150 8200
f 8258 8200 8308
f 8308 8200 8262
f 8515 8481 8483
f 8515 8483 8485
f 8515 8485 8390
f 8390 8485 8348
f 8348 8485 8350
f 8390 8458 8515
f 8458 8390 8386
f 8458 8386 8256
f 8458 8256 8342
f 8256 8386 8228
f 8228 8386 8198
f 8256 8228 8077
f 8228 8198 8005
f 8077 8228 8045
f 8045 8228 8005
f 8388 8483 8481
f 8481 8384 8388
f 8485 8483 8460
f 8460 8483 8346
f 8346 8483 8388
f 8425 8350 8485
f 8425 8485 8460
f 8350 8425 8310
f 8310 8425 8460
f 8350 8310 8230
f 8310 8460 8346
f 8458 8342 8421
f 8421 8342 8306
f 8306 8342 8174
f 8174 8342 8256
f 8306 8174 8147
f 8174 8256 8077
f 8147 8174 8001
f 8001 8174 8077
f 8147 8001 7971
f 8001 8077 7866
f 7866 8077 8045
f 8001 7866 7835
f 7866 8045 7795
f 7835 7866 7654
f 7654 7866 7795
f 7654 7795 7592
f 8386 8390 8198
f 8198 8390 8202
f 8202 8390 8348
f 8198 8202 8048
f 8048 8202 8153
f 8198 8048 8005
f 8308 8388 8384
f 8312 8346 8388
f 8346 8312 8232
f 8232 8312 8314
f 8308 8262 8312
f 8312 8262 8314
f 8232 8314 8265
f 8232 8265 8153
f 8153 8265 8181
f 8153 8181 8086
f 8181 8265 8272
f 8181 8272 8238
f 8272 8265 8356
f 8356 8265 8314
f 8356 8314 8316
f 8316 8314 8262
f 8356 8316 8358
f 8316 8262 8204
f 8204 8262 8200
f 8316 8204 8270
f 8316 8270 8358
f 8358 8270 8360
f 8308 8312 8388
f 8348 8350 8230
f 8230 8202 8348
f 8202 8230 8153
f 8153 8230 8232
f 8232 8230 8310
f 8310 8346 8232
f 8045 8005 7795
f 7795 8005 7800
f 7795 7800 7595
f 7595 7800 7719
f 7795 7595 7592
f 7595 7719 7599
f 7592 7595 7492
f 7595 7599 7496
f 7492 7595 7463
f 7463 7595 7496
f 7492 7463 7388
f 7463 7496 7390
f 7800 8005 7906
f 7800 7906 7719
f 7906 8005 8048
f 7906 8048 8012
f 8012 8048 8153
f 8012 8153 8086
f 8082 8208 8354
f 7979 7887 8012
f 8012 7887 7809
f 7979 7888 7887
f 7892 7888 7979
f 7979 8012 8086
f 8238 8086 8181
f 7803 7879 7837
f 7879 7803 7809
f 7809 7803 7719
f 7887 7884 7879
f 7884 7887 7888
f 7884 7888 7764
f 7764 7888 7724
f 7879 7809 7887
f 7597 7719 7717
f 7719 7597 7599
f 7599 7597 7464
f 7464 7597 7537
f 7537 7630 7486
f 7809 7719 7906
f 8012 7809 7906
f 7835 7971 8001
f 7971 7835 7683
f 7683 7835 7654
f 7971 7683 7876
f 7971 7876 8150
f 8150 7876 8052
f 8052 7876 7806
f 7876 7683 7601
f 7876 7601 7806
f 7683 7654 7539
f 7683 7539 7601
f 7539 7654 7592
f 7539 7592 7492
f 7806 7601 7541
f 7806 7541 7723
f 7601 7539 7494
f 7494 7539 7492
f 7601 7494 7541
f 7494 7492 7388
f 7541 7494 7425
f 7425 7494 7388
f 7599 7464 7496
f 7270 7148 7517
f 8052 8204 8200
f 8052 8200 8150
f 8210 8270 8204
f 8210 8204 8124
f 8124 8204 8052
f 8124 8052 7935
f 7935 8052 7806
f 7935 7806 7723
f 7935 7723 7891
f 7935 7891 8126
f 8596 8598 8549
f 8549 8598 8626
f 8549 8626 8599
f 8549 8599 8553
f 8549 8553 8487
f 8549 8487 8517
f 8517 8487 8464
f 8517 8464 8462
f 8464 8487 8428
f 8428 8487 8525
f 8428 8525 8466
f 8525 8487 8553
f 8525 8553 8558
f 8558 8553 8561
f 8561 8553 8555
f 8555 8553 8599
f 8561 8555 8602
f 8602 8555 8559
f 8555 8599 8552
f 8555 8552 8559
f 8559 8552 8557
f 8557 8552 8524
f 8552 8599 8548
f 8552 8548 8486
f 8486 8548 8516
f 8423 8462 8352
f 8352 8261 8423
f 8261 8352 8179
f 8462 8464 8352
f 8352 8464 8428
f 8352 8428 8269
f 8269 8428 8466
f 8352 8269 8179
f 8269 8466 8396
f 8179 8269 8126
f 8179 8126 7934
f 8126 8269 8210
f 8210 8269 8396
f 8210 8396 8274
f 8274 8396 8398
f 8548 8597 8595
f 8227 8079 8004
f 7801 7920 8004
f 7801 8004 7875
f 7875 8004 8079
f 7801 7875 7720
f 7720 7875 7762
f 7875 8079 7928
f 7875 7928 7762
f 7928 8079 8177
f 7928 8177 8054
f 7762 7928 7841
f 7841 7928 8054
f 7841 8054 7934
f 7762 7841 7687
f 7687 7841 7769
f 8210 8360 8270
f 8360 8210 8274
f 8360 8274 8398
f 8210 8124 8126
f 8126 8124 7935
f 7934 8054 8179
f 7891 7934 8126
f 8552 8486 8524
f 8524 8486 8426
f 7920 7801 8002
f 8002 7801 7873
f 8225 8175 8002
f 8225 8002 8078
f 8078 8002 7873
f 8225 8078 8151
f 8151 8078 7926
f 7926 8078 7873
f 8151 7926 8010
f 7926 7873 7761
f 7761 7873 7720
f 7926 7761 7840
f 7926 7840 8010
f 8010 7840 7932
f 7801 7720 7873
f 7769 7841 7934
f 7720 7762 7687
f 7720 7687 7659
f 7720 7659 7686
f 7720 7686 7761
f 7761 7686 7840
f 7840 7686 7767
f 7466 7687 7769
f 7466 7769 7723
f 7466 7723 7541
f 7466 7541 7425
f 7466 7425 7070
f 7070 7425 7339
f 7070 7339 6993
f 7466 7070 6819
f 7266 7687 7466
f 7266 7466 6819
f 6819 7070 6007
f 6007 7070 6322
f 6007 6322 5503
f 7687 7266 7337
f 7687 7337 7659
f 7659 7337 7686
f 7686 7337 7265
f 6007 5503 5099
f 5099 5503 4878
f 5099 4878 4367
f 6818 7465 7265
f 5099 4367 4073
f 4073 4367 63
f 6818 7265 6391
f 5099 4073 4365
f 6818 6391 6102
f 6102 6391 5726
f 5726 6391 5863
f 6102 5726 5431
f 6391 7265 6627
f 6391 6627 5863
f 6627 7265 7337
f 5863 6627 6004
f 6102 5431 5546
f 5546 5431 5201
f 6102 5546 6006
f 6004 6627 6729
f 6729 6627 7337
f 6004 6729 6101
f 6101 6729 6005
f 6006 5546 5000
f 5000 5546 5201
f 6006 5000 5098
f 5000 5201 4875
f 6005 6729 6629
f 6629 6729 7337
f 6005 6629 5924
f 6629 7337 7266
f 5000 4875 4364
f 5000 4364 5098
f 4364 4875 4570
f 4364 4570 4203
f 5924 6629 6394
f 6394 6629 7266
f 5924 6394 5727
f 6394 7266 6819
f 5727 6394 6104
f 6104 6394 6819
f 5727 6104 5432
f 6104 6819 6007
f 5432 6104 5547
f 5547 6104 6007
f 5432 5547 5202
f 5547 6007 5001
f 5547 5001 5202
f 5001 6007 5099
f 5202 5001 4876
f 5001 5099 4365
f 5001 4365 4876
f 4876 4365 4571
f 4571 4365 4204
f 4204 4365 3708
f 4204 3708 3973
f 3708 4365 4073
f 3973 3708 188
f 3708 4073 245
f 3708 245 188
f 245 4073 63
f 3973 188 3789
f 245 63 639
f 639 63 436
f 639 436 931
f 245 639 595
f 245 595 188
f 3789 188 385
f 385 188 595
f 3789 385 3618
f 595 639 1030
f 1030 639 1400
f 1030 1400 1718
f 1030 1718 1348
f 1030 1348 595
f 1348 1718 1883
f 3618 385 472
f 3618 472 3538
f 857 385 595
f 857 595 1348
f 472 385 976
f 976 385 857
f 1348 1883 1516
f 1348 1516 857
f 857 1516 976
f 1516 1883 1922
f 472 976 521
f 472 521 3538
f 521 976 1028
f 976 1516 1542
f 976 1542 1028
f 1542 1516 1922
f 521 1028 975
f 975 1028 1542
f 3538 521 471
f 471 521 975
f 3538 471 3617
f 3617 471 384
f 384 471 975
f 3617 384 3788
f 1515 1542 1922
f 1542 1515 975
f 1515 1922 1882
f 1515 1882 1347
f 975 1515 856
f 856 1515 1347
f 975 856 384
f 856 1347 594
f 856 594 384
f 594 1347 1029
f 594 1029 638
f 384 594 187
f 384 187 3788
f 3788 187 3972
f 594 638 244
f 594 244 187
f 244 638 62
f 3972 187 3707
f 3707 187 244
f 3972 3707 4203
f 4203 3707 4364
f 3707 244 4072
f 3707 4072 4364
f 4072 244 62
f 4364 4072 5098
f 4072 62 4366
f 4072 4366 5098
f 7465 7767 7686
f 7465 7686 7265
f 7721 7889 7767
f 7721 7767 7465
f 7721 7465 7540
f 7540 7465 7423
f 7423 7465 7068
f 7068 7465 6818
f 7423 7068 7338
f 7338 7068 6992
f 7338 6992 7340
f 7068 6818 6006
f 6006 6818 6102
f 6992 7068 6321
f 6321 7068 6006
f 6992 6321 6403
f 6321 6006 5502
f 6321 5502 6403
f 5502 6006 5098
f 6403 5502 5728
f 5502 5098 4877
f 4877 5098 4366
f 5728 5502 5160
f 5160 5502 4877
f 5728 5160 5319
f 5160 4877 4879
f 5160 4879 5162
f 5162 4879 5104
f 4879 4877 4513
f 4879 4513 4767
f 4767 4513 4444
f 7934 7891 7769
f 7769 7891 7723
f 8906 9006 8794
f 8794 9006 8946
f 8946 9006 9102
f 8946 9102 9072
f 8794 8946 8845
f 8845 8946 9008
f 8794 8845 8702
f 8906 8794 8658
f 8658 8794 8702
f 8906 8658 8774
f 8658 8702 8531
f 8774 8658 8578
f 8578 8658 8531
f 8774 8578 8660
f 8578 8531 8435
f 9102 9006 9101
f 9101 9006 8906
f 9102 9101 9150
f 9102 9150 9128
f 9128 9150 9175
f 9175 9150 9127
f 9127 9150 9101
f 9127 9101 9104
f 9101 8906 9042
f 9101 9042 9104
f 9042 8906 8774
f 9104 9042 8963
f 9104 8963 9047
f 8963 9042 8877
f 8877 9042 8774
f 8877 8774 8660
f 9072 9008 8946
f 9008 8826 8845
f 8845 8826 8702
f 8702 8826 8662
f 8531 8702 8662
f 8531 8662 8437
f 8437 8662 8664
f 8531 8437 8435
f 8437 8664 8439
f 8435 8437 8276
f 8276 8437 8439
f 8276 8439 8218
f 8218 8439 8443
f 9008 9072 9128
f 9128 9072 9102
f 9128 9010 9008
f 9008 9010 8826
f 9012 9010 9128
f 9012 9128 9177
f 9128 9175 9177
f 9010 9012 8828
f 9010 8828 8826
f 8826 8828 8662
f 8828 9012 8830
f 8830 9012 9014
f 8828 8830 8706
f 8828 8706 8664
f 8664 8706 8580
f 8580 8706 8666
f 8664 8580 8439
f 8580 8666 8614
f 8439 8580 8443
f 8443 8580 8614
f 9012 9177 9136
f 9012 9136 9014
f 9136 9177 9175
f 9154 9136 9175
f 9132 9154 9175
f 9154 9132 9134
f 9134 9132 9108
f 9108 9132 9048
f 9175 9127 9132
f 9132 9127 9107
f 9107 9127 9104
f 9107 9104 9047
f 8664 8662 8828
f 9074 9014 9136
f 9074 9136 9154
f 9074 8965 9014
f 9014 8965 8830
f 8830 8965 8849
f 8830 8849 8758
f 8830 8758 8706
f 8706 8758 8666
f 8758 8849 8912
f 8912 8849 8967
f 8912 8967 9108
f 8912 9108 9048
f 8758 8912 8851
f 8758 8851 8666
f 8851 8912 9048
f 8666 8851 8832
f 8666 8832 8614
f 8832 8851 9016
f 9016 8851 9048
f 8832 9016 9018
f 9016 9048 9107
f 9107 9048 9132
f 9154 9134 9074
f 8965 9074 8967
f 8965 8967 8849
f 8967 9074 9134
f 8967 9134 9108
f 8668 8950 8975
f 8668 8975 8708
f 8668 8708 8534
f 8668 8534 8638
f 8668 8638 8950
f 8638 8534 8505
f 8950 8638 8914
f 8950 8914 9193
f 9193 8914 9156
f 9193 9156 9325
f 8950 9193 9211
f 9211 9193 9348
f 8977 9020 8710
f 8710 9020 8712
f 8712 9020 9080
f 8712 9080 8760
f 8712 8760 8640
f 8712 8640 8588
f 8588 8640 8542
f 8588 8542 8586
f 8586 8542 8539
f 8710 8708 8977
f 8534 8708 8584
f 8584 8708 8710
f 8584 8710 8586
f 8586 8710 8712
f 8586 8712 8588
f 9047 9016 9107
f 9016 9047 9018
f 9018 9047 8969
f 9018 8969 8973
f 8973 8969 8972
f 9018 8973 8834
f 9018 8834 8832
f 8832 8834 8614
f 8972 8969 9050
f 9050 8969 9076
f 9050 9076 9191
f 9191 9076 9189
f 9191 9189 9251
f 9191 9251 9231
f 9231 9251 9209
f 9209 9251 9229
f 9209 9229 9253
f 9251 9189 9269
f 9251 9269 9267
f 9269 9189 9207
f 9207 9189 9138
f 9267 9269 9283
f 9283 9269 9207
f 9267 9283 9296
f 9283 9207 9249
f 9271 9253 9229
f 9253 9271 9306
f 9271 9229 9300
f 9300 9229 9263
f 9306 9271 9302
f 9302 9271 9300
f 9306 9302 9303
f 9306 9303 9305
f 9305 9303 9304
f 9252 9304 9270
f 9270 9304 9301
f 9301 9304 9303
f 9303 9302 9314
f 9303 9314 9301
f 9301 9314 9313
f 9301 9313 9299
f 9313 9314 9338
f 9314 9302 9315
f 9315 9302 9300
f 9314 9315 9340
f 9340 9315 9336
f 9336 9315 9300
f 9336 9300 9331
f 8914 8638 8834
f 8914 8834 9156
f 8834 8638 8582
f 8582 8638 8505
f 8582 8505 8445
f 8445 8505 8470
f 8445 8470 8328
f 8328 8470 8447
f 8328 8447 8105
f 8328 8105 8032
f 8032 8105 7574
f 8472 8142 8105
f 8105 8142 7576
f 7574 8105 7508
f 7508 8105 7576
f 7574 7508 7432
f 7432 7508 7242
f 7508 7576 6581
f 7508 6581 7242
f 7242 6581 6510
f 6510 6581 5509
f 5509 6581 5567
f 6510 5509 5565
f 5565 5509 5015
f 5015 5509 4739
f 5015 4739 4738
f 4738 4739 4531
f 9287 9325 9156
f 9287 9156 9078
f 9078 9156 8834
f 9078 8834 8973
f 9078 8973 8972
f 9078 8972 9050
f 9078 9050 9191
f 9078 9191 9287
f 9287 9191 9285
f 9285 9191 9231
f 9285 9231 9209
f 9285 9209 9253
f 9285 9253 9306
f 9287 9285 9346
f 9287 9346 9325
f 9346 9285 9306
f 9325 9346 9385
f 9385 9346 9370
f 9370 9346 9306
f 9370 9306 9345
f 9345 9306 9305
f 9345 9305 9343
f 9343 9305 9304
f 9343 9304 9369
f 9369 9304 9344
f 9344 9304 9284
f 9284 9304 9252
f 9284 9252 9208
f 9284 9208 9230
f 9344 9284 9286
f 9284 9230 9190
f 9284 9190 9286
f 9286 9190 9077
f 9077 9190 9049
f 9077 9049 8970
f 9077 8970 8971
f 9286 9077 9155
f 9077 8971 8833
f 9077 8833 9155
f 9155 8833 8913
f 8913 8833 8637
f 8637 8833 8581
f 8637 8581 8504
f 8504 8581 8444
f 8504 8444 8469
f 8469 8444 8327
f 8469 8327 8446
f 8446 8327 8104
f 8104 8327 8031
f 8104 8031 7573
f 8471 8104 8141
f 8141 8104 7575
f 8104 7573 7507
f 8104 7507 7575
f 7507 7573 7431
f 7575 7507 6580
f 7507 7431 7241
f 7507 7241 6580
f 6580 7241 6509
f 6580 6509 5508
f 5508 6509 5564
f 5508 5564 5014
f 5508 5014 4737
f 4737 5014 4736
f 4737 4736 4530
f 8834 8582 8614
f 8614 8582 8445
f 8214 8183 8320
f 8101 8183 8214
f 8183 8101 8062
f 8101 8214 8155
f 8155 8214 8240
f 8155 8240 8276
f 8276 8240 8435
f 8435 8240 8433
f 8155 8276 8132
f 8132 8276 8218
f 8240 8214 8368
f 8240 8368 8433
f 8433 8368 8574
f 8368 8214 8320
f 8574 8368 8529
f 8529 8368 8320
f 8529 8320 8503
f 8064 8155 8132
f 8155 8064 8024
f 8064 8132 7987
f 7987 8132 8026
f 7987 8026 7774
f 8064 7987 7912
f 8064 7912 8024
f 7987 7774 7730
f 7987 7730 7912
f 7730 7774 7570
f 7730 7570 7547
f 7730 7547 7661
f 7730 7661 7912
f 7661 7547 7521
f 7894 8024 7912
f 7894 7912 7661
f 8024 7894 7853
f 8024 7853 7985
f 7894 7661 7638
f 7638 7661 7521
f 7894 7638 7853
f 7638 7521 7502
f 7853 7638 7607
f 7609 7774 7813
f 7774 7609 7570
f 7609 7813 7693
f 7813 7774 8066
f 8066 7774 8026
f 7813 8066 8134
f 7693 7813 7896
f 7896 7813 8134
f 7693 7896 7855
f 7896 8134 8185
f 7855 7896 7989
f 7989 7896 8185
f 7855 7989 8028
f 7989 8185 8216
f 8216 8185 8372
f 8028 7989 8136
f 8136 7989 8216
f 8028 8136 8157
f 8136 8216 8278
f 7504 7570 7609
f 7570 7504 7470
f 7470 7504 7353
f 7504 7609 7549
f 7549 7609 7693
f 7353 7504 7430
f 7430 7504 7549
f 7353 7430 7396
f 7353 7396 7160
f 7160 7396 7357
f 7396 7430 7523
f 7523 7430 7549
f 7523 7549 7695
f 7732 7549 7693
f 7549 7732 7695
f 7732 7693 7855
f 7695 7732 7953
f 7953 7732 7951
f 7953 7951 8159
f 7953 8159 8138
f 8159 7951 8157
f 8157 7951 8028
f 8026 8132 8218
f 8376 8404 8282
f 8282 8404 8324
f 8282 8324 8140
f 8376 8282 8242
f 8242 8282 8138
f 8242 8138 8159
f 8242 8159 8157
f 8402 8404 8376
f 8404 8402 8380
f 8402 8376 8374
f 8402 8374 8372
f 8402 8372 8400
f 8400 8372 8370
f 8400 8370 8441
f 8400 8441 8406
f 8400 8406 8378
f 8406 8441 8408
f 8408 8441 8443
f 8408 8443 8410
f 8410 8443 8445
f 8410 8445 8328
f 8410 8328 8292
f 8376 8242 8280
f 8376 8280 8374
f 8280 8242 8187
f 8187 8242 8157
f 8404 8380 8286
f 8404 8286 8324
f 8140 8138 8282
f 8324 8286 8140
f 8140 8286 8163
f 8140 8163 7955
f 8140 7955 8138
f 8138 7955 7953
f 7953 7955 7695
f 7695 7955 7734
f 7695 7734 7523
f 7734 7955 7815
f 7815 7955 7991
f 7523 7734 7572
f 7572 7734 7815
f 7523 7572 7396
f 7572 7815 7663
f 7396 7572 7506
f 7506 7572 7663
f 7396 7506 7357
f 7506 7663 7665
f 7357 7506 7432
f 7506 7665 7574
f 7506 7574 7432
f 8280 8187 8278
f 8280 8278 8374
f 8278 8187 8136
f 8136 8187 8157
f 8372 8374 8216
f 8374 8278 8216
f 8380 8402 8378
f 8378 8402 8400
f 8380 8378 8326
f 8220 8286 8380
f 8380 8326 8220
f 8286 8220 8163
f 8163 8220 8162
f 8162 8220 8165
f 8165 8220 8326
f 8165 8326 8285
f 8285 8326 8378
f 8378 8406 8288
f 8378 8288 8285
f 8288 8406 8290
f 8290 8406 8408
f 8285 8288 8103
f 8285 8103 8165
f 8165 8103 8068
f 8068 8103 7914
f 8103 8288 8070
f 8070 8288 8290
f 8103 8070 7914
f 8290 8408 8292
f 8292 8408 8410
f 8070 8290 8030
f 8030 8290 8292
f 8030 8292 8032
f 8032 8292 8328
f 8030 8032 7665
f 7665 8032 7574
f 8070 8030 7817
f 7817 8030 7665
f 8070 7817 7914
f 7817 7665 7663
f 7817 7663 7815
f 7817 7815 7914
f 7914 7815 7991
f 8163 8162 8068
f 8068 8162 8165
f 7991 7955 8163
f 7991 8163 8068
f 7991 8068 7914
f 8028 7951 7855
f 7855 7951 7732
f 8185 8370 8372
f 8370 8185 8134
f 8370 8134 8322
f 8370 8322 8441
f 8441 8322 8443
f 8322 8134 8066
f 8443 8322 8218
f 8218 8322 8066
f 8218 8066 8026
f 8445 8443 8614
f 8535 8447 8470
f 8472 8447 8535
f 8447 8472 8105
f 8537 8472 8535
f 8472 8537 8507
f 8537 8535 8534
f 8534 8535 8505
f 8507 8537 8509
f 8509 8537 8539
f 8509 8539 8543
f 8543 8539 8542
f 8543 8542 8616
f 8543 8616 8618
f 8618 8616 8642
f 8618 8642 8620
f 8620 8642 8622
f 8620 8622 8590
f 8590 8622 8545
f 8590 8545 8511
f 8511 8545 8412
f 8412 8545 8449
f 8470 8505 8535
f 8472 8507 8167
f 8472 8167 8142
f 8142 8167 7576
f 7576 8167 7611
f 7576 7611 6752
f 7576 6752 6654
f 7576 6654 6581
f 6581 6654 5567
f 7611 8167 8188
f 8188 8167 8509
f 8188 8509 8543
f 8188 8543 8222
f 8188 8222 7613
f 8222 8543 8618
f 7613 8222 7667
f 8222 8618 8293
f 8222 8293 7667
f 8293 8618 8620
f 8293 8620 8329
f 8293 8329 7776
f 8293 7776 7667
f 7776 8329 7819
f 7667 7776 7017
f 7667 7017 6754
f 8584 8537 8534
f 8537 8584 8539
f 8539 8584 8586
f 8507 8509 8167
f 9354 9366 9393
f 9366 9354 9281
f 9366 9281 9312
f 9312 9281 9171
f 9171 9281 9261
f 9312 9171 9223
f 9171 9261 9120
f 9223 9171 9040
f 9040 9171 9120
f 9040 9120 8944
f 9223 9040 9098
f 9040 8944 8875
f 9040 8875 9098
f 9098 8875 8943
f 9327 9281 9354
f 9281 9327 9261
f 9327 9354 9393
f 9261 9327 9243
f 9261 9243 9120
f 9120 9243 9122
f 9122 9243 9245
f 9122 9245 9124
f 9243 9327 9333
f 9243 9333 9245
f 9333 9327 9393
f 9245 9333 9356
f 9356 9333 9393
f 9356 9393 9418
f 9366 9319 9379
f 9366 9379 9393
f 9393 9379 9395
f 9319 9366 9312
f 9395 9379 9332
f 9332 9379 9319
f 9319 9312 9223
f 9332 9319 9259
f 9259 9319 9223
f 9259 9223 9098
f 9332 9259 9294
f 9259 9098 9173
f 9259 9173 9294
f 9294 9173 9227
f 9395 9418 9393
f 9332 9381 9395
f 9395 9381 9400
f 9395 9400 9418
f 9381 9332 9337
f 9381 9337 9368
f 9368 9337 9321
f 9321 9337 9283
f 9283 9337 9296
f 9296 9337 9332
f 9296 9332 9294
f 9296 9294 9227
f 9296 9227 9267
f 9122 8944 9120
f 8944 9122 8908
f 8944 8908 8824
f 8944 8824 8875
f 8824 8908 8776
f 8776 8908 8847
f 8847 8908 8948
f 8776 8847 8796
f 8943 9173 9098
f 9173 8943 9004
f 8963 8877 8796
f 8796 8877 8704
f 8963 8796 8910
f 8877 8660 8704
f 8908 9122 9124
f 8908 9124 8948
f 8948 9124 9152
f 8948 9152 9046
f 8948 9046 8910
f 8948 8910 8847
f 8847 8910 8796
f 8772 8776 8656
f 8776 8796 8704
f 9173 9004 9227
f 9227 9004 9130
f 9227 9130 9267
f 9300 9263 9331
f 9039 9185 9205
f 9039 9205 9070
f 9070 9225 9130
f 9225 9263 9130
f 9291 9184 9309
f 9309 9184 9204
f 9204 9184 9037
f 9204 9037 9069
f 9204 9069 9224
f 9130 9229 9267
f 9130 9263 9229
f 9418 9400 9356
f 9356 9400 9341
f 9341 9400 9358
f 9341 9358 9323
f 9341 9323 9247
f 9247 9323 9265
f 9298 9249 9265
f 9265 9249 9187
f 9265 9187 9247
f 9187 9249 9207
f 9187 9207 9138
f 9247 9187 9152
f 9152 9187 9138
f 9247 9152 9245
f 9245 9152 9124
f 9152 9138 9046
f 9046 9138 9076
f 9076 9138 9189
f 9046 9076 8969
f 9356 9341 9245
f 9245 9341 9247
f 9381 9358 9400
f 9298 9323 9358
f 9323 9298 9265
f 9298 9358 9368
f 9298 9368 9321
f 9358 9381 9368
f 9249 9298 9321
f 9283 9249 9321
f 9267 9229 9251
f 9047 8963 8910
f 9047 8910 8969
f 8910 9046 8969
f 9338 9314 9342
f 9343 9369 9382
f 9382 9369 9419
f 9382 9419 9433
f 9382 9433 9401
f 6389 6486 5712
f 5712 6486 5720
f 5720 6486 6488
f 5720 6488 5632
f 7272 7077 7224
f 7272 7224 7349
f 7349 7224 7152
f 7152 7224 6910
f 7349 7152 7076
f 7076 7152 6910
f 7349 7076 7351
f 7076 6910 6640
f 7351 7076 6997
f 6997 7076 6640
f 7351 6997 7155
f 6997 6640 6568
f 7155 6997 6829
f 6829 6997 6568
f 6829 6568 6408
f 7224 7077 6910
f 6910 7077 6825
f 6910 6825 6569
f 6910 6569 6640
f 6640 6569 6230
f 6640 6230 6568
f 6230 6569 6154
f 6154 6569 6827
f 6230 6154 5733
f 6230 5733 6013
f 6230 6013 6568
f 6568 6013 6408
f 6408 6013 5926
f 5926 6013 5549
f 7079 6827 7077
f 7077 6827 6825
f 7079 7077 7272
f 7272 7226 7081
f 7226 7272 7349
f 7081 7079 7272
f 7226 7349 7274
f 7274 7349 7351
f 7274 7351 7276
f 7276 7351 7278
f 7278 7351 7155
f 7276 7278 7228
f 7228 7278 7280
f 7228 7280 7230
f 7230 7280 7394
f 6569 6825 6827
f 6742 6324 6827
f 6827 6324 6154
f 6154 6324 5865
f 6154 5865 5788
f 6154 5788 5733
f 5788 5865 5551
f 5733 5788 5442
f 5442 5788 5551
f 5733 5442 5549
f 5549 5442 5364
f 5442 5551 5368
f 5368 5551 5553
f 5368 5553 5375
f 5375 5553 5555
f 6827 7079 6742
f 6742 7079 7081
f 6324 6742 6498
f 6498 6742 6744
f 6744 6742 7081
f 6744 7081 6999
f 6498 6744 6746
f 6746 6744 6999
f 6498 6746 6571
f 6746 6999 7156
f 6324 6498 6156
f 6324 6156 5865
f 5865 6156 6015
f 5865 6015 5551
f 5551 6015 5553
f 6015 6156 6500
f 5553 6015 5928
f 5928 6015 6500
f 5553 5928 5555
f 6500 6156 6571
f 6500 6571 7001
f 7001 6571 7083
f 6500 7001 6912
f 6912 7001 7230
f 5928 6500 6410
f 6410 6500 6912
f 6410 6912 6412
f 6412 6912 6914
f 6410 6412 5930
f 6410 5930 5928
f 5928 5930 5555
f 5555 5930 5735
f 5735 5930 6017
f 5735 6017 5794
f 5794 6017 6113
f 6113 6017 6502
f 5794 6113 6027
f 5794 6027 5737
f 6113 6502 6504
f 6113 6504 6027
f 6504 6502 7003
f 6027 6504 6414
f 6504 7003 7085
f 6504 7085 6414
f 6498 6571 6156
f 6732 6900 6904
f 6732 6904 6561
f 6732 6561 6634
f 6904 6900 6981
f 6904 6981 7065
f 6904 7065 6985
f 6985 7065 7071
f 7071 7065 6991
f 6991 7065 6983
f 6991 6983 6987
f 6991 6987 7073
f 7073 6987 7148
f 7148 6987 6990
f 6904 6985 6563
f 6563 6561 6904
f 6561 6563 6107
f 6107 6563 6152
f 6152 6563 6636
f 6636 6563 6985
f 6636 6985 6908
f 6107 6152 5784
f 6107 5784 5646
f 5784 6152 6109
f 6109 6152 6402
f 6109 6402 6496
f 6496 6402 6565
f 6565 6402 6638
f 6565 6638 6821
f 5646 5784 5436
f 5646 5436 5251
f 5251 5436 5003
f 5731 5784 6109
f 5784 5731 5436
f 5731 6109 6111
f 5436 5731 5438
f 5436 5438 5206
f 5438 5731 5650
f 5650 5731 5926
f 5438 5650 5441
f 5206 5438 5255
f 5206 5255 5165
f 5165 5255 5257
f 5257 5255 5441
f 5257 5441 5367
f 6902 6981 6900
f 6902 6900 6630
f 6981 6902 6983
f 6981 6983 7065
f 6902 6630 6734
f 6902 6734 6983
f 6734 6630 6395
f 6734 6395 6149
f 6983 6734 6987
f 6987 6734 6990
f 6990 6734 6736
f 6900 6732 6396
f 6396 6732 6634
f 6900 6396 6630
f 6396 6634 6224
f 6630 6396 6395
f 6395 6396 6105
f 6105 6396 6224
f 6395 6105 6149
f 6149 6105 5782
f 6105 6224 5780
f 6105 5780 5782
f 5780 6224 5642
f 5782 5780 5434
f 7071 6908 6985
f 6634 6561 6150
f 6107 6150 6561
f 6150 6107 5646
f 6150 5646 5642
f 5642 5646 5251
f 5642 5251 5204
f 6150 5642 6224
f 6150 6224 6634
f 7148 6990 7268
f 6734 6149 6736
f 6401 6736 6149
f 6401 6149 6009
f 6908 7071 6907
f 6908 6907 6821
f 6821 6907 6823
f 6823 6907 7071
f 6821 6823 6565
f 6823 7071 6991
f 6565 6823 6738
f 6738 6823 6991
f 6565 6738 6496
f 6738 6991 7073
f 6638 6636 6908
f 6638 6908 6821
f 6636 6638 6402
f 6636 6402 6152
f 7222 7343 7392
f 7343 7222 7150
f 6995 6829 6740
f 6995 6740 6738
f 6829 6408 6740
f 6740 6408 6406
f 6406 6408 6111
f 6111 6408 5926
f 6111 5926 5731
f 7155 6829 6995
f 7343 6995 7270
f 7073 7148 7270
f 7270 6995 7073
f 7073 6995 6738
f 6738 6740 6496
f 6406 6496 6740
f 6496 6406 6111
f 5434 5780 5642
f 5204 5434 5642
f 5645 6149 5782
f 6149 5645 6009
f 5645 5782 5434
f 5645 5434 5318
f 5318 5434 5204
f 5318 5204 5101
f 5645 5318 5253
f 6009 5645 5648
f 5648 5645 5253
f 6009 5648 6011
f 5648 5253 5320
f 6011 5648 5786
f 5786 5648 5320
f 5204 5251 5101
f 5003 5101 5251
f 6109 6496 6111
f 5549 6013 5733
f 5926 5549 5650
f 5650 5549 5364
f 5650 5364 5441
f 5436 5206 5003
f 5003 5206 5005
f 5005 5206 5165
f 5368 5364 5442
f 5364 5368 5323
f 5364 5323 5441
f 5441 5323 5367
f 5367 5323 5329
f 5329 5323 5330
f 5330 5323 5368
f 5330 5368 5375
f 5438 5441 5255
f 5318 5101 5253
f 5253 5101 5103
f 5103 5101 5003
f 5253 5103 5320
f 5103 5003 5005
f 5320 5103 5163
f 5163 5103 5005
f 5163 5005 5105
f 5105 5005 5165
f 5105 5165 5167
f 5167 5165 5257
f 5167 5257 5210
f 5163 4880 5161
f 5163 5161 5320
f 5320 5161 5729
f 4880 5163 5105
f 5729 5161 5503
f 5729 5503 6404
f 5503 5161 4878
f 4878 5161 4880
f 6404 5503 6322
f 6404 6322 6993
f 6993 6322 7070
f 4880 5105 4768
f 4878 4880 4514
f 4514 4880 4768
f 4878 4514 4367
f 4768 5105 4949
f 4367 4514 3865
f 4367 3865 63
f 63 3865 436
f 436 3865 597
f 597 3865 3620
f 3865 4514 4445
f 4445 4514 4768
f 3865 4445 3620
f 4445 4768 4638
f 4638 4768 4949
f 3620 4445 4207
f 4207 4445 4638
f 3620 4207 3867
f 4638 4949 4953
f 4953 4949 5107
f 4953 5107 5109
f 5109 5107 5213
f 5109 5213 5216
f 5320 5729 5786
f 5786 5729 6228
f 6228 5729 6404
f 4949 5105 5167
f 4949 5167 5107
f 190 3620 3867
f 3620 190 597
f 190 3867 3622
f 3622 3867 4031
f 190 3622 3540
f 190 3540 337
f 3540 3622 3624
f 3624 3622 3869
f 3869 3622 4031
f 3869 4031 4210
f 4210 4031 4369
f 4210 4369 4640
f 788 597 190
f 597 788 1174
f 597 1174 436
f 436 1174 931
f 4640 4369 4727
f 4727 4369 4636
f 4727 4636 4951
f 4727 4951 5111
f 4640 4727 4882
f 4882 4727 5111
f 4640 4882 4774
f 4640 4774 4573
f 4774 4882 4955
f 4882 5111 5173
f 4882 5173 4955
f 5173 5111 5332
f 4955 5173 5011
f 5173 5332 5218
f 5173 5218 5011
f 5218 5332 5444
f 5218 5444 5220
f 5218 5220 5011
f 5011 5220 4957
f 4957 5220 5113
f 4957 5113 4886
f 4886 5113 4780
f 4886 4780 4699
f 4699 4780 4575
f 4886 4699 4778
f 4699 4575 4522
f 4522 4575 4292
f 4778 4699 4697
f 4697 4699 4522
f 4778 4697 4695
f 4778 4695 4884
f 4697 4522 4520
f 4697 4520 4695
f 4522 4292 4290
f 4522 4290 4520
f 4290 4292 4147
f 4290 4147 4081
f 4290 4081 4288
f 4290 4288 4520
f 4288 4081 4077
f 4518 4695 4520
f 4518 4520 4288
f 4695 4518 4693
f 4693 4518 4447
f 4518 4288 4212
f 4518 4212 4447
f 4212 4288 4077
f 4447 4212 4145
f 4212 4077 4033
f 4212 4033 4145
f 4033 4077 3871
f 4145 4033 3977
f 5919 5921 4725
f 5921 6100 5923
f 5921 5923 4756
f 4756 4725 5921
f 4689 4691 3471
f 3471 4691 3536
f 3536 4691 4725
f 3536 4725 3611
f 3611 4725 4756
f 3536 3611 516
f 3471 3536 563
f 563 3536 516
f 3471 563 593
f 593 563 851
f 851 563 516
f 593 851 884
f 851 516 853
f 853 516 518
f 853 518 855
f 855 518 520
f 1027 1055 855
f 1027 855 804
f 804 855 520
f 886 804 689
f 689 804 434
f 434 804 520
f 434 520 3704
f 3704 520 3616
f 434 3704 3706
f 3704 3616 4760
f 4760 3616 4756
f 3704 4760 4764
f 3704 4764 3706
f 3706 4764 4766
f 6973 7057 5996
f 5996 7057 6972
f 6973 5996 5997
f 5996 6972 5995
f 6973 5997 6725
f 5995 6972 6724
f 6725 5997 5850
f 5995 6724 5849
f 6725 5850 6490
f 5849 6724 6489
f 5849 6489 5633
f 5633 6489 6097
f 6490 5850 5634
f 5633 6097 5425
f 6490 5634 5774
f 6490 5774 6098
f 5774 5634 5426
f 6098 5774 5499
f 5425 6097 5361
f 5361 6097 5498
f 5425 5361 5154
f 5361 5498 4865
f 5499 5774 5362
f 5362 5774 5426
f 5499 5362 4868
f 5362 5426 5155
f 5154 5361 4864
f 4864 5361 4865
f 5154 4864 4863
f 4863 4864 4564
f 5362 5155 4867
f 5362 4867 4868
f 4867 5155 4866
f 4867 4866 4565
f 4564 4864 4362
f 4362 4864 4865
f 4564 4362 4195
f 4362 4865 4196
f 4195 4362 3965
f 3965 4362 4196
f 3965 4196 3699
f 4195 3965 3964
f 3965 3699 3605
f 3965 3605 3964
f 3964 3605 3701
f 3701 3605 58
f 58 3605 292
f 185 3604 58
f 3604 185 3532
f 3532 185 241
f 3532 241 186
f 3532 186 3606
f 3606 186 59
f 3606 59 3702
f 3702 59 3607
f 3702 3607 3966
f 3966 3607 3967
f 3967 3607 3700
f 3966 3967 4197
f 3967 3700 4198
f 4197 3967 4363
f 4363 3967 4198
f 4197 4363 4565
f 4363 4198 4868
f 4565 4363 4867
f 4867 4363 4868
f 7059 7057 6973
f 7059 6973 6725
f 7059 6725 6815
f 6815 6725 6490
f 6815 6490 6559
f 7057 7059 7142
f 7142 7059 7262
f 7262 7059 7216
f 7142 7262 7058
f 7142 7058 7057
f 7057 7058 6972
f 6972 7058 6724
f 7059 6815 7216
f 7216 6815 7063
f 7264 7422 7216
f 7264 7216 7063
f 7264 7063 6977
f 7063 6815 6559
f 6977 7063 6727
f 6727 7063 6559
f 6977 6727 6492
f 6492 6727 6320
f 6320 6727 6559
f 6492 6320 5640
f 5640 6320 5545
f 5640 5545 4762
f 4762 5545 4758
f 4762 4758 3863
f 4758 5545 5543
f 4758 5543 4754
f 5545 6320 6146
f 5545 6146 5543
f 6146 6320 6559
f 4754 5543 5501
f 5501 5543 6146
f 4754 5501 4870
f 6146 6559 6098
f 6146 6098 5501
f 6098 6559 6490
f 5501 6098 5499
f 5997 5854 5850
f 5634 5850 5636
f 5636 5850 5854
f 5636 5854 5638
f 5854 5997 6000
f 5638 5854 5858
f 5858 5854 6000
f 5638 5858 5727
f 5727 5858 5924
f 6000 5997 5996
f 5924 5858 6003
f 6003 5858 6000
f 5924 6003 6005
f 6005 6003 6101
f 6000 5996 5999
f 5999 5996 5998
f 5998 5996 5995
f 6000 5999 6002
f 6002 5999 5998
f 6000 6002 6003
f 6003 6002 6101
f 6002 5998 6001
f 6002 6001 6101
f 6101 6001 6004
f 7215 7058 7262
f 7215 7262 7458
f 7458 7262 7216
f 7458 7216 7422
f 7215 7458 7421
f 7215 7421 7263
f 7058 7215 6814
f 7058 6814 6724
f 6724 6814 6489
f 7215 7263 7062
f 7215 7062 6814
f 7062 7263 6976
f 6489 6814 6558
f 6558 6814 7062
f 7062 6976 6726
f 7062 6726 6558
f 6726 6976 6491
f 6726 6491 6319
f 6726 6319 6558
f 6558 6319 6145
f 5634 5636 5428
f 5428 5636 5430
f 5430 5636 5638
f 5428 5430 5159
f 5428 5159 5157
f 5159 5430 5202
f 5202 5430 5432
f 5432 5430 5638
f 5432 5638 5727
f 5428 5426 5634
f 4870 5501 5499
f 4870 5499 4868
f 4870 4868 4198
f 4870 4198 4143
f 4143 4198 3700
f 4870 4143 4754
f 4143 3700 3534
f 4754 4143 4071
f 4071 4143 3534
f 4071 3534 61
f 5426 5157 5155
f 5157 5426 5428
f 5155 5157 4872
f 5155 4872 4866
f 4872 5157 4874
f 4874 5157 5159
f 4874 5159 4876
f 4876 5159 5202
f 4874 4876 4571
f 4874 4571 4569
f 4874 4569 4872
f 4569 4571 4204
f 4569 4204 4202
f 4872 4569 4567
f 4872 4567 4866
f 4567 4569 4202
f 4866 4567 4565
f 4567 4202 4200
f 4567 4200 4565
f 4200 4202 4029
f 4565 4200 4197
f 4200 4029 3969
f 4200 3969 4197
f 4197 3969 3966
f 5853 5998 5995
f 5853 5995 5849
f 5853 5849 5635
f 5635 5849 5633
f 5853 5635 5637
f 5853 5637 5857
f 5853 5857 5998
f 5998 5857 6001
f 6001 5857 5863
f 5863 5857 5726
f 6001 5863 6004
f 7386 7464 7537
f 7464 7386 7220
f 7220 7386 6979
f 7220 6979 6633
f 7464 7220 7067
f 7067 7220 6633
f 7067 6633 6494
f 7067 6494 6404
f 7464 7067 7390
f 7067 6404 6993
f 7067 6993 7390
f 7390 6993 7342
f 6633 6398 6494
f 6494 6398 6226
f 6494 6226 6404
f 6404 6226 6228
f 7390 7496 7464
f 7463 7390 7388
f 7388 7390 7339
f 7339 7390 7342
f 7388 7339 7425
f 5856 5860 4760
f 6993 7339 7342
f 6011 6228 6401
f 6228 6011 5786
f 6011 6401 6009
f 3611 4756 3616
f 3783 3531 381
f 381 3531 512
f 381 512 685
f 512 3531 3469
f 512 3469 561
f 512 561 786
f 786 561 848
f 848 561 593
f 848 593 884
f 848 884 1025
f 848 1025 971
f 848 971 786
f 786 971 882
f 882 971 1023
f 1023 971 1085
f 882 1023 1021
f 3611 3616 518
f 518 516 3611
f 512 786 685
f 685 786 882
f 520 518 3616
f 4754 4071 3971
f 3971 4758 4754
f 3971 3863 4758
f 61 3971 4071
f 3971 61 243
f 3971 243 3863
f 3863 243 335
f 184 3534 3700
f 3534 184 295
f 295 184 333
f 3534 295 61
f 295 333 430
f 430 333 470
f 61 295 432
f 432 295 430
f 61 432 243
f 243 432 567
f 567 432 565
f 565 432 430
f 430 470 514
f 430 514 565
f 514 470 559
f 514 559 736
f 565 514 687
f 687 514 736
f 687 736 849
f 687 849 802
f 687 802 738
f 3700 3607 105
f 3700 105 184
f 105 3607 293
f 105 293 184
f 293 3607 59
f 184 293 333
f 293 59 186
f 333 293 383
f 383 293 186
f 333 383 470
f 383 186 241
f 470 383 428
f 428 383 241
f 428 241 382
f 382 241 185
f 382 185 292
f 292 185 58
f 4202 4204 3973
f 4202 3973 4029
f 4029 3973 3789
f 4029 3789 3787
f 4029 3787 3969
f 3785 3702 3966
f 3702 3785 3609
f 3966 3969 3785
f 3785 3969 3787
f 3785 3787 3615
f 3789 3618 3787
f 3787 3618 3615
f 3615 3618 3538
f 3785 3615 3609
f 3615 3538 3614
f 3615 3614 3609
f 3614 3538 3612
f 3612 3538 3617
f 3609 3614 3537
f 3606 3702 3609
f 3606 3609 3537
f 3606 3537 3532
f 3532 3537 3604
f 3537 3614 3608
f 3537 3608 3604
f 3608 3614 3612
f 3604 3608 3701
f 3701 3608 3784
f 3784 3608 3612
f 3786 3612 3617
f 3612 3786 3784
f 3786 3617 3788
f 3784 3786 3968
f 3784 3968 3964
f 3968 3786 4028
f 4028 3786 3788
f 4028 3788 3972
f 3604 3701 58
f 6999 7081 7226
f 7226 7156 6999
f 7274 7156 7226
f 7156 7274 7158
f 7158 7274 7083
f 7083 7274 7276
f 7158 7083 6746
f 6746 7083 6571
f 7083 7276 7228
f 7083 7228 7001
f 7156 7158 6746
f 5932 5869 5790
f 5869 5932 6019
f 5869 6019 6025
f 5869 6025 5871
f 6019 5932 6021
f 6019 6021 6025
f 6021 5932 5867
f 6021 5867 5934
f 6025 6021 6024
f 6024 6021 5934
f 6025 6024 5796
f 6024 5934 5936
f 5796 6024 5873
f 5873 6024 5936
f 5790 5869 5557
f 5505 5932 5790
f 5505 5790 5557
f 5557 5869 5658
f 5658 5869 5871
f 5658 5871 5660
f 5557 5658 5332
f 5332 5658 5444
f 5505 5557 5326
f 5326 5557 5332
f 5505 5326 5208
f 5326 5332 5111
f 5208 5326 4951
f 4951 5326 5111
f 5867 5932 5652
f 5652 5932 5505
f 5652 5505 5208
f 5652 5208 5324
f 5652 5324 5654
f 5324 5208 5007
f 5007 5208 4770
f 5007 4770 4772
f 5654 5324 5370
f 5654 5370 5656
f 5324 5007 5169
f 5324 5169 5370
f 5007 4772 5009
f 5007 5009 5169
f 5009 4772 4953
f 4953 4772 4638
f 5009 4953 5109
f 5169 5009 5171
f 5370 5169 5214
f 5214 5169 5171
f 5214 5171 5259
f 5259 5171 5216
f 5214 5259 5376
f 5370 5214 5372
f 5372 5214 5376
f 5370 5372 5656
f 5372 5376 5555
f 5372 5555 5656
f 5555 5376 5375
f 5656 5555 5735
f 5654 5867 5652
f 5867 5654 5792
f 5792 5654 5656
f 5792 5656 5735
f 5792 5735 5934
f 5867 5792 5934
f 4770 5208 4951
f 4770 4951 4636
f 4770 4636 4516
f 4770 4516 4772
f 4772 4516 4638
f 4638 4516 4207
f 4516 4636 4208
f 4516 4208 4207
f 4208 4636 4369
f 4207 4208 3867
f 4208 4369 4031
f 4208 4031 3867
f 5658 5660 5444
f 5444 5660 5378
f 5444 5378 5220
f 5378 5660 5446
f 5220 5378 5113
f 5378 5446 5261
f 5378 5261 5113
f 5261 5446 5175
f 5261 5175 5013
f 5261 5013 5113
f 5113 5013 4780
f 4780 5013 4701
f 4780 4701 4575
f 5796 5871 6025
f 5871 5796 5664
f 5871 5664 5660
f 5660 5664 5446
f 5446 5664 5264
f 5446 5264 5175
f 5175 5264 4959
f 5794 5934 5735
f 5934 5794 5936
f 5936 5794 5737
f 5936 5737 5739
f 5936 5739 5873
f 7001 7228 7230
f 7232 6914 6912
f 7232 6912 7230
f 7232 7230 7394
f 6914 7232 7003
f 6914 7003 6502
f 6914 6502 6412
f 6412 6502 6017
f 6412 6017 5930
f 7232 7394 7282
f 7232 7282 7003
f 7282 7394 7428
f 7282 7428 7470
f 7003 7282 7085
f 7085 7282 7470
f 7085 7470 7353
f 7085 7353 6916
f 7085 6916 6414
f 6916 7353 6831
f 6831 7353 7160
f 6916 6831 6417
f 6916 6417 6414
f 6414 6417 5938
f 6414 5938 6027
f 6027 5938 5737
f 6922 6924 6648
f 6924 6922 7087
f 7087 6922 7011
f 7087 7011 7238
f 7087 7238 7162
f 7162 7238 7240
f 7238 7011 7234
f 7238 7234 7355
f 7355 7234 7286
f 7355 7286 7285
f 7355 7285 7398
f 7355 7398 7288
f 6748 7011 6922
f 6748 6922 6577
f 6577 6922 6648
f 6577 6648 6234
f 6577 6234 6328
f 6577 6328 6422
f 6577 6422 6575
f 6577 6575 6646
f 6577 6646 6748
f 6748 6646 6920
f 6920 6646 6644
f 6920 6644 6642
f 6920 6642 7009
f 6642 6644 6326
f 6326 6644 6420
f 6326 6420 5940
f 6924 7087 7012
f 7012 7087 7162
f 6924 7012 6833
f 6924 6833 6579
f 6924 6579 6650
f 6924 6650 6648
f 7012 7162 6835
f 7012 6835 6749
f 6749 6835 6428
f 6749 6428 6425
f 6428 6835 6332
f 6428 6332 5946
f 6332 6835 6926
f 6926 6835 7162
f 6926 7162 7240
f 7238 7355 7240
f 7240 7355 7288
f 6926 7240 7015
f 7015 7240 7288
f 6926 7015 6334
f 6334 7015 6336
f 6336 7015 7089
f 7089 7015 7288
f 7089 7288 7290
f 7089 7290 7242
f 7242 7290 7432
f 7089 7242 6510
f 7011 7009 7234
f 6920 7009 7011
f 6920 7011 6748
f 6234 6648 6236
f 6236 6648 6650
f 6236 6650 6579
f 6234 6236 5944
f 6234 5944 5942
f 5942 5944 5559
f 5559 5944 5561
f 5561 5944 6033
f 5559 5561 5222
f 5222 5561 5334
f 5222 5334 5177
f 5222 5177 4961
f 5177 5334 5336
f 5336 5334 5507
f 4961 5177 4963
f 4961 4963 4735
f 4735 4963 4738
f 4738 4963 5015
f 4963 5177 5224
f 4963 5224 5015
f 5224 5177 5336
f 5015 5224 5565
f 5224 5336 5563
f 5224 5563 5565
f 5563 5336 5668
f 5565 5563 6336
f 6336 5563 5668
f 6336 5668 6334
f 5565 6336 6510
f 6510 6336 7089
f 6652 6833 7012
f 6652 7012 6749
f 6833 6652 6579
f 6652 6749 6425
f 5946 6425 6428
f 6425 5946 6160
f 6652 6425 6508
f 6652 6508 6579
f 6508 6425 6160
f 6579 6508 6426
f 6426 6508 6160
f 6579 6426 6330
f 6330 6426 6160
f 6330 6236 6579
f 6236 6330 5944
f 5944 6330 6033
f 6033 6330 6160
f 6033 6160 5946
f 6033 5946 5741
f 5741 5946 5798
f 6033 5741 5561
f 5741 5798 5507
f 5561 5741 5334
f 5334 5741 5507
f 7234 7009 7007
f 7234 7007 7286
f 7286 7007 7006
f 7286 7006 7285
f 7285 7006 6918
f 7285 6918 7236
f 7285 7236 7398
f 7398 7236 7357
f 7357 7236 7160
f 7160 7236 6831
f 6831 7236 6918
f 6831 6918 6417
f 6573 7007 7009
f 7007 6573 7006
f 6573 7009 6642
f 7006 6573 6506
f 6573 6642 6232
f 6573 6232 6506
f 6232 6642 6326
f 6232 6326 5796
f 5796 6326 5940
f 5796 5940 5664
f 6232 5796 5873
f 6506 6232 6115
f 6115 6232 5873
f 6506 6115 6418
f 6918 7006 6418
f 6918 6418 6417
f 6418 6115 6029
f 6029 6115 5873
f 6418 6029 6417
f 6029 5873 5739
f 6417 6029 5938
f 5938 6029 5739
f 5938 5739 5662
f 6420 6646 6575
f 6646 6420 6644
f 6420 6575 6422
f 6420 6422 6158
f 6420 6158 5940
f 7006 6506 6418
f 6334 6332 6926
f 7357 7288 7398
f 7357 7290 7288
f 7290 7357 7432
f 5798 5946 6332
f 6334 5798 6332
f 5798 6334 5668
f 5664 5940 5666
f 5265 5264 5664
f 5265 5664 5666
f 5666 5940 6031
f 6031 5940 6158
f 6031 6158 6422
f 6031 6422 6328
f 6031 6328 5942
f 6031 5942 5666
f 5942 6328 6234
f 5666 5942 5559
f 5666 5559 5265
f 5265 5559 5222
f 5265 5222 4959
f 4959 5222 4961
f 4959 5264 5265
f 5739 5737 5662
f 5662 5737 5938
f 5668 5507 5798
f 5668 5336 5507
f 4640 4573 4210
f 4776 4774 4955
f 4774 4776 4729
f 4729 4776 4693
f 4729 4693 4642
f 4776 4955 4884
f 4776 4884 4693
f 4693 4884 4695
f 4884 4955 5011
f 4884 5011 4957
f 4884 4957 4778
f 4778 4957 4886
f 4774 4729 4573
f 4573 4729 4642
f 4693 4447 4642
f 4642 4447 4371
f 4573 4642 4286
f 4286 4642 4371
f 4573 4286 4210
f 4210 4286 3869
f 4286 4371 3975
f 3975 4371 4075
f 3975 3869 4286
f 5210 5257 5367
f 5213 5210 5367
f 5213 5367 5329
f 5213 5329 5216
f 5216 5329 5330
f 5259 5375 5376
f 5375 5259 5330
f 5330 5259 5216
f 5167 5210 5107
f 5107 5210 5213
f 5109 5171 5009
f 5171 5109 5216
f 4145 4075 4371
f 4371 4447 4145
f 3869 3975 3624
f 3624 3975 3710
f 337 788 190
f 788 337 859
f 859 337 599
f 859 599 933
f 859 933 1479
f 859 1479 1442
f 933 599 888
f 888 599 693
f 888 693 695
f 888 695 744
f 888 744 1090
f 888 1090 1446
f 1446 1090 1481
f 933 888 1444
f 1444 888 1446
f 933 1444 1479
f 1444 1446 1720
f 1444 1720 1791
f 1444 1791 1479
f 1479 1791 1885
f 3791 3975 4075
f 3791 4075 3977
f 3977 4075 4145
f 3791 3977 3793
f 3793 3977 4033
f 3793 4033 3871
f 3791 3793 3542
f 3791 3542 3710
f 3710 3542 3540
f 3710 3540 3624
f 3540 3542 107
f 3540 107 337
f 3791 3710 3975
f 3544 3473 3542
f 3542 3473 107
f 3544 3542 3793
f 3473 3544 109
f 109 3544 111
f 107 3473 247
f 107 247 387
f 107 387 337
f 387 247 389
f 389 247 391
f 389 391 569
f 569 391 438
f 3626 111 3544
f 3626 3544 3793
f 111 3626 113
f 3626 3793 3871
f 113 3626 115
f 3626 3871 4035
f 115 3626 3712
f 3712 3626 4035
f 3712 4035 4080
f 599 337 387
f 3473 109 247
f 391 247 109
f 391 109 111
f 391 111 438
f 4782 5013 5175
f 4782 5175 4959
f 4782 4959 4784
f 4782 4701 5013
f 4449 4575 4701
f 4575 4449 4292
f 4449 4701 4646
f 4646 4701 4782
f 4449 4646 4577
f 4577 4646 4731
f 4292 4449 4296
f 4292 4296 4147
f 4147 4296 4149
f 4149 4296 4295
f 4959 4961 4786
f 4786 4961 4735
f 4959 4786 4784
f 4784 4786 4731
f 4731 4786 4733
f 4782 4784 4646
f 4646 4784 4731
f 4449 4577 4296
f 4296 4577 4295
f 4295 4577 4645
f 4645 4577 4731
f 4786 4648 4733
f 4648 4786 4703
f 4703 4786 4735
f 4733 4648 4581
f 4733 4581 4579
f 4733 4579 4731
f 4731 4579 4645
f 4524 4735 4526
f 4524 4526 4036
f 4036 4526 4376
f 4376 4526 4528
f 4376 4528 4299
f 4036 4376 4038
f 4038 4376 4299
f 4036 4038 3628
f 3628 4038 3882
f 4038 4299 4084
f 4084 4299 4086
f 4703 4735 4524
f 4703 4524 4454
f 4738 4705 4735
f 4735 4705 4526
f 4526 4705 4528
f 4648 4373 4581
f 4581 4373 4297
f 4581 4297 4451
f 4451 4297 4214
f 4451 4214 4213
f 4213 4214 3979
f 4452 4373 4648
f 4454 4452 4703
f 4452 4454 3982
f 4373 4452 3981
f 3981 4452 3982
f 4373 3981 3980
f 3980 3981 118
f 3981 3982 192
f 3981 192 118
f 192 3982 193
f 118 192 601
f 192 193 643
f 601 192 697
f 697 192 643
f 697 643 748
f 697 748 894
f 894 748 814
f 814 748 750
f 814 750 818
f 4703 4452 4648
f 4081 4147 4080
f 4080 4147 4149
f 4081 4080 4077
f 4077 4080 4035
f 3983 4454 4524
f 4454 3983 3982
f 3983 4524 4036
f 3982 3983 194
f 3982 194 252
f 194 3983 11
f 11 3983 4036
f 11 4036 3628
f 252 193 3982
f 193 252 645
f 193 645 643
f 645 252 440
f 645 440 573
f 573 440 478
f 645 573 699
f 573 478 603
f 573 603 699
f 699 603 752
f 699 752 820
f 752 603 701
f 701 603 605
f 701 605 898
f 752 701 947
f 947 701 898
f 820 752 863
f 863 752 947
f 820 863 1061
f 1061 863 1094
f 1094 863 947
f 1061 1094 1208
f 947 898 1144
f 947 1144 1094
f 1144 898 1146
f 1208 1094 1312
f 1312 1094 1144
f 1208 1312 1358
f 1312 1144 1360
f 1360 1144 1146
f 1312 1360 1487
f 1487 1360 1521
f 1360 1146 1361
f 1360 1361 1521
f 1361 1146 1261
f 1521 1361 1552
f 1361 1261 1554
f 1361 1554 1552
f 1552 1554 1797
f 1797 1554 1762
f 1552 1797 1760
f 1797 1762 2001
f 1760 1797 1975
f 1975 1797 2001
f 1760 1975 1960
f 1960 1975 2236
f 1975 2001 2280
f 1975 2280 2236
f 2343 2280 2049
f 2280 2343 2609
f 2280 2609 2236
f 2236 2609 2505
f 2505 2609 3042
f 2505 3042 3028
f 3028 3042 3179
f 3042 2609 3064
f 2653 2866 3064
f 3064 2866 3098
f 3042 3064 3180
f 3180 3064 3098
f 3042 3180 3179
f 3180 3098 3190
f 3179 3180 3238
f 3238 3180 3190
f 3179 3238 3243
f 3243 3238 3276
f 3243 3276 3289
f 3238 3190 3229
f 3238 3229 3276
f 3229 3190 3216
f 3216 3190 3171
f 3229 3216 3253
f 3229 3253 3276
f 3276 3253 3291
f 3276 3291 3311
f 3276 3311 3289
f 3289 3311 3326
f 4084 3882 4038
f 3882 3798 3628
f 3628 3798 12
f 3628 12 11
f 11 12 339
f 11 339 194
f 194 339 441
f 194 441 252
f 252 441 440
f 3980 4297 4373
f 4297 3980 3876
f 4297 3876 4214
f 4214 3876 3875
f 3876 3980 118
f 3875 3876 117
f 117 3876 118
f 117 118 571
f 571 118 601
f 571 601 890
f 117 571 522
f 117 522 10
f 522 571 808
f 808 571 890
f 522 808 746
f 808 890 1092
f 1092 890 1206
f 1092 1206 1352
f 1352 1206 1354
f 1354 1206 1057
f 808 1092 984
f 808 984 746
f 746 984 812
f 812 984 988
f 988 984 1176
f 812 988 811
f 4645 4579 4295
f 4295 4579 4213
f 4213 4579 4451
f 4451 4579 4581
f 4295 4213 4149
f 4149 4213 3979
f 4149 3979 3872
f 4149 3872 4080
f 4035 3871 4077
f 4080 3872 3712
f 3712 3872 10
f 3712 10 115
f 115 10 522
f 115 522 474
f 115 474 113
f 113 474 438
f 113 438 111
f 3875 3872 3979
f 3872 3875 10
f 10 3875 117
f 3875 3979 4214
f 9052 8760 9080
f 8760 9052 8778
f 8760 8778 8670
f 8760 8670 8640
f 8640 8670 8616
f 8640 8616 8542
f 8670 8778 8644
f 8644 8778 8762
f 8644 8762 8672
f 8644 8672 8592
f 9022 8778 9052
f 8778 9022 8762
f 8762 9022 8916
f 8916 9022 9235
f 8916 9235 9179
f 8762 8916 8672
f 8672 8916 8798
f 8916 9179 9054
f 8916 9054 8798
f 9054 9179 9195
f 9195 9179 9289
f 9195 9289 9364
f 9195 9364 9279
f 9279 9364 9308
f 9279 9308 9160
f 9279 9160 9195
f 9160 9308 9181
f 9054 9195 9056
f 9056 9195 9160
f 9054 9056 8853
f 9054 8853 8798
f 9056 9160 8836
f 9056 8836 8853
f 9160 9181 8920
f 9160 8920 8836
f 8920 9181 8979
f 8920 8979 8718
f 8718 8979 8736
f 8718 8736 8453
f 8920 8718 8624
f 8920 8624 8836
f 8718 8453 8416
f 8718 8416 8624
f 8416 8453 8114
f 8416 8114 8334
f 8416 8334 8624
f 8334 8114 8034
f 8334 8034 7959
f 8624 8334 8478
f 8624 8478 8836
f 8334 7959 8192
f 8334 8192 8478
f 8192 7959 7825
f 7825 7959 7581
f 7825 7581 7525
f 8192 7825 8073
f 8073 7825 7669
f 8073 7669 7898
f 8192 8073 8251
f 8251 8073 7898
f 8192 8251 8478
f 7361 7476 7525
f 7525 7476 7642
f 7642 7476 7616
f 7616 7476 7477
f 7616 7477 7402
f 7642 7616 7781
f 7642 7781 7823
f 7642 7823 7898
f 7823 7781 7995
f 7995 7781 7996
f 7823 7995 8108
f 7823 8108 7898
f 7898 8108 8251
f 7996 7781 7736
f 8251 8108 8476
f 8476 8108 8249
f 8251 8476 8478
f 8478 8476 8714
f 8478 8714 8836
f 8836 8714 8853
f 8714 8476 8674
f 8674 8476 8249
f 8714 8674 8853
f 8674 8249 8451
f 8853 8674 8798
f 8798 8674 8451
f 8798 8451 8594
f 8798 8594 8672
f 8672 8594 8474
f 8474 8594 8332
f 8672 8474 8592
f 8474 8332 8449
f 8592 8474 8545
f 8545 8474 8449
f 8592 8545 8622
f 8592 8622 8644
f 8644 8622 8642
f 8644 8642 8670
f 8449 8332 8296
f 8296 8332 8172
f 8449 8296 8412
f 8296 8172 8144
f 8412 8296 8247
f 8247 8296 8144
f 8412 8247 8190
f 8412 8190 8245
f 8412 8245 8511
f 8190 8247 8071
f 8071 8247 8144
f 8190 8071 7640
f 7957 8144 8172
f 7957 8172 7996
f 7957 7996 7736
f 8071 8144 7915
f 8071 7915 7640
f 8144 7957 7779
f 8144 7779 7915
f 7957 7736 7614
f 7957 7614 7779
f 7614 7736 7509
f 7509 7736 7579
f 7509 7579 7402
f 7509 7402 7300
f 7509 7300 7019
f 7614 7509 7246
f 7614 7246 7400
f 7614 7400 7779
f 7400 7246 6837
f 7779 7400 7472
f 7779 7472 7915
f 7400 6837 6928
f 7400 6928 7472
f 7915 7472 7551
f 7472 6928 7091
f 7472 7091 7551
f 7915 7551 7640
f 7091 6928 6432
f 6928 6837 6434
f 6928 6434 6432
f 6434 6837 6436
f 6436 6837 6756
f 6434 6436 6164
f 6434 6164 6035
f 6434 6035 6432
f 6436 6756 6513
f 6513 6756 6656
f 6656 6756 6839
f 6513 6656 6758
f 6758 6656 6839
f 6432 6035 5875
f 6432 5875 6430
f 6432 6430 7091
f 7091 6430 7166
f 7091 7166 7551
f 6430 5875 5802
f 7551 7166 7244
f 7551 7244 7640
f 7166 6430 6342
f 6342 6430 5802
f 7244 7166 6340
f 6340 7166 6342
f 7244 6340 6338
f 6338 6340 5448
f 5448 6340 5511
f 5511 6340 6342
f 7244 6338 7298
f 7244 7298 7640
f 7298 6338 6238
f 7298 6238 7296
f 5511 6342 5672
f 5672 6342 5802
f 5511 5672 4890
f 7298 7296 7697
f 7298 7697 7640
f 7640 7697 8190
f 7697 7296 7778
f 8190 7697 8245
f 8245 7697 7778
f 8245 7778 7821
f 7821 7778 7294
f 8245 7821 8330
f 8330 7821 7819
f 8245 8330 8511
f 8330 7819 8329
f 8511 8330 8590
f 8590 8330 8329
f 8590 8329 8620
f 5019 4890 5672
f 4890 5019 4153
f 5019 5672 5802
f 4153 5019 4458
f 5019 5802 5226
f 5019 5226 4458
f 5226 5802 5875
f 4458 5226 4743
f 5226 5875 5450
f 5226 5450 4743
f 9235 9022 9052
f 9052 9275 9235
f 8670 8642 8616
f 6754 7613 7667
f 7611 8188 7613
f 7611 7613 6752
f 6752 7613 6754
f 6752 6754 5569
f 5569 6754 5670
f 5569 5670 4709
f 5670 6754 7017
f 4709 5670 4741
f 4709 4741 3807
f 5670 7017 5800
f 5670 5800 4741
f 5800 7017 7164
f 7164 7017 7776
f 7164 7776 7819
f 3807 4741 3887
f 3807 3887 483
f 4741 5800 4888
f 4741 4888 3887
f 5800 7164 5948
f 5800 5948 4888
f 7164 7819 7292
f 7164 7292 5948
f 7292 7819 7294
f 7294 7819 7821
f 7292 7294 6162
f 7296 7294 7778
f 7294 7296 6162
f 6162 7296 6238
f 5948 7292 6117
f 6117 7292 6162
f 5948 6117 5017
f 5948 5017 4888
f 6117 6162 5179
f 6117 5179 5017
f 6162 6238 5267
f 6162 5267 5179
f 5267 6238 5338
f 5338 6238 6338
f 5338 6338 5448
f 3988 4888 5017
f 4888 3988 3887
f 4090 5017 5179
f 5017 4090 3988
f 4090 5179 4219
f 4219 5179 5267
f 4456 5267 5338
f 5267 4456 4219
f 4456 5338 4583
f 4583 5338 5448
f 4456 4583 3490
f 4583 5448 4711
f 4711 5448 5511
f 4711 5511 4890
f 4583 4711 3630
f 4583 3630 3490
f 4711 4890 3990
f 4711 3990 3630
f 3990 4890 4153
f 3990 4153 301
f 301 4153 14
f 3630 3990 485
f 485 3990 301
f 3630 485 3490
f 485 301 754
f 485 754 951
f 3490 485 647
f 647 485 951
f 647 951 1096
f 1096 951 1212
f 647 1096 1210
f 3490 647 792
f 792 647 1210
f 3490 792 197
f 3490 197 4456
f 4456 197 4219
f 4219 197 299
f 4219 299 4090
f 197 792 865
f 197 865 299
f 792 1210 1316
f 792 1316 865
f 1316 1210 1611
f 1611 1210 1527
f 1316 1611 1609
f 1316 1609 1314
f 1316 1314 865
f 1314 1609 1664
f 902 299 865
f 902 865 1314
f 343 4090 299
f 343 299 902
f 4090 343 3988
f 1314 1664 1409
f 1314 1409 902
f 1409 1664 1662
f 1662 1664 1766
f 1409 1662 1451
f 902 1409 949
f 949 1409 1451
f 902 949 343
f 949 1451 996
f 343 949 445
f 445 949 996
f 343 445 3988
f 445 996 483
f 3988 445 3887
f 3887 445 483
f 8594 8451 8332
f 8332 8451 8171
f 8171 8451 8249
f 8171 8249 7995
f 7995 8249 8108
f 9409 9431 9373
f 9307 9276 9361
f 9276 9307 9180
f 9276 9180 9157
f 9157 9180 8978
f 9157 8978 8917
f 9157 8917 9158
f 8917 8978 8735
f 9158 8917 8918
f 8917 8735 8715
f 8917 8715 8918
f 8715 8735 8452
f 8918 8715 8716
f 8715 8452 8413
f 8715 8413 8716
f 8413 8452 8111
f 8716 8413 8414
f 8414 8413 8109
f 8109 8413 8111
f 8414 8109 8110
f 8109 8111 7737
f 7737 8111 7782
f 7737 7782 7433
f 8171 8172 8332
f 8172 8171 7996
f 7996 8171 7995
f 7898 7669 7642
f 7642 7669 7525
f 8113 8114 8453
f 8114 8113 7783
f 7700 8034 8114
f 7700 8114 7740
f 7740 8114 7783
f 7700 7740 7481
f 7740 7783 7479
f 7740 7479 7481
f 7481 7479 7363
f 7481 7363 7404
f 7404 7363 7170
f 7404 7170 7360
f 7479 7783 7433
f 7360 7170 7361
f 7360 7361 7581
f 7581 7361 7525
f 7360 7581 7644
f 7644 7581 7959
f 7644 7959 8034
f 7433 7783 7738
f 7738 7783 8113
f 7433 7738 7737
f 7738 8113 8110
f 7737 7738 8109
f 8109 7738 8110
f 7579 7736 7781
f 7579 7781 7616
f 7579 7616 7402
f 7525 7669 7825
f 7019 7246 7509
f 8034 7700 7644
f 7644 7700 7481
f 7644 7481 7404
f 7644 7404 7360
f 7479 7433 7363
f 7510 7435 7433
f 7435 7510 7482
f 7434 7510 7433
f 7434 7433 7362
f 7434 7362 7301
f 7301 7362 7169
f 7433 7435 7363
f 7363 7435 7302
f 7363 7302 7170
f 7170 7302 6930
f 7170 6930 6758
f 7433 7782 7478
f 7433 7478 7362
f 7478 7782 7739
f 7739 7782 8112
f 8112 7782 8111
f 8112 8111 8452
f 8735 8717 8452
f 8452 8717 8415
f 8452 8415 8112
f 8415 8717 8623
f 8112 8415 8333
f 8477 8333 8623
f 7699 7739 8112
f 7739 7699 7480
f 8112 8333 8033
f 8112 8033 7699
f 8333 8477 8191
f 8191 8477 8250
f 7480 7699 7643
f 7643 7699 8033
f 8033 8333 7958
f 7958 8333 8191
f 8033 7958 7643
f 7480 7643 7403
f 7480 7403 7362
f 7362 7403 7169
f 7403 7643 7358
f 7403 7358 7169
f 7643 7958 7580
f 7643 7580 7358
f 7169 7358 7359
f 7359 7358 7580
f 7169 7359 7247
f 7580 7958 7824
f 7824 7958 8191
f 7359 7580 7524
f 7524 7580 7824
f 7247 7359 7474
f 7474 7359 7524
f 7247 7474 7475
f 7524 7824 7668
f 7474 7524 7641
f 7474 7641 7615
f 7615 7641 7780
f 7780 7641 7822
f 7780 7822 7993
f 7993 7822 8107
f 7822 7641 7897
f 7822 7897 8107
f 8107 7897 8250
f 8250 7897 8072
f 8072 7897 7668
f 8072 7668 7824
f 8250 8072 8191
f 8191 8072 7824
f 5567 6654 6752
f 5569 5567 6752
f 5567 5569 4707
f 4707 5569 4709
f 4739 5509 5567
f 5567 4707 4739
f 4707 4709 3805
f 3805 4709 3807
f 3805 3807 483
f 4707 3805 3803
f 3803 3805 479
f 4707 3803 4739
f 4739 3803 4531
f 3805 483 481
f 481 483 994
f 994 483 996
f 994 996 1407
f 1407 996 1451
f 994 1407 1363
f 1407 1451 1639
f 1639 1451 1662
f 1363 1407 1607
f 1607 1407 1639
f 1363 1607 1554
f 1639 1662 1731
f 1639 1731 1607
f 1731 1662 1766
f 1554 1607 1730
f 1554 1730 1762
f 1762 1730 1765
f 4705 4738 4531
f 4705 4531 4529
f 4705 4529 4528
f 4528 4529 4377
f 4529 4531 3885
f 3885 4531 3803
f 4529 3885 3884
f 4529 3884 4377
f 4377 3884 3986
f 4299 4528 4379
f 4528 4377 4379
f 4379 4377 4300
f 3885 3803 195
f 195 3803 254
f 195 254 443
f 195 443 121
f 195 121 3885
f 3885 121 3884
f 479 254 3803
f 254 479 605
f 605 479 900
f 3805 481 479
f 479 481 994
f 479 994 900
f 900 994 1363
f 900 1363 1261
f 1261 1363 1554
f 4379 4086 4299
f 4084 4086 3882
f 3882 4086 3798
f 3798 4086 3714
f 3714 4086 4088
f 4379 4088 4086
f 4088 4379 4300
f 3800 3714 4088
f 3714 3800 3546
f 3714 3546 13
f 13 3546 121
f 13 121 341
f 341 121 443
f 4088 4300 4087
f 4088 4087 3800
f 4087 4300 3986
f 4087 3986 3800
f 3986 4300 4377
f 3800 3986 3546
f 3546 3986 3884
f 3546 3884 121
f 3798 3714 13
f 13 12 3798
f 12 13 339
f 341 339 13
f 443 254 575
f 575 254 605
f 5875 6035 5450
f 5450 6035 5674
f 5674 6035 6164
f 5450 5674 5021
f 5450 5021 4743
f 4153 4458 14
f 14 4458 3809
f 3809 4458 4743
f 3809 4743 4221
f 14 3809 256
f 256 3809 4221
f 14 256 525
f 14 525 301
f 301 525 754
f 256 4221 3716
f 3716 4221 4650
f 3716 4650 4223
f 3716 4223 3889
f 256 3716 577
f 577 3716 303
f 822 525 256
f 822 256 577
f 822 577 906
f 906 577 650
f 650 577 303
f 822 906 1100
f 650 303 394
f 394 303 3632
f 394 3632 3477
f 822 1100 1032
f 822 1032 525
f 1032 1100 1263
f 525 1032 754
f 1032 1263 1212
f 1032 1212 754
f 754 1212 951
f 1212 1263 1453
f 1212 1453 1411
f 1212 1411 1096
f 1318 1491 1453
f 1453 1491 1556
f 1453 1556 1411
f 1556 1491 1613
f 1096 1411 1527
f 1527 1411 1556
f 1096 1527 1210
f 1527 1556 1641
f 1527 1641 1611
f 4743 5021 4650
f 4650 5021 5023
f 4743 4650 4221
f 6756 6837 7246
f 7246 7019 6756
f 7168 7402 7477
f 7402 7168 7300
f 7300 7168 7021
f 7021 7168 6758
f 7021 6758 6839
f 7021 6839 7300
f 7300 6839 7019
f 7019 6839 6756
f 6436 6513 6240
f 6436 6240 6164
f 6164 6240 5877
f 5877 6240 6119
f 6119 6240 6242
f 6242 6240 6513
f 6242 6513 6758
f 5674 6164 5877
f 5674 5877 5340
f 5674 5340 5021
f 5951 5676 5877
f 5877 5676 5340
f 5676 5951 5743
f 5743 5951 6242
f 5743 6242 5804
f 5676 5743 5380
f 5676 5380 5340
f 5340 5380 5023
f 5340 5023 5021
f 5023 5380 4713
f 4650 5023 4223
f 4223 5023 4713
f 4223 4713 3889
f 3889 4713 4460
f 4713 5380 5182
f 5182 5380 5572
f 4460 4713 4965
f 4965 4713 5182
f 5182 5572 5455
f 5182 5455 4965
f 5455 5572 5804
f 4225 3632 4460
f 4460 4965 4748
f 4460 4748 4225
f 4748 4965 5271
f 5271 4965 5455
f 4225 4748 4652
f 4225 4652 4156
f 4748 5271 5184
f 4748 5184 4652
f 5271 5455 5454
f 5454 5455 5804
f 5271 5454 5184
f 5454 5804 5382
f 5454 5382 5184
f 5382 5804 5571
f 5382 5571 5453
f 5453 5571 5381
f 5184 5382 5025
f 5025 5382 5269
f 5184 5025 4585
f 5184 4585 4652
f 4585 5025 4533
f 4652 4585 4092
f 4092 4585 4533
f 5803 5381 5571
f 5381 5803 5451
f 5381 5451 5183
f 5451 5803 5452
f 5183 5451 5270
f 5270 5451 5452
f 5183 5270 4746
f 5183 4746 4651
f 5270 5452 4964
f 5270 4964 4746
f 5452 5803 5570
f 5570 5803 5949
f 4964 5452 5180
f 5180 5452 5570
f 4651 4746 4224
f 4651 4224 4154
f 4154 4224 3476
f 4224 4746 4459
f 4459 4746 4964
f 4224 4459 3631
f 4964 5180 4712
f 4964 4712 4459
f 3631 4459 3888
f 3888 4459 4712
f 3631 3888 302
f 4712 5180 5379
f 5379 5180 5570
f 302 3888 3715
f 302 3715 576
f 3888 4712 4222
f 3888 4222 3715
f 576 3715 255
f 4222 4712 5022
f 5022 4712 5379
f 3715 4222 4649
f 4649 4222 5022
f 255 3715 4220
f 4220 3715 4649
f 255 4220 3808
f 4220 4649 4742
f 4220 4742 3808
f 4649 5022 5020
f 4649 5020 4742
f 5020 5022 5339
f 5339 5022 5379
f 3808 4742 4457
f 3808 4457 65
f 4742 5020 5449
f 4457 4742 5225
f 5225 4742 5449
f 5449 5020 5673
f 5673 5020 5339
f 5225 5449 5874
f 5449 5673 6034
f 5449 6034 5874
f 4457 5225 5018
f 4457 5018 4152
f 4152 5018 4889
f 5018 5225 5801
f 5801 5225 5874
f 4889 5018 5671
f 5671 5018 5801
f 4889 5671 5510
f 5510 5671 6341
f 6341 5671 5801
f 5510 6341 6339
f 6341 5801 6429
f 6429 5801 5874
f 6341 6429 7165
f 6429 5874 6431
f 6431 5874 6034
f 7165 6429 7090
f 7090 6429 6431
f 7165 7090 7550
f 7550 7090 7471
f 7090 6431 6927
f 7090 6927 7471
f 6431 6034 6433
f 6431 6433 6927
f 6433 6034 6163
f 6163 6034 5673
f 6163 5673 5876
f 5876 5673 5339
f 7471 6927 7399
f 7471 7399 7698
f 6927 6433 6836
f 6927 6836 7399
f 6433 6163 6435
f 6433 6435 6836
f 6435 6163 6239
f 6239 6163 5876
f 7698 7399 7577
f 7698 7577 7956
f 7956 7577 7735
f 7577 7399 7245
f 7245 7399 6836
f 7735 7577 7473
f 7473 7577 7245
f 7735 7473 7578
f 7578 7473 7401
f 7245 6836 6755
f 6755 6836 6435
f 7473 7245 7018
f 7018 7245 6755
f 7475 7615 7401
f 7475 7401 7167
f 7401 7473 7299
f 7299 7473 7018
f 7401 7299 7167
f 7018 6755 6838
f 7018 6838 7299
f 7167 7299 7020
f 7020 7299 6838
f 7167 7020 7022
f 7022 7020 6757
f 6757 7020 6838
f 6757 6838 6655
f 6655 6838 6755
f 6655 6755 6511
f 6511 6755 6435
f 6511 6435 6239
f 6655 6511 6512
f 6655 6512 6657
f 6512 6511 6343
f 6343 6511 6239
f 6343 6239 6118
f 6118 6239 5876
f 6118 5876 5950
f 6118 5950 6241
f 6241 5950 6120
f 5950 5876 5675
f 5675 5876 5339
f 5675 5339 5379
f 5950 5675 5742
f 5950 5742 6120
f 5742 5675 5379
f 6120 5742 5949
f 5742 5379 5570
f 5742 5570 5949
f 5877 6119 5951
f 5951 6119 6242
f 7477 7476 7248
f 7476 7361 7248
f 7248 7361 7170
f 7248 7168 7477
f 7168 7248 6758
f 7248 7170 6758
f 6345 6758 6930
f 6758 6345 6242
f 6345 6930 6515
f 6515 6930 7024
f 7435 7482 7406
f 7406 7482 7306
f 7306 7482 7364
f 7406 7306 7304
f 7306 7364 7173
f 7173 7364 7249
f 7173 7249 7095
f 7173 7095 7096
f 7174 7306 7096
f 7306 7174 7304
f 7174 7096 7026
f 7174 7026 7304
f 7302 7435 7304
f 7302 7304 7024
f 7024 7304 7026
f 7302 7024 6930
f 7024 7026 6515
f 6515 7026 6661
f 7406 7304 7435
f 7434 7482 7510
f 7482 7434 7405
f 7482 7405 7305
f 7405 7434 7303
f 7405 7303 7305
f 7305 7303 7172
f 7303 7434 7301
f 7303 7301 7023
f 7023 7301 6929
f 7480 7478 7739
f 7478 7480 7362
f 7305 7364 7482
f 7364 7305 7171
f 7364 7171 7249
f 7306 7173 7096
f 7093 7171 7305
f 7171 7093 7092
f 7172 7093 7305
f 7093 7172 7025
f 7025 7172 7303
f 7025 7303 7023
f 7025 7023 6514
f 7093 7025 6931
f 7093 6931 7092
f 7025 6514 6659
f 7025 6659 6759
f 6659 6514 6437
f 6437 6514 6165
f 6759 6659 6658
f 6658 6659 6437
f 6933 6931 6759
f 6931 6933 7092
f 6759 6658 6840
f 6759 6840 6933
f 6437 6165 6346
f 6346 6165 5952
f 6346 5952 6166
f 6437 6346 6582
f 6437 6582 6658
f 6346 6166 6438
f 6438 6166 6515
f 6438 6515 6661
f 6658 6582 6841
s 0
f 6658 6841 6840
s 1
f 6660 6582 6438
f 6660 6438 6661
f 6582 6660 6841
f 6660 6661 6760
f 6760 6661 7026
s 0
f 6841 6660 6842
s 1
f 6842 6660 6760
f 6760 7026 6932
f 6932 7026 7096
f 6932 7096 7095
f 6842 6760 6935
f 6841 6842 6934
f 6934 6842 6935
f 6934 6935 7095
f 6841 6934 6840
f 6840 6934 6933
f 6933 6934 7092
f 6934 7095 7094
f 6934 7094 7092
f 7094 7095 7249
f 7094 7249 7092
f 6242 6345 5879
f 6345 6515 6166
f 6345 6166 5879
f 5879 6166 5952
f 5879 5952 5677
f 5677 5952 5878
f 5878 5952 6165
f 7171 7092 7249
f 6935 6932 7095
f 6932 6935 6760
f 5879 5804 6242
f 5743 5804 5572
f 5743 5572 5380
f 5804 5879 5677
f 5804 5677 5571
f 5571 5677 5803
f 5803 5677 5878
f 6346 6438 6582
f 6165 6514 6344
f 6344 6514 7023
f 6344 7023 6929
f 6165 6344 5878
f 5878 6344 6241
f 5878 6241 6120
f 5878 6120 5949
f 5878 5949 5803
f 5382 5453 5269
f 5269 5453 5341
f 5341 5453 5268
f 5268 5453 5381
f 5268 5381 5024
f 5024 5381 5183
f 5024 5183 4584
f 4584 5183 4651
f 4584 4651 4091
f 4091 4651 4154
f 4091 4154 3476
f 3716 3889 303
f 4460 3632 3889
f 3889 3632 303
f 3477 3632 4225
f 3477 4225 4156
f 3477 4092 123
f 3477 123 393
f 123 4092 3992
f 3992 4092 4462
f 4462 4092 4533
f 4462 4533 4967
f 4967 4533 5025
f 4967 5025 5269
f 4967 5269 5115
f 527 393 123
f 393 527 756
f 756 527 824
f 393 756 650
f 756 824 998
f 756 998 650
f 650 998 904
f 4156 4092 3477
f 4092 4156 4652
f 3477 393 394
f 394 393 650
f 304 123 3992
f 123 304 527
f 527 304 703
f 703 304 866
f 304 3992 3890
f 3890 3992 4462
f 304 3890 446
f 3890 4462 4381
f 4381 4462 4967
f 446 3890 3634
f 3634 3890 4381
f 446 3634 3478
f 4381 4967 4788
f 3634 4381 4226
f 4226 4381 4788
f 3634 4226 3478
f 4788 4967 5115
f 446 3478 579
f 4226 4788 4654
f 3478 4226 4162
f 4162 4226 4654
f 579 3478 130
f 130 3478 4162
f 1105 1034 579
f 1105 579 655
f 655 579 130
f 1105 655 1149
f 130 4162 4161
f 4161 4162 4654
f 655 130 129
f 129 130 4161
f 655 129 706
f 705 1149 706
f 1149 705 1148
f 1148 705 1102
f 705 706 128
f 128 706 129
f 128 129 4161
f 1101 1102 652
f 1101 652 651
f 651 652 124
f 124 652 128
f 128 4161 4160
f 128 4160 124
f 4160 4161 4654
f 651 124 125
f 4160 4654 4747
f 4747 4654 4788
f 4747 4788 5115
f 4160 4747 4155
f 4160 4155 124
f 4747 5115 4744
f 4747 4744 4155
f 4744 5115 5181
f 5181 5115 5269
f 5181 5269 5341
f 5181 5341 5268
f 4744 5181 5114
f 4157 124 4155
f 4155 4744 4745
f 4745 4744 5114
f 4155 4745 4157
f 124 4157 125
f 4745 5114 4787
f 4787 5114 4966
f 4157 4745 4653
f 4653 4745 4787
f 125 4157 4158
f 4158 4157 4653
f 4787 4966 4380
f 4380 4966 4461
f 4653 4787 4227
f 4227 4787 4380
f 4158 4653 4159
f 4159 4653 4227
f 4380 4461 3891
f 3891 4461 3991
f 4227 4380 3633
f 3633 4380 3891
f 4159 4227 3479
f 3479 4227 3633
f 4158 4159 127
f 127 4159 3479
f 3891 3991 305
f 305 3991 122
f 3633 3891 447
f 3633 447 3479
f 447 3891 305
f 305 122 526
f 3479 447 578
f 3479 578 127
f 447 305 867
f 305 526 702
f 305 702 867
f 702 526 823
f 702 823 1064
f 702 1064 1265
f 702 1265 867
f 1265 1064 1643
f 1265 1643 1770
f 1265 1770 1454
f 1265 1454 867
f 867 1454 1033
f 867 1033 447
f 447 1033 578
f 1033 1454 1528
f 1033 1528 1104
f 1033 1104 578
f 1104 1528 1562
f 578 1104 654
f 578 654 127
f 654 1104 1103
f 1147 1103 1561
f 1103 1147 704
f 1103 704 653
f 1103 653 654
f 653 704 125
f 127 654 126
f 126 654 653
f 126 653 125
f 127 126 4158
f 4158 126 125
f 5181 5268 5114
f 4966 5114 5268
f 4966 5268 5024
f 304 446 866
f 866 446 1034
f 1034 446 579
f 866 1034 1455
f 1455 1034 1529
f 1529 1034 1105
f 866 1455 1264
f 866 1264 703
f 1455 1529 1873
f 1529 1105 1564
f 1564 1105 1149
f 1564 1149 1563
f 1563 1149 1148
f 1564 1563 1903
f 1529 1564 1901
f 1901 1564 1903
f 1529 1901 1873
f 1901 1903 2071
f 1901 2071 2072
f 1901 2072 1873
f 2072 2071 2288
f 2072 2288 2285
f 2285 2288 2486
f 1873 2072 2053
f 2053 2072 2285
f 1873 2053 1771
f 1873 1771 1455
f 1455 1771 1264
f 2285 2486 2459
f 2459 2486 2752
f 2053 2285 2249
f 2249 2285 2459
f 1771 2053 1980
f 1980 2053 2249
f 1264 1771 1642
f 1642 1771 1980
f 1264 1642 1065
f 1264 1065 703
f 703 1065 824
f 703 824 527
f 824 1065 1063
f 824 1063 998
f 998 1063 1214
f 1214 1063 1365
f 1063 1065 1415
f 1063 1415 1365
f 1415 1065 1642
f 1365 1415 1698
f 1365 1698 1615
f 1415 1642 1898
f 1415 1898 1698
f 1898 1642 1980
f 1615 1698 1896
f 1615 1896 1769
f 1698 1898 2032
f 1698 2032 1896
f 1898 1980 2153
f 1898 2153 2032
f 2153 1980 2249
f 1769 1896 1978
f 1769 1978 1917
f 1896 2032 2186
f 1896 2186 1978
f 2032 2153 2359
f 2032 2359 2186
f 2153 2249 2430
f 2153 2430 2359
f 2430 2249 2459
f 2104 1917 1978
f 1917 2104 2005
f 2357 1978 2186
f 1978 2357 2104
f 2357 2186 2483
f 2483 2186 2359
f 2104 2357 2455
f 2104 2455 2247
f 2357 2483 2662
f 2357 2662 2455
f 2247 2455 2618
f 2618 2455 2662
f 2247 2618 2408
f 2408 2618 2453
f 2453 2618 2748
f 2748 2618 2884
f 2884 2618 2662
f 2748 2884 3013
f 3013 2884 3079
f 3079 2884 3040
f 3040 2884 2662
f 3079 3040 3114
f 3040 2662 2886
f 2886 2662 2483
f 3114 3040 3063
f 3063 3040 2886
f 3114 3063 3128
f 2886 2483 2620
f 2620 2483 2359
f 2620 2359 2430
f 2886 2620 2994
f 2886 2994 3063
f 2620 2430 2753
f 2620 2753 2994
f 2753 2430 2459
f 2753 2459 2752
f 2753 2752 3016
f 2753 3016 2994
f 3063 2994 3084
f 3084 2994 3016
f 3063 3084 3128
f 3128 3084 3127
f 3084 3016 3083
f 3084 3083 3127
f 3127 3083 3126
f 3126 3083 3082
f 3082 3083 2996
f 3126 3082 3081
f 3126 3081 3125
f 3125 3081 3080
f 3125 3080 3124
f 3080 3081 3014
f 3082 2996 2995
f 3081 3082 3015
f 3081 3015 3014
f 3015 3082 2995
f 2995 2996 2664
f 3014 3015 2749
f 3014 2749 2750
f 3015 2995 2751
f 3015 2751 2749
f 2995 2664 2663
f 2995 2663 2751
f 2750 2749 2456
f 2750 2456 2429
f 2749 2751 2484
f 2663 2664 2457
f 2457 2664 2458
f 2457 2458 2251
f 2457 2251 2250
f 2250 2251 2052
f 2663 2457 2485
f 2663 2485 2751
f 2751 2485 2484
f 2485 2457 2287
f 2250 2052 2051
f 2051 2052 1872
f 2250 2051 2070
f 2051 1872 1871
f 1871 1872 1560
f 2070 2051 1900
f 1900 2051 1871
f 2070 1900 1902
f 1900 1871 1559
f 1559 1871 1560
f 1900 1559 1902
f 1559 1560 1101
f 1101 1560 1102
f 1559 1101 1561
f 1559 1561 1902
f 1561 1101 1147
f 1147 1101 704
f 704 1101 651
f 704 651 125
f 1902 1561 1562
f 1562 1561 1103
f 1562 1103 1104
f 1902 1562 1899
f 1899 1562 1528
f 1902 1899 2069
f 1902 2069 2070
f 2070 2069 2287
f 1899 1528 1870
f 1870 1528 1454
f 1870 1454 1770
f 1899 1870 2054
f 1899 2054 2069
f 2287 2069 2286
f 2286 2069 2054
f 2287 2286 2485
f 2485 2286 2484
f 2484 2286 2284
f 2284 2286 2054
f 2484 2284 2456
f 2033 2054 1870
f 2054 2033 2284
f 2033 1870 1770
f 2033 1770 1979
f 1979 1770 1643
f 2284 2033 2248
f 2248 2033 1979
f 2284 2248 2456
f 2248 1979 2152
f 2456 2248 2429
f 2429 2248 2152
f 652 705 128
f 705 652 1102
f 9433 9419 9402
f 9419 9369 9383
f 9383 9369 9344
f 9383 9344 9324
f 9324 9344 9286
f 9324 9286 9155
f 9324 9155 9192
f 9324 9192 9347
f 9192 9155 8913
f 9347 9192 9210
f 9192 8913 8949
f 9192 8949 9210
f 8949 8913 8637
f 9210 8949 8974
f 8974 8949 8667
f 8667 8949 8637
f 8974 8667 8707
f 8667 8637 8532
f 8532 8637 8504
f 9359 9232 9386
f 9386 9232 9272
f 9272 9232 9019
f 9272 9019 9079
f 9386 9272 9371
f 9371 9272 9274
f 9274 9272 9079
f 9371 9274 9351
f 9274 9079 9051
f 9051 9079 8759
f 9051 8759 8777
f 9274 9051 9234
f 9274 9234 9351
f 9051 8777 9021
f 9051 9021 9234
f 9021 8777 8761
f 9021 8761 8915
f 9021 8915 9234
f 9351 9234 9178
f 9178 9234 8915
f 9351 9178 9288
f 9351 9288 9411
f 9411 9288 9363
f 8915 8761 8671
f 9288 9178 9194
f 9288 9194 9363
f 9178 8915 9053
f 9178 9053 9194
f 9053 8915 8797
f 8797 8915 8671
f 9363 9194 9277
f 9363 9277 9307
f 9307 9277 9159
f 9159 9277 9194
f 9307 9159 9180
f 9055 9194 9053
f 9194 9055 9159
f 9055 9053 8852
f 8852 9053 8797
f 9159 9055 8835
f 8835 9055 8852
f 9180 9159 8919
f 8919 9159 8835
f 9180 8919 8978
f 8978 8919 8717
f 8978 8717 8735
f 8717 8919 8623
f 8623 8919 8835
f 8623 8835 8477
f 8713 8835 8852
f 8835 8713 8477
f 8713 8852 8673
f 8673 8852 8797
f 8477 8713 8475
f 8475 8713 8673
f 8477 8475 8250
f 8250 8475 8107
f 8107 8475 8248
f 8248 8475 8673
f 8248 8673 8450
f 8450 8673 8797
f 8450 8797 8593
f 8593 8797 8671
f 8593 8671 8473
f 8593 8473 8331
f 8473 8671 8591
f 8591 8671 8643
f 8473 8591 8544
f 8591 8643 8621
f 8591 8621 8544
f 8621 8643 8641
f 8641 8643 8669
f 8641 8669 8615
f 8621 8641 8619
f 8621 8619 8589
f 8621 8589 8544
f 8589 8619 8294
f 8448 8473 8544
f 8473 8448 8331
f 8544 8589 8510
f 8589 8294 8244
f 8589 8244 8510
f 8244 8294 7818
f 8244 7818 7820
f 8448 8544 8411
f 8411 8544 8510
f 8510 8244 8189
f 8189 8244 7820
f 8510 8189 8411
f 8189 7820 7777
f 7777 7820 7293
f 7777 7293 7295
f 8189 7777 7696
f 7696 7777 7295
f 8411 8189 8106
f 8106 8189 7696
f 8295 8448 8411
f 8448 8295 8331
f 8411 8106 8246
f 8411 8246 8295
f 8106 7696 7639
f 7297 7696 7295
f 7696 7297 7639
f 7297 7295 6237
f 7297 6237 6337
f 7297 6337 7243
f 7243 6337 6339
f 7297 7243 7639
f 7639 7243 7550
f 7550 7243 7165
f 7992 8106 7639
f 8106 7992 8246
f 7639 7550 7856
f 7639 7856 7992
f 7856 7550 7471
f 7856 7471 7698
f 7992 7856 8143
f 7992 8143 8246
f 8143 7856 7698
f 8246 8143 8295
f 8143 7698 7956
f 8295 8143 8170
f 8170 8143 7956
f 8295 8170 8331
f 8170 7956 7994
f 8331 8170 8169
f 8169 8170 7994
f 8169 7994 7993
f 9220 9256 9254
f 9256 9220 9198
f 9220 9254 9218
f 9254 9256 9238
f 9238 9256 9240
f 9254 9238 9236
f 9236 9238 9161
f 9254 9236 9214
f 9254 9214 9215
f 9215 9214 9110
f 9110 9214 9109
f 9254 9215 9196
f 9196 9215 9110
f 9254 9196 9218
f 9196 9110 9081
f 9218 9196 9083
f 9083 9196 9081
f 9083 9081 8856
f 9083 8856 8882
f 9201 9240 9256
f 9240 9201 9200
f 9201 9256 9182
f 9182 9256 9198
f 9182 9198 9089
f 9182 9089 9093
f 9201 9182 9117
f 9201 9117 9200
f 9117 9182 9093
f 9200 9117 9147
f 9117 9093 9031
f 9109 9214 9236
f 9236 9139 9109
f 9238 9240 9165
f 9087 9220 9218
f 9087 9218 9083
f 9087 9083 8882
f 9087 8882 8929
f 8929 8882 8807
f 8929 8807 8840
f 9089 9198 9220
f 9220 9087 9089
f 9089 9087 8929
f 9089 8929 8953
f 8953 8929 8840
f 8953 8840 8894
f 9089 8953 8984
f 8984 8953 8894
f 9089 8984 9093
f 8984 8894 8933
f 9093 8984 9031
f 9031 8984 8933
f 9031 8933 8990
f 8512 8677 8675
f 8677 8512 8546
f 8455 8512 8675
f 8512 8455 8343
f 8343 8455 8225
f 8512 8343 8422
f 8512 8422 8546
f 9031 8988 9067
f 8737 8627 8719
f 8743 8882 8856
f 8882 8743 8807
f 8743 8856 8719
f 8807 8743 8563
f 8743 8719 8560
f 8743 8560 8563
f 8560 8719 8554
f 8560 8554 8465
f 8560 8465 8395
f 8560 8395 8563
f 8563 8395 8397
f 8627 8554 8719
f 8897 8933 8894
f 8897 8894 8866
f 8897 8866 8870
f 8897 8870 8899
f 8959 8899 8937
f 8937 8899 8870
f 8937 8870 8903
f 8870 8866 8868
f 8903 8870 8901
f 8901 8870 8868
f 8903 8901 8939
f 8903 8939 8941
f 8941 8939 8874
f 8939 8901 8872
f 8939 8872 8874
f 8901 8868 8842
f 8901 8842 8872
f 8864 8868 8866
f 8864 8866 8840
f 8864 8840 8931
f 8931 8840 8807
f 8864 8931 8890
f 8868 8864 8819
f 8868 8819 8842
f 8819 8864 8817
f 8842 8819 8769
f 8769 8819 8753
f 8842 8769 8791
f 8842 8791 8872
f 8769 8753 8733
f 8733 8753 8699
f 8769 8733 8755
f 8872 8791 8821
f 8821 8791 8771
f 8872 8821 8874
f 8821 8771 8823
f 8821 8823 8874
f 8894 8840 8866
f 8925 8807 8858
f 8925 8858 9057
f 9057 8858 9023
f 8858 8807 8723
f 8858 8723 8647
f 8723 8807 8563
f 8723 8563 8526
f 8805 9023 8858
f 8805 8858 8647
f 9023 8805 8951
f 9023 8951 9141
f 8805 8647 8550
f 8550 8647 8427
f 8427 8647 8488
f 8427 8488 8355
f 8805 8550 8739
f 8805 8739 8951
f 8739 8550 8520
f 8739 8520 8720
f 8951 8739 8923
f 8923 8739 8720
f 8923 8720 8880
f 8951 8923 9113
f 9113 8923 9084
f 8807 8925 8931
f 8931 8925 9027
f 9027 8925 9057
f 9027 9057 9143
f 8931 9027 8890
f 8890 9027 8982
f 8890 8982 8862
f 8890 8862 8817
f 8862 8982 8954
f 8982 9027 9115
f 9095 8954 9115
f 9115 9027 9145
f 9115 9145 9095
f 9095 9145 9167
f 9023 9141 9143
f 9023 9143 9057
f 9143 9141 9163
f 9143 9163 9145
f 9145 9163 9167
f 8488 8647 8723
f 8526 8488 8723
f 8526 8563 8359
f 8359 8563 8397
f 8526 8359 8357
f 8526 8357 8488
f 8488 8357 8355
f 9143 9145 9027
f 8864 8890 8817
f 9113 9141 8951
f 9113 9163 9141
f 9163 9113 9084
f 9163 9084 9058
f 9058 9084 8923
f 9163 9058 9061
f 9058 8923 8880
f 9058 8880 9061
f 9061 8880 8860
f 9064 9167 9163
f 9064 9163 9090
f 9061 9090 9163
f 9090 9061 8884
f 8884 9061 8860
f 9090 8884 8886
f 9090 8886 9064
f 8886 8884 8767
f 8884 8860 8729
f 8729 8860 8688
f 8729 8688 8603
f 8954 8982 9115
f 9064 9095 9167
f 8954 9095 9029
f 8954 9029 8888
f 8888 9029 8886
f 8886 9029 9064
f 9095 9064 9029
f 8954 8888 8862
f 8862 8888 8815
f 8815 8888 8886
f 8815 8886 8767
f 8815 8767 8697
f 8862 8815 8751
f 8751 8815 8697
f 8751 8697 8699
f 8862 8751 8817
f 8751 8699 8753
f 8751 8753 8817
f 8817 8753 8819
f 8729 8767 8884
f 8767 8729 8603
f 8720 8860 8880
f 8860 8720 8688
f 8688 8720 8494
f 8688 8494 8603
f 8494 8720 8520
f 8603 8494 8467
f 8467 8494 8361
f 8467 8361 8237
f 8237 8361 8271
f 8361 8494 8393
f 8361 8393 8271
f 8393 8494 8520
f 8271 8393 8355
f 8355 8393 8427
f 8427 8393 8520
f 8427 8520 8550
f 8603 8697 8767
f 8697 8603 8569
f 8697 8569 8699
f 8699 8569 8607
f 8699 8607 8733
f 8733 8607 8633
f 8733 8633 8755
f 8755 8633 8655
f 8755 8655 8771
f 8603 8467 8490
f 8490 8467 8317
f 8317 8467 8237
f 8317 8237 8084
f 8317 8084 8207
f 8317 8207 8490
f 8490 8207 8353
f 8490 8353 8629
f 8629 8353 8518
f 8629 8518 8684
f 8490 8651 8603
f 8651 8490 8629
f 8651 8629 8744
f 8603 8651 8631
f 8651 8744 8747
f 8603 8631 8605
f 8747 8744 8808
f 8603 8605 8569
f 8747 8808 8811
f 8811 8808 8812
f 8811 8812 8789
f 8569 8605 8571
f 8569 8571 8607
f 8607 8571 8609
f 8607 8609 8633
f 8609 8571 8502
f 8502 8571 8500
f 8609 8502 8528
f 8633 8609 8611
f 8611 8609 8528
f 8633 8611 8655
f 8611 8528 8573
f 8611 8573 8635
f 8611 8635 8655
f 8635 8573 8575
f 8635 8575 8577
f 8635 8577 8659
f 8635 8659 8655
f 8655 8659 8703
f 8629 8684 8744
f 8744 8684 8763
f 8763 8684 8600
f 8744 8763 8808
f 8763 8600 8764
f 8763 8764 8808
f 8808 8764 8812
f 8631 8651 8747
f 8631 8747 8730
f 8631 8730 8567
f 8567 8730 8653
f 8730 8747 8787
f 8730 8787 8653
f 8787 8747 8811
f 8653 8787 8749
f 8787 8811 8789
f 8787 8789 8749
f 8391 8684 8518
f 8684 8391 8600
f 8600 8391 8264
f 8600 8264 8522
f 8264 8391 8081
f 8391 8518 8205
f 8391 8205 8081
f 8205 8518 8353
f 8081 8205 7940
f 7940 8205 8080
f 8567 8605 8631
f 8605 8567 8500
f 8605 8500 8571
f 8500 8567 8430
f 8500 8430 8365
f 8365 8430 8363
f 8500 8365 8502
f 8365 8363 8211
f 8502 8365 8319
f 8365 8211 8182
f 8365 8182 8319
f 8319 8182 8213
f 7562 7625 7792
f 7625 7562 7454
f 7454 7562 7060
f 7454 7060 6974
f 8463 8516 8461
f 8351 8463 8461
f 8463 8486 8516
f 8259 8422 8343
f 8259 8343 8151
f 8151 8343 8225
f 8259 8151 8178
f 8178 8151 8010
f 8178 8010 7932
f 8486 8463 8426
f 8463 8351 8426
f 8267 8426 8351
f 8426 8267 8465
f 8267 8351 8178
f 8267 8178 8125
f 8267 8125 8209
f 8267 8209 8395
f 8395 8209 8273
f 8395 8273 8397
f 8199 8257 8307
f 8307 8257 8383
f 8199 8307 8260
f 8199 8260 8203
f 8307 8383 8387
f 8387 8383 8480
f 8387 8480 8482
f 8482 8480 8514
f 8482 8514 8484
f 8307 8387 8311
f 8307 8311 8260
f 8311 8387 8345
f 8260 8311 8313
f 8313 8311 8231
f 8313 8231 8263
f 8313 8263 8355
f 8260 8313 8315
f 8315 8313 8355
f 8260 8315 8203
f 8315 8355 8357
f 8203 8315 8268
f 8268 8315 8357
f 8268 8357 8359
f 8149 8257 8199
f 8257 8149 8146
f 8257 8146 8305
f 8257 8305 8383
f 8149 8199 8050
f 8050 8199 8203
f 8050 8203 8123
f 8050 8123 7933
f 7933 8123 8125
f 8125 8123 8209
f 8209 8123 8203
f 8209 8203 8268
f 8209 8268 8359
f 8209 8359 8273
f 8273 8359 8397
f 7874 8149 8050
f 7874 8050 7804
f 7804 8050 7933
f 7874 7804 7600
f 7721 7540 7804
f 7804 7540 7600
f 7874 7600 7682
f 7874 7682 7970
f 7970 7682 7796
f 7796 7682 7653
f 7653 7682 7538
f 7538 7682 7600
f 7653 7538 7593
f 7493 7600 7540
f 7600 7493 7538
f 7538 7493 7491
f 7493 7540 7423
f 7491 7493 7387
f 7387 7493 7423
f 7387 7423 7338
f 8149 7970 8146
f 8146 7970 8000
f 8000 7970 7796
f 8146 8000 8173
f 8146 8173 8305
f 8305 8173 8341
f 8341 8173 8255
f 8255 8173 8076
f 8076 8173 8000
f 8076 8000 7865
f 7865 8000 7796
f 7865 7796 7653
f 7865 7653 7794
f 7865 7794 8044
f 7970 8149 7874
f 8480 8383 8420
f 8420 8383 8305
f 8420 8305 8341
f 8480 8420 8457
f 8457 8420 8341
f 8480 8457 8514
f 8457 8341 8255
f 8457 8255 8385
f 8345 8387 8482
f 8345 8482 8459
f 8459 8482 8484
f 8345 8459 8309
f 8231 8311 8345
f 8524 8426 8465
f 8465 8267 8395
f 7932 8125 8178
f 8355 8263 8271
f 8271 8263 8180
f 8180 8263 8152
f 8180 8152 8084
f 8084 8152 8011
f 8011 8152 8046
f 8152 8263 8231
f 8152 8231 8229
f 8229 8231 8309
f 8152 8229 8201
f 8125 7932 7889
f 7889 7933 8125
f 7933 7889 7721
f 7933 7721 7804
f 7840 7767 7932
f 7865 8044 8076
f 7593 7794 7653
f 8003 8044 7794
f 8003 7794 7799
f 7794 7593 7594
f 7794 7594 7799
f 7594 7593 7491
f 7799 7594 7718
f 7718 7594 7598
f 7594 7491 7461
f 7598 7594 7495
f 7495 7594 7461
f 7495 7461 7389
f 7491 7593 7538
f 7889 7932 7767
f 8389 8484 8514
f 8484 8389 8347
f 8514 8457 8389
f 8457 8385 8389
f 8424 8459 8484
f 8459 8424 8309
f 8424 8484 8349
f 8424 8349 8309
f 8349 8484 8347
f 8309 8349 8229
f 8197 8389 8385
f 8201 8347 8389
f 8201 8389 8197
f 8345 8309 8231
f 8229 8349 8347
f 8347 8201 8229
f 8226 8385 8255
f 8385 8226 8197
f 8226 8255 8076
f 8003 8197 8226
f 8003 8226 8044
f 8197 8003 8046
f 8197 8046 8201
f 8046 8003 7905
f 7905 8003 7799
f 7905 7799 7718
f 8046 7905 8011
f 8011 7905 7808
f 8011 7808 7885
f 8011 7885 7978
f 8226 8076 8044
f 8201 8046 8152
f 8080 8353 8207
f 8207 8084 7978
f 8207 7978 8080
f 8080 7978 7940
f 7940 7978 7890
f 8080 8205 8353
f 8180 8237 8271
f 8237 8180 8084
f 7978 8084 8011
f 7978 7885 7886
f 7978 7886 7890
f 7890 7886 7722
f 7890 7722 7846
f 7846 7722 7688
f 8764 8600 8725
f 8600 8522 8725
f 8653 8565 8567
f 8567 8565 8430
f 8430 8565 8498
f 8430 8498 8363
f 8498 8565 8694
f 8565 8653 8693
f 8565 8693 8694
f 8693 8653 8749
f 8693 8749 8789
f 8693 8789 8694
f 8694 8789 8691
f 8081 7940 8017
f 8017 7940 7907
f 7907 7940 7890
f 7907 7890 7846
f 8081 8017 8233
f 8081 8233 8264
f 8264 8233 8492
f 8264 8492 8522
f 7808 7905 7718
f 7716 7718 7596
f 7802 7808 7718
f 7802 7718 7716
f 7802 7716 7836
f 7596 7718 7598
f 7596 7598 7462
f 7462 7598 7495
f 7462 7495 7389
f 7596 7462 7536
f 7596 7536 7629
f 7596 7629 7716
f 7716 7629 7757
f 7716 7757 7836
f 7836 7757 7867
f 7836 7867 7922
f 7797 7867 7757
f 7867 7797 7919
f 7797 7757 7627
f 7919 7797 7714
f 7919 7714 7903
f 7714 7797 7627
f 7627 7757 7629
f 7655 7869 7714
f 7655 7714 7487
f 7487 7714 7534
f 7534 7714 7627
f 7627 7629 7485
f 7627 7485 7534
f 7485 7629 7536
f 7485 7536 7385
f 7534 7485 7335
f 7335 7485 7385
f 7143 7487 7335
f 7335 7385 6978
f 7335 6978 7143
f 7877 7836 7922
f 7836 7877 7802
f 7802 7877 7808
f 7877 7922 7924
f 7924 7922 7972
f 7877 7924 7883
f 7877 7883 7885
f 7885 7883 7886
f 7883 7924 7927
f 7924 7972 8006
f 8006 7972 7973
f 7924 8006 8047
f 8006 7973 8007
f 8006 8007 8047
f 8047 8007 8051
f 7885 7808 7877
f 7919 7972 7922
f 7919 7922 7867
f 7972 7919 7973
f 7973 7919 7903
f 8047 7927 7924
f 7927 8047 7976
f 7976 8047 8051
f 7976 8051 7930
f 7976 7930 7838
f 8007 7973 7871
f 7878 8051 8007
f 7878 8007 7871
f 7878 7871 7684
f 7871 7973 7869
f 7869 7973 7903
f 7684 7871 7657
f 7657 7871 7869
f 7657 7869 7655
f 7684 7657 7514
f 7514 7657 7489
f 7514 7489 7267
f 7267 7489 7145
f 7267 7145 6988
f 7514 7267 7424
f 7514 7424 7602
f 7424 7267 7147
f 7424 7147 7516
f 7516 7147 7269
f 7602 7424 7567
f 7567 7424 7516
f 7567 7516 7688
f 7567 7688 7722
f 7567 7722 7763
f 7869 7903 7714
f 7927 7976 7838
f 7927 7838 7805
f 7927 7805 7883
f 7883 7805 7763
f 7883 7763 7886
f 7886 7763 7722
f 7763 7805 7602
f 7763 7602 7567
f 7602 7805 7759
f 7602 7759 7684
f 7759 7805 7838
f 7759 7838 7881
f 7881 7838 7930
f 7881 7930 8051
f 8051 7878 7881
f 7881 7878 7759
f 7489 7657 7655
f 7489 7655 7487
f 7489 7487 7145
f 7145 7487 7143
f 7145 7143 6735
f 7145 6735 6988
f 6735 7143 6728
f 6728 7143 6978
f 6735 6728 6399
f 6399 6728 6397
f 7335 7487 7534
f 7684 7759 7878
f 8492 8233 8235
f 8235 8233 8017
f 8235 8017 8098
f 8492 8235 8496
f 8492 8496 8727
f 8727 8496 8691
f 8727 8691 8789
f 8727 8789 8812
f 8235 8098 8211
f 8235 8211 8363
f 8211 8098 8061
f 8211 8061 8182
f 8182 8061 8100
f 8182 8100 8213
f 8213 8100 8154
f 8213 8154 8239
f 8239 8154 8275
f 8239 8275 8434
f 8239 8434 8432
f 8239 8432 8367
f 7842 8017 7907
f 8017 7842 8055
f 7842 7907 7768
f 7768 7907 7688
f 7688 7907 7846
f 7768 7688 7542
f 7542 7688 7516
f 7768 7542 7565
f 8017 8055 8059
f 8017 8059 8098
f 8059 8055 8085
f 8059 8085 8090
f 8090 8085 8127
f 8090 8127 8129
f 8129 8127 8091
f 8129 8091 8095
f 7684 7514 7602
f 7936 8055 7842
f 8055 7936 8085
f 8085 7936 8013
f 8013 7936 7938
f 8085 8013 8088
f 8088 8013 7938
f 8085 8088 8127
f 8127 8088 8091
f 8091 8088 8057
f 8057 8088 7938
f 8091 8057 8015
f 8015 8057 7938
f 8015 7938 7844
f 7936 7842 7765
f 7936 7765 7938
f 7938 7765 7844
f 7844 7765 7633
f 7765 7842 7631
f 7765 7631 7633
f 7631 7842 7768
f 7633 7631 7497
f 7631 7768 7565
f 7631 7565 7497
f 7497 7565 7391
f 7391 7565 7542
f 7391 7542 7341
f 7341 7542 7516
f 7341 7516 7269
f 7341 7269 6994
f 8725 8812 8764
f 8812 8725 8727
f 8492 8725 8522
f 8492 8727 8725
f 8694 8691 8498
f 8498 8691 8496
f 8498 8496 8363
f 8363 8496 8235
f 7982 8098 8059
f 8098 7982 8061
f 8061 7982 7984
f 7984 7982 7852
f 7982 8059 7980
f 7852 7982 7850
f 7850 7982 7980
f 8090 8019 7980
f 7980 8019 7848
f 7980 7848 7850
f 7848 8019 7909
f 7850 7848 7635
f 7850 7635 7606
f 7635 7848 7690
f 7635 7690 7604
f 7980 8059 8090
f 8129 8019 8090
f 8019 8129 8094
f 8019 8094 7909
f 8094 8129 8021
f 8129 8095 8021
f 8021 7909 8094
f 7810 7909 7948
f 7909 7810 7848
f 7848 7810 7690
f 7948 7909 8021
f 7844 7942 8015
f 7942 7844 7771
f 7771 7844 7633
f 7771 7633 7544
f 7771 7544 7725
f 7544 7633 7497
f 7725 7544 7518
f 7544 7497 7344
f 7544 7344 7518
f 7518 7344 7346
f 7344 7497 7391
f 7344 7391 7221
f 7944 8091 8015
f 7944 8015 7942
f 7946 8095 8091
f 8091 7944 7946
f 8021 8095 7948
f 7948 8095 7946
f 7948 7946 7810
f 7810 7946 7727
f 7727 7946 7944
f 7810 7727 7690
f 7725 7944 7942
f 7942 7771 7725
f 7944 7725 7727
f 7604 7727 7725
f 7604 7725 7518
f 7604 7518 7499
f 7499 7518 7346
f 7604 7499 7635
f 7604 7690 7727
f 9069 9000 8937
f 8937 9000 8959
f 9069 9003 9129
f 8937 9003 9069
f 9003 8937 8941
f 9258 9172 9097
f 9258 9097 9222
f 8941 8874 9097
f 9097 8874 9038
f 9097 9038 9222
f 9038 8874 8942
f 9038 8942 9119
f 9038 9119 9170
f 9038 9170 9222
f 9222 9170 9311
f 9311 9170 9280
f 9293 9172 9258
f 9172 9293 9226
f 9172 9226 9003
f 9293 9258 9329
f 9003 9226 9129
f 9129 9226 9266
f 9129 9266 9228
f 9378 9394 9329
f 9378 9329 9317
f 9317 9329 9258
f 9317 9258 9222
f 9317 9222 9311
f 9317 9311 9365
f 9172 9003 8941
f 8941 9097 9172
f 9317 9365 9378
f 9378 9365 9391
f 9391 9365 9353
f 9353 9365 9280
f 9280 9365 9311
f 9391 9353 9326
f 9326 9353 9280
f 9391 9326 9330
f 9391 9330 9355
f 9330 9326 9242
f 9326 9280 9260
f 9326 9260 9242
f 9260 9280 9170
f 9260 9170 9119
f 9260 9119 9242
f 9242 9119 9121
f 9380 9335 9329
f 9380 9329 9394
f 9380 9394 9399
f 9329 9335 9295
f 9329 9295 9293
f 9293 9295 9226
f 9226 9295 9266
f 9266 9295 9282
f 9266 9282 9268
f 9266 9268 9250
f 9266 9250 9228
f 9228 9250 9208
f 9208 9250 9230
f 9230 9250 9190
f 9190 9250 9188
f 8957 8933 8897
f 8899 8959 8957
f 8899 8957 8897
f 8937 8903 8941
f 8874 8823 8942
f 9119 8942 9121
f 9121 8942 8907
f 8907 8942 8823
f 8907 8823 8775
f 8907 8775 8846
f 8846 8775 8795
f 8907 8846 8947
f 9391 9394 9378
f 9394 9391 9417
f 9355 9417 9391
f 9330 9242 9244
f 9330 9244 9355
f 9244 9242 9121
f 9244 9121 9123
f 9123 9121 8907
f 9123 8907 8947
f 8755 8791 8769
f 8791 8755 8771
f 8823 8771 8775
f 8775 8771 8655
f 8775 8655 8703
f 8703 8795 8775
f 8657 8905 8773
f 8793 9005 8905
f 8793 8905 8657
f 8793 8657 8701
f 8701 8657 8530
f 8657 8773 8577
f 8657 8577 8530
f 8577 8773 8659
f 8530 8577 8434
f 8773 8905 9041
f 8773 9041 8876
f 8773 8876 8659
f 8659 8876 8703
f 8703 8876 8795
f 8876 9041 8962
f 8876 8962 8795
f 8962 9041 9103
f 8795 8962 8909
f 9005 9099 8905
f 8905 9099 9041
f 9099 9005 9100
f 9099 9100 9149
f 9149 9100 9126
f 9126 9100 9071
f 9149 9126 9174
f 9174 9126 9176
f 9149 9174 9125
f 9099 9103 9041
f 9103 9099 9125
f 9125 9099 9149
f 9103 9125 9105
f 9105 9125 9131
f 9131 9125 9174
f 9131 9174 9153
f 9153 9174 9135
f 9103 9105 9044
f 9044 9105 9015
f 9103 9044 8962
f 8962 9044 8909
f 9044 9015 9017
f 9044 9017 8968
f 8968 9017 8971
f 8968 8971 8970
f 8434 8577 8575
f 8434 8575 8432
f 8945 9005 8793
f 8945 8793 8844
f 8844 8793 8701
f 8945 8844 9007
f 8844 8701 8825
f 8844 8825 9007
f 9100 9005 8945
f 9100 8945 9071
f 9282 9295 9335
f 9282 9335 9320
f 9282 9320 9248
f 9248 9320 9297
f 9297 9320 9367
f 9367 9320 9335
f 9367 9335 9380
f 9367 9380 9357
f 9357 9380 9399
f 9394 9417 9399
f 9206 9268 9282
f 9206 9282 9248
f 9268 9206 9188
f 9268 9188 9250
f 9206 9248 9186
f 9186 9248 9264
f 9186 9264 9246
f 9206 9186 9137
f 9206 9137 9188
f 9186 9246 9151
f 9186 9151 9137
f 9151 9246 9244
f 9151 9244 9123
f 9151 9123 8947
f 9137 9151 9043
f 9188 9137 9075
f 9075 9137 9043
f 9188 9075 9190
f 9075 9043 8968
f 9190 9075 9049
f 9049 9075 8968
f 9049 8968 8970
f 9367 9357 9297
f 9297 9357 9322
f 9297 9322 9264
f 9297 9264 9248
f 9264 9322 9246
f 9246 9322 9339
f 9347 9210 9349
f 9349 9210 9212
f 9349 9212 9359
f 9212 9210 8974
f 9359 9212 9232
f 9212 8974 8976
f 9212 8976 9232
f 8976 8974 8707
f 9232 8976 9019
f 8976 8707 8709
f 8976 8709 9019
f 9019 8709 8711
f 9355 9399 9417
f 9399 9355 9339
f 9339 9357 9399
f 9339 9322 9357
f 9244 9339 9355
f 9339 9244 9246
f 8947 9043 9151
f 9043 8947 8909
f 9043 8909 8968
f 8846 8909 8947
f 8909 8846 8795
f 8909 9044 8968
f 9045 9105 9131
f 9105 9045 9015
f 9015 9045 8850
f 8850 9045 8911
f 8911 9045 9106
f 8911 9106 8966
f 8850 8911 8757
f 8850 8757 8665
f 8665 8757 8705
f 9015 8850 8831
f 8831 8850 8665
f 9015 8831 9017
f 8831 8665 8613
f 9017 8831 8833
f 8833 8831 8613
f 9017 8833 8971
f 8833 8613 8581
f 8581 8613 8444
f 9106 9045 9131
f 9106 9131 9133
f 9133 9131 9153
f 9174 9176 9135
f 9106 9133 8966
f 8966 9133 9073
f 9135 9013 9073
f 9073 9013 8964
f 9073 8964 8966
f 8964 9013 8829
f 8966 8964 8848
f 8848 8964 8829
f 8966 8848 8911
f 8911 8848 8757
f 8757 8848 8829
f 8757 8829 8705
f 9073 9133 9153
f 9135 9073 9153
f 8579 8665 8705
f 8665 8579 8613
f 8613 8579 8442
f 8613 8442 8444
f 8442 8579 8438
f 8438 8579 8663
f 8663 8579 8705
f 8663 8705 8827
f 8663 8827 8661
f 8661 8827 8825
f 8827 8705 8829
f 8825 8827 9009
f 8827 8829 9011
f 8827 9011 9009
f 9011 8829 9013
f 9011 9013 9135
f 9009 9011 9126
f 9126 9011 9176
f 8502 8319 8528
f 8528 8319 8367
f 8367 8319 8213
f 8367 8213 8239
f 8367 8573 8528
f 8573 8367 8432
f 8573 8432 8575
f 8825 8701 8661
f 8661 8701 8530
f 8661 8530 8436
f 8436 8530 8434
f 8661 8436 8663
f 8436 8434 8275
f 8663 8436 8438
f 8438 8436 8275
f 8438 8275 8217
f 8438 8217 8442
f 8945 9007 9071
f 9126 9071 9007
f 9126 9007 9009
f 9135 9176 9011
f 8825 9009 9007
f 8667 8532 8707
f 8707 8532 8583
f 8707 8583 8709
f 8709 8583 8585
f 8709 8585 8711
f 8711 8585 8587
f 8711 8587 8639
f 9079 9019 8711
f 9079 8711 8759
f 8759 8711 8639
f 8759 8639 8669
f 8759 8669 8777
f 8669 8639 8615
f 8615 8639 8540
f 8777 8669 8643
f 8777 8643 8761
f 8761 8643 8671
f 8061 7984 8100
f 8023 8100 7984
f 8100 8023 8154
f 8063 8154 8023
f 8154 8063 8131
f 8154 8131 8275
f 8131 8063 7986
f 7986 8063 7911
f 8131 8217 8275
f 8217 8131 8025
f 8025 8131 7986
f 7606 7852 7850
f 7852 7606 7637
f 7852 7637 7893
f 7635 7499 7606
f 7893 7637 7660
f 7893 7660 7911
f 7637 7606 7501
f 7606 7499 7467
f 7606 7467 7501
f 7467 7499 7277
f 7277 7499 7346
f 7467 7277 7279
f 7467 7279 7501
f 7501 7279 7393
f 7637 7501 7520
f 7520 7501 7393
f 7637 7520 7660
f 7729 7911 7660
f 7911 7729 7986
f 7986 7729 7773
f 7986 7773 8025
f 7773 7729 7569
f 7729 7660 7546
f 7546 7660 7520
f 7729 7546 7569
f 7546 7520 7427
f 7546 7427 7569
f 7427 7520 7393
f 7569 7427 7469
f 7427 7393 7281
f 7427 7281 7469
f 7281 7393 7231
f 7469 7281 7084
f 7469 7084 7352
f 7281 7231 7002
f 7281 7002 7084
f 7002 7231 6913
f 6913 7231 6911
f 6911 7231 7229
f 7227 7000 7229
f 7229 7000 6911
f 6911 7000 6499
f 7002 6913 6501
f 6913 6911 6411
f 6913 6411 6501
f 6411 6911 6409
f 6409 6911 6499
f 6155 6499 6570
f 6499 6155 6014
f 6409 6499 5927
f 5927 6499 6014
f 5927 6014 5552
f 5552 6014 5550
f 5927 5552 5554
f 6409 5927 5929
f 5929 5927 5554
f 6409 5929 6411
f 5929 5554 5734
f 6411 5929 6016
f 6016 5929 5734
f 6411 6016 6501
f 6016 5734 5793
f 6501 6016 6112
f 6112 6016 5793
f 6501 6112 6503
f 6501 6503 7002
f 7002 6503 7084
f 6112 5793 6026
f 6112 6026 6503
f 6026 5793 5736
f 6026 5736 5937
f 5937 5736 5661
f 6503 6026 6413
f 6413 6026 5937
f 6503 6413 7084
f 6413 5937 6415
f 7084 6413 6915
f 6915 6413 6415
f 7084 6915 7352
f 6915 6415 6830
f 6915 6830 7352
f 7352 6830 7159
f 7984 7852 8023
f 7893 8023 7852
f 8023 7893 7911
f 8023 7911 8063
f 7773 8065 8025
f 8065 7773 7812
f 8065 7812 8133
f 7812 7773 7608
f 7608 7773 7569
f 7812 7608 7692
f 8133 7812 7895
f 7895 7812 7692
f 8133 7895 8184
f 7895 7692 7854
f 8184 7895 7988
f 7988 7895 7854
f 7988 7854 8027
f 7608 7569 7503
f 7503 7569 7469
f 7503 7469 7352
f 7503 7352 7429
f 7608 7503 7548
f 7548 7503 7429
f 7608 7548 7692
f 7548 7429 7522
f 7522 7429 7395
f 7548 7522 7694
f 7692 7548 7731
f 7731 7548 7694
f 7692 7731 7854
f 7731 7694 7952
f 7854 7731 7950
f 7950 7731 7952
f 7854 7950 8027
f 7950 7952 8158
f 8158 7952 8137
f 7950 8158 8156
f 7950 8156 8027
f 8027 8156 8135
f 8027 8135 7988
f 8217 8321 8442
f 8321 8217 8065
f 8065 8217 8025
f 8321 8065 8133
f 8321 8440 8442
f 8440 8321 8369
f 8409 8444 8442
f 8409 8442 8407
f 8407 8442 8440
f 8407 8440 8405
f 8440 8369 8399
f 8440 8399 8405
f 8399 8369 8371
f 8405 8399 8377
f 8399 8371 8401
f 8399 8401 8377
f 8401 8371 8373
f 8377 8401 8379
f 8401 8373 8375
f 8379 8401 8403
f 8403 8401 8375
f 8133 8369 8321
f 8184 8371 8369
f 8184 8369 8133
f 8371 8184 8215
f 8215 8184 7988
f 8371 8215 8373
f 8373 8215 8277
f 8277 8215 8135
f 8373 8277 8279
f 8373 8279 8375
f 8277 8135 8186
f 8277 8186 8279
f 8186 8135 8156
f 8279 8186 8241
f 8241 8186 8156
f 8279 8241 8375
f 8241 8156 8158
f 8375 8241 8281
f 8375 8281 8403
f 8403 8281 8323
f 8409 8407 8291
f 8327 8444 8409
f 8327 8409 8291
f 8327 8291 8031
f 8291 8407 8289
f 8289 8407 8405
f 8031 8291 8029
f 8029 8291 8289
f 8031 8029 7664
f 8289 8405 8287
f 8287 8405 8377
f 8289 8287 8069
f 8289 8069 8029
f 8069 8287 8102
f 8069 8102 7913
f 8029 8069 7816
f 7816 8069 7913
f 8029 7816 7664
f 7816 7913 7814
f 7664 7816 7662
f 7664 7662 7505
f 7988 8135 8215
f 8283 8287 8377
f 8287 8283 8102
f 8102 8283 8164
f 8164 8283 8325
f 8102 8164 8067
f 8102 8067 7913
f 7913 8067 7990
f 7913 7990 7814
f 7990 8067 8161
f 8161 8067 8160
f 8160 8067 8164
f 8160 8164 8219
f 8219 8164 8325
f 8284 8161 8219
f 8219 8325 8379
f 8219 8379 8284
f 8325 8283 8377
f 8325 8377 8379
f 8284 8379 8403
f 8284 8403 8323
f 8533 8532 8504
f 8532 8533 8536
f 8504 8469 8533
f 8533 8469 8446
f 8533 8446 8471
f 8471 8446 8104
f 8536 8583 8532
f 8533 8471 8536
f 8538 8585 8583
f 8538 8583 8536
f 8585 8538 8540
f 8585 8540 8587
f 8506 8536 8471
f 8538 8536 8508
f 8508 8536 8506
f 8538 8508 8541
f 8538 8541 8540
f 8540 8541 8615
f 8615 8541 8617
f 8615 8617 8641
f 8641 8617 8619
f 8031 7664 7573
f 7573 7664 7505
f 7573 7505 7431
f 7431 7505 7356
f 7356 7505 7395
f 8166 8506 8471
f 8166 8471 8141
f 8166 8141 7575
f 8166 7575 7610
f 8166 7610 8168
f 7610 7575 6751
f 6751 7575 6653
f 6751 6653 5566
f 7610 6751 7612
f 7610 7612 8168
f 6751 5566 5568
f 5568 5566 4706
f 5568 4706 4708
f 6751 5568 6753
f 6751 6753 7612
f 5568 4708 5669
f 5568 5669 6753
f 5669 4708 4740
f 4740 4708 3806
f 4740 3806 3886
f 4740 3886 4887
f 4887 3886 3987
f 5669 4740 5799
f 5799 4740 4887
f 7016 6753 5669
f 7016 5669 5799
f 6753 7016 7666
f 6753 7666 7612
f 4887 3987 5016
f 5016 3987 4089
f 5799 4887 5947
f 5947 4887 5016
f 7016 5799 7163
f 7163 5799 5947
f 7775 7666 7016
f 7775 7016 7163
f 5016 4089 5178
f 5178 4089 4218
f 5178 4218 5266
f 5016 5178 6116
f 5016 6116 5947
f 5178 5266 6161
f 5178 6161 6116
f 6161 5266 6237
f 6161 6237 7295
f 6161 7295 7293
f 5947 6116 7291
f 7291 6116 6161
f 5947 7291 7163
f 7291 6161 7293
f 7163 7291 7818
f 7818 7291 7293
f 7818 7293 7820
f 7163 7818 7775
f 7775 7818 8294
f 7775 8294 8243
f 8243 8294 8619
f 7775 8243 7666
f 8243 8619 8617
f 7666 8243 8221
f 8221 8243 8617
f 7666 8221 7612
f 8221 8617 8541
f 7612 8221 8168
f 8168 8221 8541
f 8168 8541 8508
f 8166 8508 8506
f 8508 8166 8168
f 8161 8160 8219
f 7814 7662 7816
f 7954 7990 8161
f 7990 7954 7814
f 7954 8161 8139
f 8139 8161 8284
f 8139 8284 8323
f 7954 8139 8137
f 7954 8137 7952
f 7814 7954 7733
f 7814 7733 7571
f 7814 7571 7662
f 7571 7733 7522
f 7522 7733 7694
f 7571 7522 7395
f 7571 7395 7505
f 7571 7505 7662
f 8281 8241 8137
f 8139 8323 8281
f 8139 8281 8137
f 8241 8158 8137
f 7952 7694 7954
f 7954 7694 7733
f 6097 6489 6558
f 6097 6558 6145
f 6097 6145 5500
f 6097 5500 5498
f 5498 5500 4869
f 5498 4869 4865
f 4865 4869 4196
f 4196 4869 4142
f 4196 4142 3699
f 3699 4142 3533
f 3533 4142 4070
f 3533 4070 60
f 60 4070 3970
f 4070 4142 4753
f 4753 4142 4869
f 4753 4869 5500
f 60 3970 242
f 242 3970 3862
f 242 3862 334
f 4757 3970 4753
f 4761 3862 4757
f 4753 5500 5542
f 4753 5542 4757
f 5542 5500 6145
f 4761 4757 5544
f 5544 4757 5542
f 5544 5542 6145
f 4761 5544 5639
f 5544 6145 6319
f 5544 6319 5639
f 5639 6319 6491
f 5857 5637 5726
f 5427 5635 5633
f 5635 5427 5429
f 5635 5429 5637
f 5637 5429 5431
f 5637 5431 5726
f 5431 5429 5201
f 5201 5429 5158
f 5158 5429 5427
f 5201 5158 4875
f 5158 5427 5156
f 5156 5427 5425
f 5156 5425 5154
f 4875 5158 4873
f 4873 5158 5156
f 4875 4873 4570
f 5156 5154 4871
f 5156 4871 4873
f 4871 5154 4863
f 4871 4863 4566
f 4566 4863 4564
f 4871 4566 4568
f 4871 4568 4873
f 4873 4568 4570
f 4570 4568 4203
f 4203 4568 4201
f 5633 5425 5427
f 5717 5631 6487
f 5717 6487 6485
f 5631 5717 4946
f 5631 4946 4722
f 4722 4946 4193
f 4193 4946 4434
f 4434 4946 5082
f 5082 4946 5717
f 4434 5082 4435
f 5717 6485 5706
f 5717 5706 5082
f 5706 6485 6387
f 4435 5082 5083
f 5083 5082 5706
f 4435 5083 4436
f 5706 6387 5707
f 5706 5707 5083
f 5707 6387 6388
f 4436 5083 5084
f 5084 5083 5707
f 4436 5084 4437
f 5707 6388 5708
f 5707 5708 5084
f 5708 6388 6307
f 4437 5084 5085
f 5085 5084 5708
f 4437 5085 4438
f 5085 5708 5709
f 4438 5085 5086
f 5086 5085 5709
f 4438 5086 4505
f 5086 5709 5710
f 4505 5086 5087
f 5087 5086 5710
f 4505 5087 4508
f 5087 5710 5711
f 4508 5087 5094
f 5094 5087 5711
f 4508 5094 4509
f 5094 5711 5718
f 5094 5718 5095
f 5094 5095 4509
f 5095 5718 5719
f 5095 5719 5629
f 5095 5629 5080
f 5095 5080 4509
f 4509 5080 4506
f 4690 5851 5775
f 4690 5775 4688
f 4688 5775 5724
f 4690 4688 3470
f 3470 4688 3468
f 3470 3468 560
f 3470 560 592
f 4690 3470 3535
f 3470 592 562
f 3470 562 3535
f 562 592 850
f 850 592 883
f 562 850 515
f 562 515 3535
f 515 850 852
f 3535 515 3610
f 3535 3610 4724
f 515 852 517
f 515 517 3610
f 517 852 854
f 517 854 519
f 519 854 803
f 3610 517 3613
f 3613 517 519
f 3610 3613 4755
f 3613 519 3703
f 4755 3613 4759
f 4759 3613 3703
f 4759 3703 4763
f 5631 4722 4686
f 4686 4722 3782
f 4722 4193 3782
f 3782 4193 3780
f 3782 3780 3528
f 3780 4193 3852
f 3852 4193 4434
f 3780 3852 3458
f 3780 3458 54
f 3458 3852 3459
f 3852 4434 3854
f 3852 3854 3459
f 3854 4434 4435
f 3459 3854 56
f 3854 4435 3855
f 3854 3855 56
f 3855 4435 4436
f 56 3855 3462
f 3855 4436 3856
f 3855 3856 3462
f 3856 4436 4437
f 3462 3856 3463
f 3856 4437 3857
f 3856 3857 3463
f 3857 4437 4438
f 3463 3857 3464
f 3857 4438 3958
f 3857 3958 3464
f 3958 4438 4505
f 3464 3958 3524
f 3958 4505 3960
f 3958 3960 3524
f 3524 3960 3525
f 3960 4505 4508
f 3525 3960 3961
f 3961 3960 4508
f 3961 4508 4509
f 3961 4509 4506
f 3961 4506 4026
f 4686 3782 3530
f 4686 3530 3468
f 3468 3530 511
f 7387 7461 7491
f 7461 7387 7389
f 7389 7387 7338
f 7389 7338 7340
f 7389 7340 6992
f 7389 6992 7066
f 7066 6992 6403
f 7389 7066 7462
f 7066 6403 6493
f 6493 6403 6225
f 6493 6225 6397
f 6493 6397 6631
f 6493 6631 7066
f 6631 6397 6728
f 6631 6728 6978
f 7066 6631 7219
f 7219 6631 6978
f 7066 7219 7462
f 7219 6978 7385
f 7219 7385 7462
f 7462 7385 7536
f 4765 4761 5639
f 4761 4765 3705
f 3705 3862 4761
f 6733 6735 6147
f 6147 6735 6399
f 6147 6399 6008
f 6008 6399 6010
f 6010 6399 6227
f 6010 6227 5785
f 6733 6988 6735
f 6988 6733 6986
f 6988 6986 7147
f 7147 6986 7072
f 7072 6986 6989
f 6986 6733 6982
f 6986 6982 6989
f 6982 6733 6901
f 6982 6901 6980
f 6982 6980 7064
f 6982 7064 6989
f 6989 7064 7069
f 7069 7064 6984
f 6227 6225 6403
f 6225 6227 6399
f 6225 6399 6397
f 5728 6227 6403
f 6227 5728 5785
f 5785 5728 5319
f 6147 6008 5643
f 6147 5643 5781
f 5781 5643 5433
f 5643 6008 5647
f 5647 6008 6010
f 5647 6010 5785
f 5647 5785 5319
f 5647 5319 5252
f 5647 5252 5643
f 5433 5643 5317
f 5317 5643 5252
f 5433 5317 5203
f 5317 5252 5100
f 5317 5100 5203
f 6392 6733 6147
f 6103 6392 6147
f 6103 6147 5781
f 6103 5781 5779
f 5779 5781 5433
f 6103 5779 6223
f 6103 6223 6393
f 6103 6393 6392
f 6393 6223 6632
f 6393 6632 6731
f 6393 6731 6899
f 6392 6393 6628
f 6628 6393 6899
f 6392 6628 6733
f 6628 6899 6901
f 6628 6901 6733
f 7267 6988 7147
f 5252 5319 5102
f 5102 5319 5162
f 5252 5102 5100
f 5250 5203 5100
f 5250 5100 5002
f 5002 5100 5102
f 5002 5102 5004
f 5004 5102 5162
f 5004 5162 5104
f 5004 5104 5164
f 5164 5104 5166
f 5004 5164 5205
f 5319 5160 5162
f 5433 5641 5779
f 5779 5641 6223
f 5203 5250 5641
f 5641 5250 5644
f 6223 5641 6148
f 6148 5641 5644
f 6223 6148 6632
f 6148 5644 6106
f 6148 6106 6560
f 5641 5433 5203
f 3970 4070 4753
f 3970 4757 3862
f 4195 4199 4564
f 4564 4199 4566
f 4199 4195 3968
f 3968 4195 3964
f 4199 3968 4028
f 4199 4028 4201
f 4199 4201 4566
f 4566 4201 4568
f 3964 3701 3784
f 3972 4203 4201
f 3972 4201 4028
f 3605 3699 104
f 3605 104 292
f 292 104 183
f 3699 3533 183
f 183 3533 294
f 294 3533 60
f 183 294 332
f 294 60 431
f 431 60 242
f 332 294 429
f 429 294 431
f 332 429 469
f 431 242 566
f 566 242 334
f 429 431 564
f 564 431 566
f 469 429 513
f 513 429 564
f 469 513 559
f 559 513 736
f 736 513 686
f 686 513 564
f 736 686 849
f 849 686 801
f 849 801 972
f 686 564 737
f 686 737 801
f 737 564 566
f 801 737 885
f 737 566 688
f 737 688 885
f 3699 183 104
f 292 332 382
f 332 292 183
f 382 332 469
f 382 469 428
f 428 469 559
f 428 559 470
f 380 3782 3528
f 380 3528 102
f 380 102 509
f 509 102 237
f 380 509 684
f 380 3530 3782
f 3530 380 511
f 511 380 684
f 511 684 785
f 785 684 881
f 511 785 560
f 511 560 3468
f 560 785 847
f 847 785 970
f 970 785 881
f 847 970 1024
f 970 881 1022
f 1022 881 1019
f 970 1022 1084
f 847 592 560
f 592 847 883
f 883 847 1024
f 883 1024 850
f 850 1024 1047
f 850 1047 852
f 852 1047 1051
f 3862 3705 334
f 334 3705 433
f 334 433 688
f 334 688 566
f 688 433 803
f 803 433 519
f 519 433 3703
f 688 803 885
f 885 803 1026
f 885 1026 973
f 885 973 801
f 801 973 972
f 973 1026 1087
f 972 973 1049
f 1049 973 1087
f 1049 1087 1086
f 4877 4366 4513
f 3864 4513 4366
f 62 3864 4366
f 3864 62 435
f 435 62 638
f 4513 3864 4444
f 4444 3864 3619
f 4444 3619 4205
f 4205 3619 3866
f 3619 3864 596
f 596 3864 435
f 3866 3619 189
f 189 3619 596
f 3866 189 3621
f 3621 189 3539
f 3866 3621 4030
f 4030 3621 3868
f 3866 4030 4206
f 4030 3868 4209
f 4206 4030 4368
f 4368 4030 4209
f 4368 4209 4639
f 787 189 596
f 4368 4639 4726
f 4368 4726 4635
f 4726 4639 4881
f 4635 4726 4950
f 4726 4881 5110
f 4726 5110 4950
f 4950 5110 5325
f 5110 4881 5172
f 5110 5172 5331
f 5331 5172 5217
f 5331 5217 5443
f 5217 5172 5010
f 5443 5217 5219
f 5219 5217 5010
f 5219 5010 4956
f 1173 787 596
f 1173 596 435
f 1173 435 930
f 930 435 638
f 787 1173 1349
f 930 638 1399
f 1399 638 1029
f 1173 930 1659
f 1659 930 1399
f 1349 1173 1827
f 1827 1173 1659
f 787 1349 1441
f 787 1441 858
f 858 1441 1478
f 1478 1441 1884
f 1441 1349 1907
f 1907 1349 1827
f 1907 1827 2133
f 2133 1827 2057
f 2057 1827 1659
f 2057 1659 1931
f 1931 1659 1399
f 2057 1931 2293
f 2293 1931 2088
f 1931 1399 1717
f 1931 1717 2088
f 1717 1399 1029
f 1717 1029 1347
f 1717 1347 1882
f 1717 1882 2088
f 2088 1882 2132
f 2132 1882 1922
f 2088 2132 2397
f 4767 5104 4879
f 6307 6308 5709
f 6307 5709 5708
f 5709 6308 5710
f 5710 6308 6309
f 5710 6309 5711
f 5711 6309 6310
f 5711 6310 5718
f 5718 6310 6315
f 5718 6315 5719
f 5719 6315 6316
f 6901 6899 6980
f 6980 6899 6903
f 6980 6903 7064
f 7064 6903 6984
f 6903 6899 6731
f 6903 6731 6560
f 6560 6731 6632
f 6562 6984 6903
f 6984 6562 6635
f 6562 6903 6560
f 6562 6560 6106
f 7069 6984 6906
f 6635 6906 6984
f 6148 6560 6632
f 6151 6635 6562
f 6151 6562 6106
f 6151 6106 5783
f 5783 6106 5644
f 6151 5783 6108
f 7221 7391 7341
f 7221 7341 7149
f 7221 7149 7153
f 7341 6994 7149
f 7149 6994 7153
f 7147 7072 7269
f 7346 7344 7221
f 6994 7269 7072
f 7153 7346 7221
f 6737 6994 7072
f 6994 6737 6739
f 6739 6737 6495
f 6994 6739 6828
f 6994 6828 7153
f 6989 7069 6822
f 6737 7072 6989
f 6737 6989 6822
f 6737 6822 6564
f 6737 6564 6495
f 6906 6905 7069
f 7069 6905 6822
f 6822 6905 6820
f 6820 6564 6822
f 6905 6906 6820
f 6635 6637 6906
f 6906 6637 6820
f 6637 6635 6400
f 6400 6635 6151
f 6820 6637 6564
f 6564 6637 6400
f 7346 7153 7277
f 6996 7350 7153
f 7350 6996 7074
f 6996 7153 6828
f 6996 6828 6566
f 6566 6828 6407
f 7277 7153 7350
f 7277 7350 7275
f 7275 7350 7273
f 6739 6495 6405
f 6739 6405 6407
f 6739 6407 6828
f 6407 6405 6110
f 6110 6405 6495
f 6407 6110 5925
f 5925 6110 5730
f 5925 5730 5649
f 6110 6495 6108
f 6110 6108 5730
f 6108 6495 6400
f 6400 6495 6564
f 6108 6400 6151
f 5730 6108 5783
f 5649 5730 5437
f 5649 5437 5439
f 5730 5783 5435
f 5730 5435 5437
f 5435 5783 5644
f 5435 5644 5250
f 5437 5435 5205
f 5437 5205 5254
f 6639 7074 6996
f 6639 6996 6566
f 7074 6639 6909
f 7074 6909 7151
f 6824 7075 6909
f 6824 6909 6567
f 6567 6909 6639
f 6639 6566 6229
f 6639 6229 6567
f 6567 6229 6153
f 6567 6153 6826
f 6153 6229 5732
f 6229 6566 6012
f 6229 6012 5732
f 6012 6566 6407
f 5732 6012 5548
f 6012 6407 5925
f 6012 5925 5548
f 7074 7151 7348
f 7348 7151 7223
f 7223 7151 6909
f 7348 7223 7271
f 7223 6909 7075
f 7223 7075 7271
f 7271 7075 7078
f 7078 7075 6826
f 6826 7075 6824
f 7348 7350 7074
f 7350 7348 7273
f 7273 7348 7225
f 7273 7225 7154
f 7225 7348 7271
f 7225 7271 7080
f 7080 7271 7078
f 6826 6824 6567
f 5002 5435 5250
f 5649 5548 5925
f 5548 5649 5363
f 5363 5649 5439
f 5363 5439 5321
f 6153 5732 5787
f 6153 5787 5864
f 6153 5864 6323
f 6153 6323 6826
f 6826 6323 6741
f 6741 7078 6826
f 7078 6741 7080
f 5732 5548 5440
f 5732 5440 5787
f 5787 5440 5550
f 5440 5548 5363
f 5550 5440 5366
f 5366 5440 5363
f 5366 5363 5321
f 5366 5321 5328
f 5366 5328 5373
f 5328 5321 5327
f 5327 5321 5365
f 5365 5321 5439
f 5002 5205 5435
f 5254 5439 5437
f 6323 6155 6497
f 6323 6497 6741
f 6741 6497 6743
f 6741 6743 7080
f 6155 6323 5864
f 6155 5864 6014
f 6014 5864 5550
f 5550 5864 5787
f 6497 6155 6570
f 6497 6570 6745
f 6497 6745 6743
f 6745 6570 7082
f 6743 6745 6998
f 6743 6998 7080
f 7080 6998 7225
f 6998 6745 7154
f 7154 6745 7157
f 7157 6745 7082
f 7154 7157 7273
f 7273 7157 7082
f 7273 7082 7275
f 7275 7082 7227
f 5205 5002 5004
f 5166 5104 4948
f 5166 4948 5106
f 5104 4767 4948
f 4948 4767 4637
f 4948 4637 4952
f 4637 4767 4444
f 4637 4444 4205
f 5205 5164 5254
f 5254 5164 5256
f 5256 5164 5166
f 5254 5256 5439
f 5256 5166 5209
f 5439 5256 5365
f 5365 5256 5209
f 7227 7277 7275
f 7277 7227 7279
f 7279 7227 7229
f 7279 7229 7393
f 6998 7154 7225
f 7000 7227 7082
f 7000 7082 6570
f 7000 6570 6499
f 7231 7393 7229
f 5550 5366 5552
f 5552 5366 5373
f 5552 5373 5554
f 5554 5371 5655
f 5371 5554 5374
f 5371 5374 5212
f 5212 5374 5258
f 5212 5258 5170
f 5170 5258 5215
f 5212 5170 5168
f 5655 5371 5369
f 5554 5655 5734
f 5655 5369 5653
f 5653 5369 5322
f 5653 5322 5651
f 5655 5653 5791
f 5655 5791 5734
f 5653 5651 5866
f 5653 5866 5791
f 5866 5651 5931
f 5734 5791 5933
f 5933 5791 5866
f 5734 5933 5793
f 5866 5931 6020
f 5866 6020 5933
f 6020 5931 6018
f 6020 6018 6023
f 5793 5933 5935
f 5793 5935 5736
f 5933 6020 6022
f 6022 6020 6023
f 5933 6022 5935
f 6022 6023 5795
f 5935 6022 5872
f 5872 6022 5795
f 5373 5374 5554
f 5504 5931 5651
f 5868 6018 5931
f 5868 5931 5789
f 5789 5931 5504
f 5789 5504 5556
f 5556 5504 5325
f 5504 5651 5207
f 5504 5207 5325
f 5207 5651 5322
f 5325 5207 4950
f 5006 5322 5168
f 5168 5322 5369
f 5168 5369 5212
f 5212 5369 5371
f 5006 5168 5008
f 5008 5168 5170
f 5006 5008 4771
f 5008 5170 5108
f 5108 5170 5215
f 4771 5008 4952
f 4771 4952 4637
f 5207 5322 5006
f 5207 5006 4769
f 5207 4769 4950
f 4769 5006 4771
f 4950 4769 4635
f 4769 4771 4515
f 4769 4515 4635
f 4515 4771 4637
f 4515 4637 4205
f 4635 4515 4206
f 4206 4515 4205
f 4635 4206 4368
f 4206 4205 3866
f 5556 5868 5789
f 5868 5556 5657
f 5868 5657 5870
f 5870 5657 5659
f 5657 5556 5331
f 5331 5556 5325
f 5331 5325 5110
f 5657 5331 5443
f 5657 5443 5659
f 5659 5443 5377
f 5377 5443 5219
f 5659 5377 5445
f 5445 5377 5260
f 6023 6018 5868
f 6023 5868 5870
f 6023 5870 5795
f 5795 5870 5663
f 5663 5870 5659
f 5663 5659 5445
f 5663 5445 5262
f 5262 5445 5174
f 7429 7352 7395
f 7159 7395 7352
f 7395 7159 7356
f 6917 6415 6416
f 6917 6416 7004
f 7004 6416 6505
f 6416 6415 6028
f 6028 6415 5937
f 6028 5937 5738
f 5738 5937 5661
f 6028 5738 5872
f 6416 6028 6114
f 6416 6114 6505
f 6114 6028 5872
f 6505 6114 6231
f 6231 6114 5872
f 6231 5872 5795
f 6505 6231 6572
f 6572 6231 6641
f 6641 6231 6325
f 6830 6415 6917
f 6830 6917 7235
f 7235 6917 7283
f 6830 7235 7159
f 7397 7356 7235
f 7235 7356 7159
f 7397 7235 7283
f 7397 7283 7354
f 7354 7283 7284
f 7354 7284 7233
f 7354 7233 7237
f 7356 7397 7287
f 7356 7287 7289
f 7356 7289 7431
f 7431 7289 7241
f 7241 7289 7088
f 7241 7088 6509
f 7088 7289 7287
f 7088 7287 7014
f 7088 7014 6335
f 7397 7354 7287
f 7287 7354 7239
f 7287 7239 7014
f 7239 7354 7237
f 7239 7237 7161
f 7161 7237 7086
f 7239 7161 6925
f 7239 6925 7014
f 7161 7086 7013
f 7013 7086 6923
f 7013 6923 6832
f 6832 6923 6578
f 6578 6923 6649
f 6649 6923 6647
f 6647 6923 6921
f 6333 7014 6925
f 6333 6925 6331
f 7014 6333 6335
f 6335 6333 5667
f 5667 6333 5797
f 6335 5667 5562
f 7283 6917 7004
f 7283 7004 7284
f 7284 7004 7005
f 7284 7005 7233
f 7233 7005 7008
f 7008 7005 6572
f 7008 6572 6641
f 7233 7008 7010
f 7008 6641 6919
f 7008 6919 7010
f 6919 6641 6643
f 6643 6641 6325
f 6643 6325 6419
f 6643 6419 6645
f 6643 6645 6919
f 6645 6419 6574
f 6645 6574 6576
f 6919 6645 6747
f 6747 6645 6576
f 6919 6747 7010
f 6747 6576 6921
f 6747 6921 7010
f 6921 6576 6647
f 7010 6921 7086
f 7010 7086 7237
f 6572 7005 7004
f 6505 6572 7004
f 5738 5661 5736
f 5736 5935 5738
f 5738 5935 5872
f 7010 7237 7233
f 6925 7161 6834
f 6925 6834 6331
f 6834 7161 7013
f 5797 6333 6331
f 5797 6331 5945
f 6834 7013 6750
f 6834 6750 6427
f 6750 7013 6651
f 6651 7013 6832
f 6651 6832 6578
f 6427 6750 6423
f 6423 6750 6651
f 6427 6423 5945
f 5740 5797 5945
f 5797 5740 5506
f 5506 5740 5333
f 5740 5945 6032
f 6032 5945 6159
f 6159 5945 6423
f 6032 6159 6329
f 6329 6159 6424
f 6329 6424 6578
f 6159 6423 6507
f 6159 6507 6424
f 6424 6507 6578
f 6507 6423 6651
f 6507 6651 6578
f 7086 6921 6923
f 7088 6335 6509
f 6509 6335 5564
f 5564 6335 5562
f 6834 6427 6331
f 6331 6427 5945
f 6421 6576 6574
f 6576 6421 6327
f 6576 6327 6233
f 6233 6327 5941
f 6327 6421 6030
f 6327 6030 5941
f 6030 6421 6157
f 6030 6157 5939
f 5941 6030 5665
f 5665 6030 5939
f 5665 5939 5663
f 5941 5665 5558
f 5665 5663 5263
f 5665 5263 5558
f 5558 5263 5221
f 5221 5263 4958
f 4958 5263 5262
f 6576 6233 6647
f 6647 6233 6235
f 6235 6649 6647
f 6649 6235 6578
f 6578 6235 6329
f 6329 6235 5943
f 5943 6235 6233
f 5943 6233 5941
f 6329 5943 6032
f 5943 5941 5558
f 6032 5943 5560
f 5560 5943 5558
f 6032 5560 5740
f 5560 5558 5221
f 5740 5560 5333
f 5333 5560 5221
f 5333 5221 5176
f 5176 5221 4960
f 5333 5176 5335
f 5333 5335 5506
f 5506 5335 5667
f 5506 5667 5797
f 5667 5335 5562
f 5562 5335 5223
f 5223 5335 5176
f 5562 5223 5564
f 4962 5176 4960
f 5176 4962 5223
f 4962 4960 4734
f 5223 4962 5014
f 4962 4734 4736
f 4962 4736 5014
f 5795 6325 6231
f 6325 5795 5939
f 5939 5795 5663
f 6325 5939 6419
f 6157 6419 5939
f 6574 6419 6421
f 6157 6421 6419
f 5663 5262 5263
f 5445 5260 5174
f 4781 4958 5174
f 4781 5174 5012
f 5012 5174 5260
f 5012 5260 5112
f 5112 5260 5377
f 5112 5377 5219
f 5112 5219 4956
f 5012 5112 4779
f 5012 4779 4700
f 4700 4779 4574
f 4700 4574 4448
f 4448 4574 4291
f 4448 4291 4294
f 4294 4291 4146
f 5262 5174 4958
f 5106 5209 5166
f 5209 5106 5211
f 5211 5365 5209
f 5365 5211 5327
f 5327 5211 5215
f 4952 5106 4948
f 5106 4952 5108
f 5106 5108 5211
f 5211 5108 5215
f 4952 5008 5108
f 5215 5328 5327
f 5328 5215 5258
f 5373 5328 5258
f 5373 5258 5374
f 4641 4285 4370
f 4446 4692 4641
f 4446 4641 4370
f 4446 4370 4144
f 4285 4641 4572
f 4285 4572 4209
f 4209 4572 4639
f 4285 4209 3868
f 4285 3868 3974
f 4285 3974 4370
f 3974 3868 3623
f 4074 4144 4370
f 4074 4370 3974
f 4144 4074 3976
f 3976 4074 3790
f 3790 4074 3974
f 3974 3623 3709
f 3974 3709 3790
f 3709 3623 3539
f 3790 3709 3541
f 4641 4728 4572
f 4728 4641 4692
f 4773 4639 4572
f 4639 4773 4881
f 4881 4773 4954
f 4775 4773 4728
f 4773 4775 4954
f 4775 4728 4692
f 4954 4775 4883
f 4883 4775 4692
f 5172 4954 5010
f 5010 4954 4883
f 5010 4883 4956
f 4446 4517 4692
f 4692 4517 4694
f 4692 4694 4883
f 4883 4694 4777
f 4883 4777 4956
f 4777 4694 4696
f 4956 4777 4885
f 4956 4885 5112
f 4777 4696 4698
f 4779 4885 4698
f 4698 4696 4521
f 4779 4698 4574
f 4574 4698 4521
f 4574 4521 4291
f 4291 4521 4289
f 4291 4289 4146
f 4146 4289 4079
f 4079 4289 4287
f 4146 4079 4078
f 4146 4078 4148
f 4078 4079 4076
f 4078 4076 4034
f 4034 4076 3870
f 4572 4728 4773
f 4144 4211 4446
f 4446 4211 4517
f 4211 4144 4032
f 4032 4144 3976
f 4211 4032 4076
f 4076 4032 3870
f 4211 4076 4287
f 4211 4287 4517
f 4287 4076 4079
f 4517 4287 4519
f 4519 4287 4289
f 4517 4519 4694
f 4519 4289 4521
f 4694 4519 4696
f 4696 4519 4521
f 3539 189 336
f 336 189 787
f 336 787 858
f 336 858 598
f 598 858 932
f 3539 336 106
f 106 336 386
f 3539 106 3541
f 3539 3623 3621
f 3621 3623 3868
f 3790 3541 3792
f 3790 3792 3976
f 3976 3792 4032
f 4032 3792 3870
f 3709 3539 3541
f 3541 3472 3543
f 3472 3541 106
f 3541 3543 3792
f 3792 3543 3625
f 3792 3625 3870
f 3870 3625 4034
f 598 386 336
f 3472 106 246
f 246 106 386
f 108 3543 3472
f 3472 246 108
f 110 3625 3543
f 3625 110 112
f 112 110 437
f 112 437 473
f 112 473 114
f 112 114 3625
f 114 473 475
f 114 475 116
f 3625 114 3711
f 3711 114 116
f 3625 3711 4034
f 4034 3711 4078
f 3711 116 3794
f 3711 3794 4078
f 3794 116 3873
f 4078 3794 4148
f 3794 3873 3978
f 3794 3978 4148
f 3978 3873 4150
f 3978 4150 4148
f 4148 4150 4293
f 4293 4150 4578
f 4578 4150 4450
f 4293 4578 4643
f 3543 108 110
f 388 246 386
f 246 388 390
f 390 388 568
f 390 568 437
f 390 108 246
f 108 390 110
f 110 390 437
f 5172 4881 4954
f 4777 4698 4885
f 4643 4730 4576
f 4578 4730 4643
f 4730 4578 4732
f 4730 4732 4785
f 4730 4785 4783
f 4783 4785 4958
f 4958 4785 4960
f 4960 4785 4734
f 4958 4960 5221
f 4576 4293 4643
f 4293 4576 4294
f 4294 4576 4448
f 4448 4576 4644
f 4644 4576 4730
f 4448 4644 4700
f 4644 4730 4783
f 4700 4644 4781
f 4781 4644 4783
f 4700 4781 5012
f 4781 4783 4958
f 4732 4578 4580
f 4580 4578 4450
f 4732 4580 4647
f 4148 4293 4294
f 4148 4294 4146
f 4732 4647 4785
f 4702 4785 4647
f 4702 4734 4785
f 4647 4372 4374
f 4372 4647 4580
f 4647 4374 4702
f 4702 4374 4453
f 4453 4374 3879
f 4374 4372 3878
f 4374 3878 3879
f 3879 3878 249
f 3878 4372 3877
f 3878 3877 248
f 248 3877 3874
f 3874 3877 4215
f 248 3874 191
f 3874 4215 4150
f 4150 4215 4450
f 191 3874 3795
f 3795 3874 4150
f 191 3795 116
f 3795 4150 3873
f 3795 3873 116
f 4215 4580 4450
f 4372 4580 4215
f 4372 4215 3877
f 4453 4523 4702
f 4523 4453 3880
f 3880 4453 3879
f 4523 3880 3984
f 4523 3984 4525
f 3984 3880 119
f 119 3880 251
f 251 3880 3879
f 251 3879 296
f 4523 4734 4702
f 4734 4523 4525
f 4734 4525 4704
f 4704 4525 4527
f 4527 4525 4375
f 4375 4525 3984
f 4375 3984 4037
f 4527 4375 4216
f 4216 4375 4037
f 4527 4216 4298
f 4298 4216 4083
f 4083 4216 4082
f 4082 4216 4037
f 4082 4037 3881
f 3878 248 249
f 3879 249 250
f 3879 250 296
f 296 250 644
f 644 250 642
f 642 250 249
f 642 249 696
f 475 191 116
f 191 475 570
f 191 570 248
f 248 570 600
f 570 475 807
f 807 475 745
f 570 807 889
f 807 745 982
f 982 745 810
f 889 807 1091
f 1091 807 982
f 889 1091 1205
f 1205 1091 1351
f 1351 1091 1175
f 1175 1091 982
f 1175 982 987
f 987 982 810
f 987 810 809
f 600 249 248
f 249 600 696
f 570 889 600
f 600 889 985
f 600 985 696
f 985 889 1205
f 696 985 893
f 696 893 747
f 985 1205 1056
f 985 1056 893
f 1353 1205 1351
f 1205 1353 1056
f 1056 1353 1401
f 1056 1401 1139
f 1056 1139 989
f 1056 989 893
f 893 989 813
f 4779 5112 4885
f 5014 5564 5223
f 4734 4704 4736
f 3627 4037 3984
f 4037 3627 3881
f 3627 3984 119
f 3881 3627 3796
f 3796 3627 3474
f 3474 3627 119
f 3796 3474 3713
f 3713 3474 64
f 64 3474 338
f 338 3474 119
f 338 119 251
f 338 251 476
f 476 251 296
f 4530 4736 4704
f 4530 4704 4378
f 4378 4704 4527
f 4298 4217 4527
f 4527 4217 4378
f 4378 4217 3799
f 4378 3799 3801
f 3799 4217 3883
f 3883 4217 4151
f 3799 3883 3545
f 3799 3545 120
f 3545 3883 3797
f 3883 4151 3985
f 3883 3985 3797
f 3985 4151 4085
f 3985 4085 3797
f 296 439 476
f 644 439 296
f 3881 4083 4082
f 4083 3881 3796
f 4083 3796 3713
f 4083 3713 4085
f 4083 4085 4298
f 6143 5989 5540
f 6303 6219 5990
f 5990 5989 6303
f 5989 5990 5540
f 5990 5991 5537
f 5990 5537 5536
f 5536 5540 5990
f 5540 5536 5075
f 5540 5075 5074
f 5075 5536 5076
f 5076 5536 5537
f 5075 5076 4630
f 5075 4630 4629
f 5075 4629 5074
f 5074 4629 4633
f 5991 5496 5537
f 3525 3961 4026
f 290 52 48
f 6382 6481 6139
f 6139 6481 6217
f 6217 6481 6552
f 6382 6139 5987
f 5982 5987 6139
f 5985 6139 6217
f 6139 5985 5982
f 5985 6217 6088
f 6214 6217 6213
f 6217 6214 6088
f 5313 5488 5307
f 5313 5307 5140
f 4501 4562 4676
f 4562 4501 4360
f 4360 4501 4275
f 5307 5308 5141
f 5307 5141 5140
f 5141 5308 5142
f 5142 5308 5309
f 5142 5309 5143
f 4501 4502 4275
f 4275 4502 4276
f 4497 4502 4498
f 4502 4426 4276
f 4276 4426 4183
f 48 330 290
f 4497 4498 4421
f 4421 4498 4422
f 8587 8540 8639
f 7575 6580 6653
f 6653 6580 5566
f 5566 6580 5508
f 5566 5508 4737
f 5566 4737 4706
f 4706 4737 3802
f 3802 4737 4530
f 4706 3802 3804
f 4706 3804 4708
f 4708 3804 3806
f 3804 3802 523
f 3806 3804 482
f 3804 523 480
f 3804 480 482
f 480 523 993
f 480 993 482
f 993 523 899
f 482 993 995
f 993 899 1362
f 995 993 1406
f 1406 993 1362
f 995 1406 1450
f 1406 1362 1606
f 1606 1362 1553
f 1450 1406 1638
f 1638 1406 1606
f 1450 1638 1661
f 1606 1553 1728
f 1728 1553 1761
f 1728 1761 1763
f 1638 1606 1729
f 1638 1729 1661
f 1661 1729 1764
f 8593 8331 8450
f 8450 8331 8169
f 8450 8169 8248
f 8248 8169 7993
f 8248 7993 8107
f 8333 8415 8623
f 7668 7897 7641
f 7668 7641 7524
f 7994 7780 7993
f 7780 7994 7735
f 7735 7994 7956
f 7780 7735 7578
f 7780 7578 7615
f 7615 7578 7401
f 7615 7475 7474
f 5337 6337 6237
f 5337 6237 5266
f 6337 5337 5447
f 6337 5447 6339
f 6339 5447 5510
f 5337 5266 4455
f 4455 5266 4218
f 5447 5337 4582
f 4582 5337 4455
f 5510 5447 4710
f 4710 5447 4582
f 5510 4710 4889
f 4889 4710 3989
f 4889 3989 4152
f 4710 4582 3629
f 4710 3629 3989
f 4582 4455 3475
f 4582 3475 3629
f 3989 3629 484
f 484 3629 3475
f 4152 3989 300
f 300 3989 484
f 4152 300 65
f 4152 65 4457
f 196 3475 4455
f 196 4455 4218
f 196 4218 298
f 298 4218 4089
f 255 3808 65
f 196 298 864
f 255 65 524
f 524 65 300
f 255 524 821
f 255 821 576
f 576 821 905
f 905 821 1098
f 1098 821 1031
f 1031 821 524
f 1098 1031 1262
f 524 300 753
f 524 753 1031
f 753 300 484
f 1262 1031 1211
f 1211 1031 753
f 1211 753 950
f 950 753 484
f 950 484 646
f 646 484 3475
f 1211 950 1095
f 1095 950 646
f 1211 1095 1410
f 1211 1410 1452
f 1410 1095 1526
f 1526 1095 1209
f 1209 1095 646
f 1526 1209 1610
f 791 646 3475
f 646 791 1209
f 791 3475 196
f 1610 1209 1315
f 1315 1209 791
f 791 196 864
f 791 864 1315
f 1610 1315 1608
f 1315 864 1313
f 1315 1313 1608
f 1313 864 901
f 901 864 298
f 901 298 342
f 1313 901 1408
f 1608 1313 1663
f 1663 1313 1408
f 1608 1663 1732
f 1732 1663 1764
f 1764 1663 1661
f 1661 1663 1408
f 1661 1408 1450
f 948 1408 901
f 1408 948 1450
f 948 901 342
f 1450 948 995
f 1665 1608 1732
f 1665 1732 1767
f 1767 1732 1763
f 1665 1767 1694
f 1694 1767 1893
f 1665 1694 1667
f 1665 1667 1640
f 1640 1667 1555
f 1555 1667 1612
f 1555 1612 1490
f 1555 1490 1452
f 1452 1490 1317
f 1317 1490 1412
f 1452 1317 1262
f 1317 1412 1097
f 1317 1097 1262
f 444 995 948
f 444 948 342
f 995 444 482
f 444 342 3987
f 3987 342 4089
f 444 3987 3886
f 444 3886 482
f 482 3886 3806
f 4530 4378 3801
f 4530 3801 3802
f 253 3802 3801
f 3802 253 297
f 574 604 297
f 574 297 442
f 442 297 253
f 253 3801 120
f 253 120 442
f 120 3801 3799
f 442 120 340
f 340 120 64
f 340 64 338
f 64 120 3545
f 64 3545 3713
f 3713 3545 3797
f 3713 3797 4085
f 3802 297 523
f 523 297 604
f 523 604 899
f 4298 4151 4217
f 4151 4298 4085
f 476 340 338
f 340 476 442
f 442 476 574
f 4089 342 298
f 7167 7247 7475
f 7247 7167 7022
f 7022 7169 7247
f 7301 7169 6929
f 6929 7169 7022
f 6929 7022 6757
f 6929 6757 6657
f 6929 6657 6512
f 6929 6512 6344
f 6344 6512 6343
f 6344 6343 6241
f 6655 6657 6757
f 6931 7025 6759
f 6118 6241 6343
f 7165 7243 6339
f 6339 6341 7165
f 4532 4966 5024
f 4532 5024 4584
f 4532 4584 4091
f 4966 4532 4461
f 4461 4532 4091
f 4461 4091 3991
f 3991 4091 122
f 4091 3476 122
f 122 3476 392
f 3631 3476 4224
f 3476 3631 392
f 392 3631 302
f 392 302 649
f 649 302 576
f 649 576 905
f 526 122 392
f 526 392 755
f 526 755 823
f 755 392 648
f 823 755 997
f 997 755 648
f 997 648 903
f 997 903 1097
f 997 1097 1213
f 649 648 392
f 648 649 905
f 657 659 1222
f 657 1222 1220
f 1220 1222 1812
f 1220 1812 1810
f 1812 1222 1224
f 1224 1222 661
f 1810 1812 2113
f 1810 2113 2131
f 758 712 661
f 661 712 1224
f 712 758 796
f 796 758 913
f 796 1224 712
f 1224 796 1270
f 1224 1270 1777
f 1224 1777 1814
f 1777 1270 1738
f 1738 1270 1323
f 1814 1777 2083
f 2083 1777 1738
f 1814 2083 2081
f 2083 1738 2011
f 1814 1812 1224
f 1812 1814 2113
f 2113 1814 2081
f 2113 2081 2363
f 2363 2081 2325
f 2363 2325 2463
f 2463 2325 2414
f 2463 2414 2396
f 2396 2414 2365
f 796 913 1067
f 1067 913 1178
f 1178 913 1069
f 796 1067 1270
f 1270 1067 1323
f 350 615 404
f 870 913 615
f 870 615 350
f 870 350 762
f 870 762 872
f 870 872 1004
f 872 762 832
f 1004 872 1153
f 872 832 1071
f 872 1071 1153
f 1071 832 1274
f 1153 1071 1230
f 1153 1230 1375
f 913 870 915
f 913 915 1069
f 1155 915 870
f 870 1004 1006
f 1006 1004 1153
f 1006 1153 1375
f 870 1006 1155
f 1808 1810 2131
f 1808 2131 2107
f 2107 2131 2323
f 2107 2323 2211
f 2323 2131 2394
f 2394 2131 2113
f 2394 2113 2363
f 2323 2394 2461
f 2323 2461 2410
f 1067 1151 1323
f 1323 1151 1373
f 1178 1151 1067
f 1155 1069 915
f 1069 1155 1272
f 1069 1272 1178
f 1272 1155 1377
f 1272 1377 1493
f 1493 1377 1568
f 1493 1568 1675
f 1675 1568 1740
f 1675 1740 1822
f 1178 1226 1151
f 1226 1178 1228
f 1228 1178 1272
f 1226 1373 1151
f 1323 1373 1701
f 1323 1701 1738
f 1738 1701 1952
f 1738 1952 2011
f 2011 1952 2087
f 2011 2087 2188
f 2188 2087 2155
f 2188 2155 2253
f 1921 1985 2155
f 2155 1985 2086
f 2155 2086 2253
f 2253 2086 2157
f 2157 2086 1983
f 1983 2086 1951
f 1951 2086 1845
f 1373 1226 1531
f 1531 1226 1228
f 1531 1228 1463
f 1373 1531 1701
f 1531 1463 1673
f 1701 1531 1818
f 1818 1531 1673
f 1701 1818 1952
f 1952 1818 1921
f 1921 1818 1673
f 1952 1921 2087
f 2087 1921 2155
f 1921 1673 1985
f 1985 1673 1845
f 1985 1845 2086
f 1463 1228 1272
f 1463 1272 1493
f 1463 1493 1675
f 1463 1675 1645
f 1645 1675 1822
f 1645 1822 1783
f 1783 1822 1817
f 716 539 766
f 716 766 874
f 874 766 957
f 874 957 1111
f 1111 957 1157
f 1111 1157 1276
f 1276 1157 1327
f 1327 1157 1180
f 876 878 1008
f 1008 878 1044
f 1044 878 1042
f 1377 1155 1006
f 1466 1377 1006
f 1377 1466 1568
f 1568 1466 1465
f 1568 1465 1566
f 1566 1465 1703
f 1006 1375 1466
f 1274 1230 1071
f 1276 1274 1111
f 1274 1276 1327
f 1274 1327 1325
f 1375 1230 1274
f 1375 1274 1466
f 1466 1274 1325
f 1466 1325 1465
f 1463 1845 1673
f 1845 1463 1645
f 1845 1645 1783
f 1845 1783 1951
f 2083 2325 2081
f 2325 2083 2292
f 2083 2011 2292
f 2292 2011 2188
f 2292 2188 2416
f 2416 2188 2253
f 2416 2253 2291
f 2291 2253 2157
f 2463 2394 2363
f 2394 2463 2461
f 2461 2463 2396
f 2461 2396 2412
f 2412 2396 2112
f 2412 2112 2109
f 2461 2412 2410
f 2410 2412 2361
f 2325 2292 2414
f 2414 2292 2416
f 2414 2416 2365
f 2365 2416 2291
f 1839 1419 1417
f 1839 1417 1805
f 1839 1805 2109
f 1839 2109 1877
f 2109 1805 2075
f 2109 2075 2361
f 2109 2361 2412
f 1421 1703 1465
f 1372 911 1038
f 1372 1038 1461
f 1038 911 794
f 1038 794 609
f 609 794 714
f 714 794 830
f 1042 1325 1180
f 1180 1325 1327
f 1109 1040 911
f 911 1040 830
f 911 830 794
f 1042 1040 1109
f 1780 1781 1703
f 1781 1780 1843
f 1843 1780 1842
f 1740 1566 1703
f 1703 1822 1740
f 583 1000 1002
f 531 346 609
f 714 531 609
f 346 531 533
f 533 531 714
f 533 714 663
f 663 714 830
f 533 663 611
f 533 611 490
f 490 400 348
f 490 402 400
f 402 490 611
f 535 450 402
f 494 667 669
f 917 919 667
f 667 919 669
f 919 917 921
f 921 917 878
f 1042 878 917
f 798 768 720
f 1568 1566 1740
f 1951 1783 1817
f 1983 1951 1817
f 1983 1817 1820
f 1822 1820 1817
f 2080 1843 1842
f 671 458 586
f 458 671 501
f 501 671 670
f 501 670 673
f 501 673 457
f 464 287 375
f 631 462 552
f 462 631 548
f 631 552 633
f 548 631 679
f 631 633 733
f 631 733 679
f 733 633 681
f 733 681 780
f 679 733 776
f 679 776 729
f 679 729 627
f 552 504 633
f 633 504 556
f 556 504 375
f 633 556 681
f 556 375 468
f 556 468 681
f 681 468 591
f 462 421 281
f 421 462 548
f 421 548 550
f 550 548 627
f 627 548 679
f 424 550 554
f 554 550 630
f 630 550 627
f 630 627 729
f 554 630 732
f 732 630 729
f 554 732 635
f 732 729 775
f 424 554 373
f 635 373 554
f 775 729 776
f 775 776 778
f 775 778 732
f 778 776 780
f 780 776 733
f 732 778 782
f 782 778 780
f 732 782 635
f 782 780 735
f 635 782 683
f 683 782 735
f 683 735 637
f 466 635 683
f 466 683 506
f 506 683 637
f 506 637 427
f 466 506 329
f 379 329 506
f 624 880 963
f 963 880 1113
f 1113 880 1011
f 963 1113 1186
f 1115 1278 1113
f 1113 1278 1384
f 1113 1384 1186
f 1186 1384 1382
f 1382 1384 1533
f 1533 1384 1495
f 1382 1533 1468
f 1533 1495 1647
f 1533 1647 1569
f 1533 1569 1468
f 1569 1647 1704
f 1569 1704 1646
f 1468 1569 1532
f 1532 1569 1646
f 1532 1646 1494
f 1468 1532 1381
f 1381 1532 1383
f 1381 1383 1185
f 1185 1383 1112
f 1185 1112 962
f 962 1112 879
f 879 1112 1010
f 962 879 625
f 960 963 1186
f 960 1186 1183
f 1183 1186 1382
f 1183 1382 1380
f 1380 1382 1468
f 1183 1380 1329
f 1183 1329 1159
f 1329 1380 1378
f 1380 1468 1422
f 1380 1422 1378
f 1422 1468 1379
f 1422 1379 1378
f 1379 1468 1381
f 1378 1379 1328
f 1379 1381 1184
f 1379 1184 1328
f 1184 1381 1185
f 1328 1184 1158
f 1184 1185 961
f 1184 961 1158
f 961 1185 962
f 1158 961 922
f 961 962 622
f 961 622 922
f 622 962 625
f 922 622 588
f 838 1011 880
f 1011 838 965
f 965 838 840
f 965 840 967
f 967 840 842
f 965 967 1117
f 967 842 969
f 1117 967 1119
f 1119 967 969
f 1119 969 1121
f 844 969 842
f 969 844 1013
f 969 1013 1121
f 1121 1013 1188
f 1013 844 1123
f 1013 1123 1188
f 1188 1123 1288
f 1288 1123 1386
f 1386 1123 1190
f 1386 1190 1428
f 1428 1190 1233
f 1233 1190 1015
f 1233 1015 1073
f 1428 1233 1498
f 1233 1073 1333
f 1233 1333 1498
f 1333 1073 1125
f 1333 1125 1388
f 1388 1125 1161
f 1333 1388 1573
f 1333 1573 1498
f 1498 1573 1681
f 1498 1681 1621
f 1498 1621 1537
f 1498 1537 1428
f 1428 1537 1497
f 1011 965 1115
f 1011 1115 1113
f 965 1117 1115
f 1282 1115 1117
f 1282 1117 1119
f 1115 1282 1279
f 1115 1279 1278
f 1121 1284 1119
f 1284 1121 1286
f 1286 1121 1188
f 1286 1188 1331
f 1286 1331 1279
f 1331 1188 1288
f 1331 1288 1426
f 1331 1426 1535
f 1279 1331 1424
f 1424 1331 1535
f 1279 1424 1278
f 1278 1424 1495
f 1278 1495 1384
f 1424 1535 1619
f 1424 1619 1495
f 1619 1535 1677
f 1495 1619 1647
f 1619 1677 1742
f 1619 1742 1647
f 1742 1677 1824
f 1647 1742 1704
f 1284 1282 1119
f 1282 1286 1279
f 457 673 587
f 925 844 770
f 1015 925 770
f 1015 770 1073
f 1073 770 846
f 1073 846 1125
f 1125 846 1161
f 1161 846 927
f 925 1123 844
f 1123 925 1015
f 1123 1015 1190
f 1386 1426 1288
f 1426 1386 1497
f 1497 1386 1428
f 1571 1535 1426
f 1535 1571 1677
f 1571 1426 1497
f 1571 1497 1537
f 1571 1649 1706
f 1571 1706 1677
f 1649 1571 1537
f 1649 1537 1621
f 1704 1742 1784
f 1704 1784 1741
f 1784 1742 1878
f 1784 1878 1741
f 1878 1742 1824
f 1741 1878 1823
f 1741 1823 1676
f 1741 1676 1618
f 1823 1878 1904
f 1904 1878 1824
f 1676 1823 1846
f 1846 1823 1904
f 1618 1676 1534
f 1618 1534 1423
f 1676 1846 1705
f 1534 1676 1570
f 1570 1676 1705
f 1423 1534 1330
f 1423 1330 1280
f 1330 1534 1425
f 1425 1534 1570
f 1425 1570 1496
f 1496 1570 1536
f 1280 1330 1285
f 1280 1285 1281
f 1285 1330 1187
f 1187 1330 1287
f 1536 1570 1648
f 1648 1570 1705
f 1536 1648 1620
f 1648 1705 1743
f 1620 1648 1678
f 1678 1648 1743
f 1620 1678 1680
f 1743 1705 1846
f 1680 1678 1707
f 1680 1707 1650
f 1650 1707 1747
f 1747 1707 1825
f 1707 1678 1745
f 1745 1678 1743
f 1707 1745 1825
f 1825 1745 1848
f 1848 1745 1743
f 1825 1848 1881
f 1879 1743 1846
f 1743 1879 1848
f 1879 1846 1904
f 1881 1848 1906
f 1848 1879 1905
f 1848 1905 1906
f 1905 1879 1904
f 1881 1906 1849
f 1849 1906 1905
f 1881 1849 1826
f 1905 1904 1880
f 1905 1880 1849
f 1880 1904 1847
f 1847 1904 1824
f 1847 1824 1677
f 1847 1677 1706
f 1880 1847 1744
f 1744 1847 1706
f 1880 1744 1849
f 1744 1706 1649
f 1746 1826 1849
f 1746 1849 1744
f 1826 1746 1708
f 1744 1649 1679
f 1744 1679 1746
f 1746 1679 1708
f 1679 1649 1621
f 1708 1679 1681
f 1681 1679 1621
f 1651 1681 1573
f 1681 1651 1708
f 1651 1573 1470
f 1470 1573 1388
f 1651 1470 1623
f 1708 1651 1748
f 1748 1651 1623
f 1708 1748 1826
f 1748 1623 1652
f 1826 1748 1785
f 1785 1748 1652
f 1826 1785 1881
f 1881 1785 1825
f 1825 1785 1747
f 1747 1785 1652
f 1747 1652 1622
f 1747 1622 1650
f 927 772 1075
f 1235 1388 1161
f 1388 1235 1470
f 1470 1235 1430
f 1470 1430 1623
f 1623 1430 1500
f 1623 1500 1652
f 1652 1500 1622
f 1622 1500 1429
f 1622 1429 1469
f 1622 1469 1650
f 1650 1469 1572
f 1469 1429 1234
f 1572 1469 1387
f 1387 1469 1234
f 1387 1234 1160
f 1237 1294 1290
f 1290 1294 1508
f 1290 1508 1502
f 1508 1294 1473
f 1473 1294 1241
f 1237 1290 1341
f 1237 1341 1293
f 1341 1290 1507
f 1507 1290 1502
f 1787 1237 1290
f 1787 1290 1710
f 1710 1290 1502
f 1237 1787 1750
f 1237 1750 1575
f 1237 1575 1335
f 1294 1194 1241
f 1241 1194 1163
f 1237 1194 1294
f 1340 1341 1394
f 1341 1340 1293
f 1293 1340 1393
f 1393 1340 1432
f 1394 1341 1507
f 1394 1507 1506
f 1506 1507 1654
f 1654 1507 1686
f 1654 1686 1714
f 1714 1686 1754
f 1714 1754 1713
f 1714 1713 1685
f 1685 1713 1579
f 1194 1237 1339
f 1393 1237 1293
f 1237 1393 1335
f 1335 1393 1575
f 1575 1393 1579
f 1237 1335 1339
f 1686 1502 1710
f 1502 1686 1507
f 1686 1710 1787
f 1686 1787 1754
f 1754 1787 1713
f 1713 1787 1750
f 1687 1710 1502
f 1687 1502 1508
f 1687 1508 1656
f 1656 1508 1473
f 1710 1687 1787
f 1789 1787 1687
f 1789 1687 1656
f 1789 1656 1716
f 1789 1716 1689
f 1789 1689 1753
f 1789 1753 1787
f 1787 1753 1750
f 1194 1339 1296
f 1296 1163 1194
f 1298 1434 1241
f 1241 1434 1473
f 1298 1241 1243
f 1243 1241 1163
f 1581 1473 1434
f 1581 1656 1473
f 1578 1339 1335
f 1578 1335 1575
f 1339 1578 1510
f 1339 1510 1296
f 1296 1243 1163
f 1243 1296 1344
f 1243 1344 1245
f 1344 1296 1510
f 1344 1510 1512
f 1579 1393 1539
f 1579 1539 1685
f 1753 1578 1575
f 1578 1753 1689
f 1578 1689 1510
f 1510 1689 1512
f 1575 1750 1753
f 1750 1575 1579
f 1750 1579 1713
f 784 800 558
f 558 510 784
f 1434 1298 1302
f 1434 1302 1436
f 1436 1302 1197
f 1436 1197 1346
f 1346 1197 1131
f 1346 1131 1199
f 1199 1131 1023
f 1199 1023 1085
f 1434 1436 1581
f 1581 1436 1585
f 1585 1436 1346
f 1585 1346 1477
f 1477 1346 1199
f 1477 1199 1398
f 1398 1199 1085
f 1398 1085 1170
f 1170 1085 1025
f 1025 1085 971
f 1170 1025 1048
f 1170 1048 1053
f 1245 1298 1243
f 1298 1245 1302
f 1302 1245 1165
f 1302 1165 1197
f 1165 1245 1301
f 1301 1245 1344
f 1197 1165 1079
f 1197 1079 1131
f 1131 1079 1021
f 1131 1021 1023
f 1656 1581 1716
f 1716 1581 1658
f 1716 1658 1625
f 1716 1625 1689
f 1585 1658 1581
f 1658 1585 1627
f 1627 1585 1477
f 1658 1627 1584
f 1658 1584 1625
f 1584 1627 1514
f 1514 1627 1541
f 1514 1541 1439
f 1439 1541 1440
f 1440 1541 1398
f 1512 1301 1344
f 1301 1512 1475
f 1301 1475 1247
f 1247 1475 1396
f 1247 1396 1129
f 1129 1396 1304
f 1129 1304 1083
f 1083 1304 1136
f 1304 1396 1514
f 1514 1396 1584
f 1247 1165 1301
f 1165 1247 1079
f 1079 1247 1129
f 1079 1129 1021
f 1021 1129 1083
f 1625 1512 1689
f 1475 1512 1625
f 1475 1625 1584
f 1475 1584 1396
f 882 1021 1020
f 1083 1020 1021
f 1020 1083 1082
f 1020 1082 1132
f 1132 1082 1167
f 1627 1477 1541
f 1398 1541 1477
f 1132 1167 1080
f 1080 1167 1200
f 1200 1167 1082
f 1134 1081 1080
f 1134 1080 1133
f 1133 1080 1200
f 1134 1133 1201
f 1136 1082 1083
f 1082 1136 1135
f 1135 1136 1202
f 1082 1135 1200
f 1200 1135 1172
f 1133 1200 1171
f 1133 1171 1050
f 1200 1172 1168
f 1200 1168 1171
f 1168 1172 1138
f 1138 1172 1052
f 1171 1168 1137
f 1171 1137 1050
f 1138 1052 1055
f 1055 1052 853
f 1055 853 855
f 1138 1055 1088
f 1088 1055 1027
f 1138 1088 1086
f 1087 1137 1086
f 1137 1087 1054
f 1137 1054 1050
f 1050 1054 852
f 1054 1087 1026
f 852 1054 854
f 854 1054 1026
f 854 1026 803
f 1080 1018 1132
f 1439 1304 1514
f 1304 1439 1136
f 1136 1439 1202
f 1170 1440 1398
f 1440 1170 1204
f 1204 1170 1053
f 1204 1053 1052
f 1052 1053 853
f 1440 1204 1202
f 1202 1439 1440
f 1001 999 582
f 608 345 530
f 608 530 713
f 532 530 345
f 530 532 713
f 713 532 662
f 713 662 829
f 662 532 610
f 610 532 489
f 999 1001 1418
f 999 1418 1416
f 793 829 910
f 910 829 1039
f 910 1039 1108
f 1108 1039 1041
f 489 347 399
f 347 489 532
f 612 662 610
f 666 668 918
f 666 918 916
f 916 760 666
f 760 916 1039
f 1039 916 1041
f 1041 916 877
f 1041 877 1043
f 1416 1418 1838
f 1416 1838 1806
f 1806 1838 2108
f 2108 1838 1876
f 1806 2108 2076
f 2108 1876 2110
f 2076 2108 2360
f 2108 2110 2411
f 2108 2411 2360
f 2411 2110 2395
f 2360 2411 2409
f 2409 2411 2460
f 1370 1420 1778
f 1778 1420 1702
f 1420 1370 1108
f 1702 1420 1464
f 1420 1108 1324
f 1420 1324 1464
f 1324 1108 1041
f 1464 1324 1467
f 1467 1324 1273
f 2110 1876 1840
f 2110 1840 2078
f 2110 2078 2395
f 2395 2078 2364
f 2395 2364 2413
f 2395 2413 2462
f 2462 2413 2324
f 2462 2324 2362
f 2364 2078 2289
f 2289 2078 2055
f 2289 2055 2156
f 2156 2055 1982
f 2289 2156 2252
f 2289 2252 2415
f 2415 2252 2187
f 1982 2055 1819
f 1819 2055 1779
f 1819 1779 1702
f 1819 1702 1821
f 1778 1841 1840
f 1841 1778 1779
f 1779 1778 1702
f 1179 1324 1041
f 1273 1324 1326
f 1273 1326 1275
f 1273 1275 1110
f 1326 1324 1179
f 1702 1464 1565
f 1565 1464 1567
f 1567 1464 1467
f 1567 1467 1376
f 1376 1467 1005
f 1005 1467 1374
f 1005 1374 1152
f 1702 1565 1739
f 1702 1739 1821
f 668 536 719
f 719 536 453
f 719 453 353
f 719 353 313
f 719 313 767
f 668 719 797
f 668 797 918
f 920 918 767
f 767 918 797
f 920 767 721
f 721 767 542
f 719 767 797
f 499 542 311
f 542 499 721
f 875 717 763
f 763 717 540
f 763 540 616
f 1007 875 763
f 616 1007 763
f 877 497 717
f 717 497 540
f 717 875 877
f 1007 877 875
f 877 1007 1043
f 1326 1179 1156
f 1326 1156 1275
f 1275 1156 1110
f 1110 1156 956
f 873 1110 956
f 873 956 765
f 873 765 715
f 715 765 538
f 1229 1273 1070
f 1374 1273 1229
f 831 1070 1273
f 1070 831 871
f 871 831 759
f 1070 871 1152
f 1273 1374 1467
f 1273 1110 831
f 831 1110 873
f 1229 1070 1152
f 1229 1152 1374
f 1152 871 1003
f 1152 1003 1005
f 759 831 873
f 759 873 715
f 1376 1005 1154
f 1154 1005 869
f 869 1005 1003
f 1492 1567 1376
f 1567 1492 1674
f 1567 1674 1739
f 1739 1674 1821
f 1567 1739 1565
f 1271 1492 1376
f 1271 1376 1154
f 1271 1154 1068
f 1271 1068 1177
f 1177 1068 912
f 1177 912 1066
f 1177 1066 1150
f 1066 912 795
f 795 912 757
f 795 757 711
f 1492 1462 1674
f 1674 1462 1644
f 1462 1492 1271
f 869 914 1154
f 914 869 614
f 914 1068 1154
f 1271 1227 1462
f 1271 1177 1227
f 1227 1177 1225
f 1225 1177 1150
f 1840 1841 2078
f 1841 1779 2055
f 1841 2055 2078
f 1982 1819 1815
f 1982 1815 1949
f 1982 1949 2084
f 1982 2084 2156
f 2156 2084 2252
f 2252 2084 2154
f 2252 2154 2187
f 2187 2154 2085
f 2187 2085 2010
f 2085 2154 1920
f 1920 2154 1984
f 2010 2085 1950
f 1950 2085 1920
f 2010 1950 1737
f 1920 1984 1672
f 1672 1984 1844
f 1672 1844 1462
f 1462 1844 1644
f 1672 1462 1530
f 1530 1462 1227
f 1920 1672 1816
f 1920 1816 1950
f 1816 1672 1530
f 1530 1227 1225
f 1950 1816 1700
f 1700 1816 1530
f 1950 1700 1737
f 1737 1700 1322
f 1322 1700 1371
f 1371 1700 1530
f 1371 1530 1225
f 1371 1225 1150
f 1815 1819 1821
f 1815 1821 1782
f 1782 1821 1644
f 1674 1644 1821
f 1815 1782 1949
f 1949 1782 1844
f 1844 1782 1644
f 1949 1844 2084
f 2084 1844 1984
f 2084 1984 2154
f 2411 2395 2460
f 2460 2395 2462
f 2460 2462 2393
f 2393 2462 2362
f 2364 2289 2415
f 2364 2415 2413
f 2413 2415 2290
f 2413 2290 2324
f 2324 2290 2082
f 2324 2082 2079
f 2322 2210 2320
f 2210 2322 2106
f 2106 2322 2130
f 2106 2130 1807
f 2130 2322 2393
f 2393 2322 2460
f 2460 2322 2409
f 1807 2130 1809
f 1807 1809 1218
f 1218 1809 1219
f 2415 2187 2290
f 2290 2187 2010
f 2290 2010 2082
f 2082 2010 1737
f 2082 1737 1776
f 1776 1737 1269
f 1269 1737 1322
f 1776 1269 1223
f 2082 1776 1813
f 2082 1813 2079
f 2079 1813 2111
f 2362 2324 2079
f 2362 2079 2111
f 2362 2111 2393
f 2393 2111 2130
f 2130 2111 1809
f 1809 2111 1811
f 1221 660 658
f 660 1221 1223
f 1811 1223 1221
f 660 711 757
f 1223 711 660
f 711 1223 795
f 795 1223 1269
f 912 614 757
f 1223 1813 1776
f 1811 1813 1223
f 1813 1811 2111
f 1269 1066 795
f 1066 1269 1322
f 403 614 349
f 614 912 914
f 1068 914 912
f 1322 1150 1066
f 1150 1322 1371
f 837 964 839
f 839 964 966
f 966 964 1116
f 839 966 841
f 966 1116 1118
f 841 966 968
f 968 966 1118
f 841 968 843
f 968 1118 1120
f 843 968 1012
f 1012 968 1120
f 1012 1120 1187
f 1118 1281 1283
f 1283 1120 1118
f 924 843 1122
f 843 1012 1122
f 1122 1012 1187
f 1122 1187 1287
f 1122 1287 1385
f 1122 1385 1189
f 1385 1287 1425
f 1425 1287 1330
f 1385 1425 1496
f 1189 1385 1427
f 1427 1385 1496
f 1189 1427 1232
f 1427 1496 1536
f 1427 1536 1499
f 1499 1536 1620
f 1499 1620 1680
f 1499 1680 1572
f 1499 1572 1332
f 1332 1572 1387
f 924 1122 1014
f 1014 1122 1189
f 1014 1189 1232
f 1232 1072 1014
f 1072 1232 1332
f 1072 1332 1124
f 1332 1232 1499
f 1499 1232 1427
f 1124 1332 1387
f 1124 1387 1160
f 1120 1283 1285
f 1120 1285 1187
f 1650 1572 1680
f 1236 1336 1334
f 1334 1336 1576
f 1334 1576 1574
f 1574 1576 1751
f 1751 1576 1688
f 1576 1336 1509
f 1576 1509 1688
f 1509 1336 1295
f 1688 1509 1511
f 1236 1334 1391
f 1236 1391 1291
f 1391 1334 1574
f 1391 1574 1577
f 1574 1236 1334
f 1236 1574 1749
f 1236 1749 1786
f 1236 1786 1289
f 1289 1786 1709
f 1289 1709 1501
f 1336 1193 1295
f 1295 1193 1162
f 1162 1193 1240
f 1240 1193 1292
f 1236 1193 1336
f 1337 1391 1431
f 1431 1391 1538
f 1391 1337 1291
f 1291 1337 1338
f 1338 1337 1392
f 1338 1392 1504
f 1504 1392 1503
f 1504 1503 1653
f 1504 1653 1683
f 1683 1653 1712
f 1683 1712 1752
f 1752 1712 1711
f 1711 1712 1682
f 1711 1682 1577
f 1391 1577 1538
f 1193 1236 1292
f 1338 1236 1291
f 1236 1338 1289
f 1289 1338 1504
f 1289 1504 1501
f 1236 1289 1292
f 1574 1749 1577
f 1577 1749 1711
f 1751 1749 1574
f 1242 1343 1295
f 1242 1295 1162
f 1295 1343 1509
f 1509 1343 1511
f 1682 1538 1577
f 1505 1292 1289
f 1505 1289 1501
f 1292 1505 1472
f 1292 1472 1240
f 1472 1505 1655
f 1655 1505 1684
f 1684 1505 1501
f 1684 1501 1709
f 1240 1242 1162
f 1242 1240 1297
f 1297 1240 1433
f 1433 1240 1472
f 1786 1711 1749
f 1711 1786 1752
f 1749 1751 1786
f 1786 1751 1788
f 1788 1751 1688
f 1786 1788 1684
f 1788 1688 1715
f 1684 1788 1655
f 1655 1788 1715
f 1786 1709 1683
f 1786 1684 1709
f 1683 1752 1786
f 1501 1683 1709
f 1683 1501 1504
f 1472 1580 1433
f 1580 1472 1655
f 1580 1655 1715
f 1580 1715 1657
f 1343 1299 1511
f 1511 1299 1474
f 1474 1299 1246
f 1511 1474 1624
f 1624 1474 1582
f 1582 1474 1395
f 1582 1395 1513
f 1513 1395 1303
f 1303 1395 1128
f 1303 1128 1081
f 1513 1303 1437
f 1437 1303 1134
f 1437 1134 1201
f 1244 1299 1343
f 1244 1343 1242
f 1244 1242 1297
f 1244 1297 1300
f 1299 1244 1164
f 1164 1244 1300
f 1299 1164 1246
f 1164 1300 1196
f 1246 1164 1078
f 1078 1164 1196
f 1078 1196 1130
f 1246 1078 1128
f 1128 1078 1019
f 1128 1019 1081
f 1624 1688 1511
f 1688 1624 1715
f 1715 1624 1657
f 1128 1395 1246
f 1246 1395 1474
f 1297 1433 1300
f 1300 1433 1435
f 1435 1433 1580
f 1435 1580 1583
f 1300 1435 1196
f 1435 1583 1345
f 1435 1345 1196
f 1196 1345 1130
f 1130 1345 1198
f 1130 1198 1022
f 1022 1198 1084
f 1084 1198 1397
f 1397 1198 1476
f 1580 1657 1583
f 1583 1657 1626
f 1583 1626 1476
f 1626 1657 1582
f 1582 1657 1624
f 1626 1582 1513
f 1476 1626 1540
f 1540 1626 1513
f 1540 1513 1437
f 1476 1540 1397
f 1540 1437 1438
f 1540 1438 1397
f 1397 1438 1169
f 1345 1583 1476
f 1345 1476 1198
f 1018 1080 1081
f 1018 1081 1019
f 1019 881 1018
f 1019 1078 1130
f 1019 1130 1022
f 1134 1303 1081
f 1437 1201 1438
f 1438 1201 1203
f 1203 1201 1050
f 1050 1201 1133
f 1203 1050 1051
f 1051 1050 852
f 1203 1169 1438
f 1169 1203 1051
f 1169 1051 1047
f 1169 1047 1024
f 1084 1397 1169
f 553 372 634
f 682 634 465
f 682 465 505
f 553 549 422
f 549 553 628
f 549 628 626
f 626 628 728
f 626 728 678
f 628 553 730
f 628 730 728
f 728 730 773
f 730 553 634
f 730 634 781
f 781 634 682
f 229 423 463
f 229 463 286
f 286 463 374
f 374 463 503
f 463 423 551
f 463 551 503
f 551 423 460
f 503 551 632
f 629 460 547
f 460 629 551
f 551 629 632
f 632 629 731
f 629 547 678
f 629 678 731
f 678 547 626
f 731 678 774
f 773 730 777
f 777 730 781
f 773 777 774
f 773 774 728
f 728 774 678
f 774 777 779
f 779 777 781
f 779 781 734
f 774 779 731
f 731 779 680
f 731 680 632
f 779 734 680
f 680 734 590
f 680 590 467
f 467 590 507
f 632 680 555
f 555 680 467
f 632 555 503
f 555 467 374
f 555 374 503
f 1660 931 1174
f 639 931 1400
f 1400 931 1660
f 1400 1660 1932
f 1400 1932 1718
f 1660 1174 1828
f 1718 1932 2089
f 1718 2089 1883
f 1883 2089 2132
f 1883 2132 1922
f 2132 2089 2397
f 2397 2089 2294
f 2294 2089 1932
f 2058 1932 1660
f 1932 2058 2294
f 2058 1660 1828
f 2294 2058 2399
f 2399 2058 2134
f 2134 2058 1828
f 2134 1828 1908
f 2134 1908 2091
f 2091 1908 1885
f 1908 1828 1350
f 1350 1828 1174
f 1908 1350 1442
f 1350 1174 788
f 1350 788 1442
f 1442 788 859
f 851 1025 884
f 851 1048 1025
f 1048 851 853
f 1048 853 1053
f 849 972 802
f 802 972 974
f 974 972 1049
f 974 1049 1088
f 1088 1049 1086
f 974 1088 1027
f 1052 1202 1204
f 1202 1052 1135
f 1052 1172 1135
f 1168 1138 1086
f 1137 1168 1086
f 2487 2397 2294
f 2487 2294 2399
f 2397 2487 2293
f 2397 2293 2088
f 2293 2487 2398
f 2293 2398 2057
f 2057 2398 2133
f 2398 2487 2488
f 2488 2487 2399
f 2133 2398 2366
f 2366 2398 2488
f 2488 2399 2367
f 2367 2399 2134
f 2367 2134 2091
f 2488 2367 2369
f 2488 2369 2431
f 2431 2369 2296
f 2488 2431 2368
f 2488 2368 2366
f 2431 2296 2374
f 2368 2431 2295
f 2295 2431 2374
f 2366 2368 2189
f 2368 2295 2191
f 2368 2191 2189
f 2366 2189 2158
f 2158 2189 2160
f 2160 2189 2139
f 2139 2189 2191
f 2139 2191 2141
f 2141 2191 2164
f 2164 2191 2295
f 2141 2164 2116
f 2366 2158 2090
f 2090 2158 2059
f 2366 2090 2133
f 2090 2059 1986
f 2133 2090 1907
f 1907 2090 1884
f 1933 1790 1884
f 1935 1933 1986
f 1790 1933 1886
f 1886 1933 1935
f 1790 1886 1719
f 1886 1935 1937
f 1719 1886 1888
f 1888 1886 1937
f 1719 1888 1690
f 1888 1937 1965
f 1965 1937 1963
f 1690 1888 1890
f 1690 1890 1722
f 1890 1888 1965
f 1965 1963 2038
f 1965 2038 2040
f 2040 2038 2096
f 1890 1965 1967
f 1967 1965 2040
f 1890 1967 1910
f 1890 1910 1860
f 1967 2040 2042
f 2040 2096 2118
f 2118 2096 2116
f 2040 2118 2120
f 2040 2120 2042
f 2118 2116 2168
f 2168 2116 2164
f 2120 2118 2197
f 2197 2118 2168
f 2168 2164 2301
f 2120 2197 2232
f 2042 2120 2124
f 2124 2120 2232
f 2042 2124 2044
f 2042 2044 1970
f 2042 1970 1967
f 1970 2044 1971
f 1967 1970 1910
f 1970 1971 1924
f 1970 1924 1910
f 1910 1924 1923
f 2234 2148 2124
f 2234 2124 2232
f 2234 2232 2281
f 2281 2232 2310
f 2281 2310 2345
f 2281 2345 2314
f 2310 2232 2273
f 2273 2232 2197
f 2345 2310 2309
f 2309 2310 2273
f 2314 2345 2349
f 2314 2349 2350
f 2345 2309 2344
f 2345 2344 2349
f 2350 2349 2316
f 2350 2316 2317
f 2317 2316 2245
f 2316 2349 2390
f 2390 2349 2344
f 2344 2309 2385
f 2344 2385 2390
f 2339 2309 2273
f 2309 2339 2385
f 2339 2273 2269
f 2269 2273 2197
f 2269 2197 2168
f 2269 2168 2301
f 2390 2385 2387
f 2390 2387 2355
f 2244 2245 2355
f 2244 2355 2354
f 2354 2355 2387
f 2244 2354 2243
f 2387 2385 2383
f 2243 2354 2353
f 2243 2353 2242
f 2242 2353 2241
f 2354 2387 2386
f 2354 2386 2353
f 2386 2387 2383
f 2353 2386 2389
f 2337 2383 2385
f 2337 2385 2339
f 2386 2383 2384
f 2386 2384 2389
f 2353 2389 2315
f 2240 2241 2315
f 2383 2337 2338
f 2383 2338 2384
f 2240 2315 2318
f 2240 2318 2319
f 2319 2318 2352
f 2318 2315 2388
f 2388 2315 2389
f 2352 2318 2351
f 2351 2318 2388
f 2352 2351 2348
f 2348 2351 2347
f 2347 2351 2388
f 2348 2347 2312
f 2388 2389 2346
f 2388 2346 2347
f 2346 2389 2384
f 2312 2347 2311
f 2311 2347 2346
f 2312 2311 2278
f 2346 2384 2340
f 2346 2340 2311
f 2340 2384 2338
f 2278 2311 2308
f 2308 2311 2340
f 2278 2308 2233
f 2340 2338 2307
f 2340 2307 2308
f 2307 2338 2334
f 2334 2338 2337
f 2308 2307 2304
f 2304 2307 2334
f 2233 2308 2231
f 2231 2308 2304
f 2233 2231 2171
f 2334 2337 2303
f 2303 2337 2339
f 2303 2339 2269
f 2303 2269 2301
f 2334 2303 2333
f 2334 2333 2304
f 2333 2303 2301
f 2302 2231 2304
f 2302 2304 2333
f 2169 2171 2231
f 2169 2231 2302
f 2333 2301 2328
f 2333 2328 2302
f 2328 2301 2299
f 2299 2301 2164
f 2299 2164 2295
f 2299 2295 2374
f 2299 2374 2328
f 2328 2374 2300
f 2328 2300 2302
f 2300 2374 2296
f 2302 2300 2165
f 2165 2300 2296
f 2302 2165 2169
f 2165 2296 2192
f 2165 2192 2142
f 2142 2192 2140
f 2165 2142 2117
f 2165 2117 2169
f 2169 2117 2119
f 2119 2117 2098
f 2169 2119 2171
f 2119 2098 2041
f 2041 2098 2039
f 2171 2119 2122
f 2122 2119 2041
f 2171 2122 2147
f 2147 2122 2101
f 2122 2041 2043
f 2041 2039 1966
f 2043 2041 1968
f 1968 2041 1966
f 1968 1966 1909
f 1968 1909 1912
f 1442 1479 1885
f 1885 1908 1442
f 387 389 641
f 641 389 569
f 641 569 691
f 691 569 438
f 641 691 790
f 691 438 474
f 790 691 740
f 740 691 474
f 740 474 522
f 740 522 746
f 740 746 806
f 806 746 861
f 387 641 599
f 641 790 599
f 599 790 693
f 693 790 742
f 742 790 740
f 693 742 695
f 1934 2091 1885
f 2091 1934 1987
f 1987 1934 1936
f 1934 1885 1791
f 1936 1934 1887
f 1887 1934 1791
f 1887 1791 1720
f 601 697 986
f 601 986 890
f 890 986 1206
f 1206 986 1057
f 341 441 339
f 441 341 443
f 697 894 986
f 986 894 1057
f 750 748 643
f 750 643 645
f 750 645 817
f 817 645 699
f 750 817 818
f 440 441 478
f 478 441 575
f 441 443 575
f 990 894 814
f 894 990 1057
f 1057 990 1140
f 1057 1140 1402
f 1057 1402 1354
f 1402 1140 1358
f 1358 1140 1142
f 1402 1358 1548
f 1402 1548 1546
f 1402 1546 1354
f 1354 1546 1352
f 992 990 814
f 992 814 818
f 990 992 1142
f 990 1142 1140
f 818 817 896
f 818 896 992
f 992 896 1059
f 1059 896 945
f 1059 945 1061
f 992 1059 1142
f 1059 1061 1208
f 1059 1208 1142
f 1142 1208 1358
f 1358 1312 1487
f 1358 1487 1548
f 1548 1487 1521
f 1548 1521 1598
f 806 742 740
f 937 695 742
f 937 742 935
f 935 742 806
f 935 806 978
f 935 978 1306
f 937 935 1249
f 1249 935 1306
f 937 1249 1251
f 1249 1306 1629
f 1251 1249 1587
f 1587 1249 1629
f 1251 1587 1589
f 1587 1629 1853
f 1589 1587 1851
f 1851 1587 1853
f 1589 1851 1830
f 1851 1853 2015
f 1830 1851 2013
f 2013 1851 2015
f 1830 2013 1991
f 2013 2015 2221
f 1991 2013 2217
f 2217 2013 2221
f 1991 2217 2220
f 2217 2221 2490
f 2220 2217 2465
f 2465 2217 2490
f 2220 2465 2467
f 2465 2490 2698
f 2465 2698 2556
f 939 744 695
f 744 939 811
f 811 939 941
f 939 695 937
f 941 939 1256
f 939 937 1253
f 939 1253 1256
f 1253 937 1251
f 1256 1253 1591
f 1253 1251 1544
f 1253 1544 1591
f 1544 1251 1589
f 1591 1544 1834
f 1544 1589 1830
f 1834 1544 1832
f 1832 1544 1830
f 1834 1832 1997
f 1832 1830 1993
f 1832 1993 1997
f 1993 1830 1991
f 1997 1993 2194
f 2194 1993 1991
f 1997 2194 2227
f 2194 1991 2220
f 2227 2194 2433
f 2433 2194 2220
f 2227 2433 2470
f 2433 2220 2467
f 2470 2433 2566
f 2566 2433 2467
f 2470 2566 2638
f 2566 2467 2556
f 892 861 746
f 861 892 980
f 980 892 983
f 980 983 1308
f 1308 983 1310
f 1308 1310 1631
f 1631 1310 1633
f 1631 1633 1855
f 1855 1633 1859
f 1855 1859 2037
f 2037 1859 2019
f 2037 2019 2261
f 2261 2019 2229
f 2037 2261 2015
f 2037 2015 1853
f 2261 2229 2492
f 2492 2229 2494
f 2492 2494 2874
f 2874 2494 2817
f 746 812 892
f 806 861 978
f 978 861 980
f 943 892 812
f 892 943 983
f 983 943 1310
f 943 812 811
f 943 811 941
f 943 941 1257
f 1257 941 1256
f 1257 1256 1593
f 1257 1593 1633
f 1593 1256 1591
f 1633 1593 1859
f 1593 1591 1858
f 1593 1858 1859
f 1858 1591 1834
f 1859 1858 2019
f 1858 1834 2018
f 1858 2018 2019
f 2018 1834 1997
f 2018 1997 2227
f 2019 2018 2228
f 2228 2018 2227
f 2019 2228 2229
f 2229 2228 2494
f 2228 2227 2471
f 2228 2471 2494
f 2471 2227 2470
f 2471 2470 2638
f 2471 2638 2707
f 2471 2707 2494
f 2494 2707 2817
f 1176 984 1092
f 1176 1092 1352
f 1176 1352 1483
f 1176 1483 1356
f 1356 1483 1486
f 1176 1356 1259
f 1259 1356 1404
f 1176 1259 988
f 744 811 1090
f 988 1090 811
f 1090 988 1259
f 1090 1259 1481
f 1481 1259 1518
f 1518 1259 1404
f 1518 1404 1594
f 1594 1404 1448
f 1518 1594 1721
f 1518 1721 1481
f 1721 1594 1755
f 1721 1755 1909
f 1909 1755 1912
f 1481 1721 1691
f 1691 1721 1909
f 1481 1691 1446
f 1446 1691 1720
f 1691 1909 1889
f 1691 1889 1720
f 1889 1909 1966
f 1720 1889 1887
f 1889 1966 1938
f 1889 1938 1887
f 1887 1938 1936
f 978 980 1308
f 978 1308 1306
f 1310 943 1257
f 1310 1257 1633
f 1306 1308 1631
f 1306 1631 1629
f 1546 1483 1352
f 1483 1546 1595
f 1483 1595 1486
f 1595 1546 1598
f 1598 1546 1548
f 1595 1598 1603
f 1595 1603 1599
f 1599 1603 1602
f 1595 1599 1519
f 1855 1629 1631
f 1629 1855 1853
f 1853 1855 2037
f 1486 1404 1356
f 1404 1486 1448
f 1448 1486 1519
f 1519 1486 1595
f 2261 2221 2015
f 2221 2261 2492
f 2221 2492 2490
f 2490 2492 2810
f 2490 2810 2698
f 2810 2492 2874
f 2810 2874 2938
f 2810 2938 2924
f 2556 2467 2465
f 2159 2367 2091
f 2159 2091 2060
f 2159 2060 2136
f 2159 2136 2161
f 2367 2159 2190
f 2367 2190 2369
f 2369 2190 2192
f 2192 2190 2140
f 2369 2192 2296
f 2091 1987 2060
f 2062 1987 1936
f 2062 1936 1989
f 1989 1936 1938
f 1989 1938 1995
f 2062 1989 2115
f 2062 2115 2163
f 2115 1989 1995
f 1964 2021 1995
f 1995 2021 2095
f 2115 1995 2093
f 2093 1995 2095
f 2115 2093 2298
f 2093 2095 2263
f 2093 2263 2298
f 2062 2060 1987
f 2060 2062 2138
f 2060 2138 2213
f 2213 2138 2327
f 2138 2062 2163
f 2327 2138 2215
f 2215 2138 2163
f 2327 2215 2373
f 2373 2215 2257
f 2257 2215 2163
f 2373 2257 2378
f 2257 2163 2298
f 2298 2163 2115
f 2213 2136 2060
f 2159 2161 2190
f 2190 2161 2140
f 1964 1995 1938
f 1966 1964 1938
f 1964 1966 2039
f 2039 2021 1964
f 2021 2039 2099
f 2021 2099 2095
f 2136 2213 2161
f 2161 2213 2255
f 2255 2213 2327
f 2161 2255 2140
f 2140 2255 2259
f 2255 2327 2371
f 2255 2371 2376
f 2327 2373 2371
f 2371 2373 2378
f 2371 2378 2376
f 2255 2376 2259
f 2259 2376 2330
f 2330 2376 2378
f 2259 2330 2223
f 2330 2378 2332
f 2330 2332 2265
f 2265 2332 2267
f 2332 2378 2298
f 2298 2378 2257
f 2332 2298 2263
f 2095 2099 2167
f 2095 2167 2263
f 2263 2167 2332
f 2332 2167 2267
f 2267 2167 2099
f 2267 2099 2144
f 2099 2039 2144
f 2039 2098 2144
f 2144 2098 2196
f 2144 2196 2265
f 2023 1968 1912
f 1968 2023 2043
f 2023 1912 2046
f 2043 2023 2101
f 2043 2101 2122
f 2023 2046 2200
f 2200 2046 2277
f 2200 2277 2437
f 2200 2437 2419
f 2419 2437 2732
f 2437 2277 2438
f 2438 2277 2481
f 2438 2481 2654
f 2438 2654 2437
f 2732 2437 2860
f 2732 2860 3044
f 3044 2860 3004
f 2732 3044 2999
f 3044 3004 3068
f 2999 3044 3131
f 3044 3068 3146
f 3044 3146 3131
f 3131 3146 3181
f 2265 2267 2144
f 2098 2117 2196
f 2196 2117 2223
f 2223 2117 2142
f 2223 2142 2259
f 2196 2223 2265
f 2265 2223 2330
f 2140 2259 2142
f 2171 2147 2274
f 2171 2274 2233
f 2632 2628 2540
f 2548 2698 2632
f 2548 2632 2540
f 2548 2540 2547
f 2548 2547 2556
f 2556 2547 2560
f 2556 2560 2566
f 2547 2540 2539
f 2530 2540 2628
f 2540 2530 2539
f 2530 2628 2624
f 2539 2530 2532
f 2530 2624 2520
f 2530 2520 2532
f 2532 2520 2524
f 2524 2520 2519
f 2524 2519 2623
f 2519 2520 2512
f 2519 2512 2518
f 2518 2512 2511
f 2518 2511 2523
f 2523 2511 2514
f 2523 2514 2526
f 2523 2526 2529
f 2529 2526 2536
f 2536 2526 2534
f 2536 2534 2542
f 2536 2542 2544
f 2544 2542 2550
f 2544 2550 2552
f 2552 2550 2555
f 2552 2555 2559
f 2559 2555 2565
f 2559 2565 2572
f 2565 2555 2564
f 2572 2565 2575
f 2565 2564 2569
f 2572 2575 2580
f 2569 2564 2570
f 2580 2575 2582
f 2570 2564 2567
f 2580 2582 2587
f 2570 2567 2561
f 2587 2582 2590
f 2570 2561 2568
f 2587 2590 2594
f 2594 2590 2602
f 2594 2602 2606
f 2594 2606 2598
f 2598 2606 2607
f 2598 2607 2599
f 2599 2607 2595
f 2595 2607 2603
f 2595 2603 2584
f 2584 2603 2588
f 2584 2588 2578
f 2584 2578 2576
f 2576 2578 2638
f 2576 2638 2560
f 2628 2788 2624
f 2624 2788 2778
f 2788 2628 2632
f 2788 2632 2796
f 2698 2796 2632
f 2796 2698 2810
f 2796 2810 2924
f 2548 2556 2698
f 2547 2634 2560
f 2560 2634 2636
f 2634 2547 2539
f 2634 2539 2630
f 2630 2539 2532
f 2630 2532 2626
f 2630 2626 2790
f 2626 2532 2524
f 2626 2524 2623
f 2788 2916 2908
f 2916 2788 2796
f 2916 2796 2924
f 2788 2908 2778
f 2778 2908 2898
f 2778 2898 2766
f 2766 2898 2762
f 2762 2898 2890
f 2762 2890 2761
f 2761 2890 2889
f 2624 2778 2672
f 2672 2778 2766
f 2672 2766 2762
f 2672 2762 2668
f 2668 2762 2761
f 2668 2761 2667
f 2667 2761 2670
f 2670 2761 2764
f 2672 2520 2624
f 2916 2924 2918
f 2918 2924 2926
f 2916 2918 2910
f 2926 2924 2938
f 2916 2910 2908
f 2926 2938 2937
f 2908 2910 2902
f 2937 2938 2945
f 2908 2902 2898
f 2945 2938 2949
f 2898 2902 2890
f 2945 2949 2956
f 2890 2902 2897
f 2956 2949 2962
f 2890 2897 2889
f 2956 2962 2977
f 2889 2897 2896
f 2956 2977 2969
f 2889 2896 2900
f 2969 2977 2981
f 2889 2900 2892
f 2969 2981 2973
f 2892 2900 2907
f 2973 2981 2972
f 2892 2907 2904
f 2972 2981 2980
f 2904 2907 2912
f 2972 2980 2968
f 2912 2907 2914
f 2968 2980 2976
f 2912 2914 2920
f 2968 2976 2961
f 2920 2914 2922
f 2961 2976 2965
f 2920 2922 2928
f 2961 2965 2953
f 2928 2922 2930
f 2961 2953 2951
f 2928 2930 2936
f 2951 2953 2947
f 2928 2936 2935
f 2951 2947 2944
f 2935 2936 2944
f 2935 2944 2947
f 2902 2910 2782
f 2902 2782 2777
f 2782 2910 2918
f 2782 2918 2790
f 2782 2790 2626
f 2790 2918 2798
f 2798 2918 2926
f 2798 2926 2809
f 2809 2926 2937
f 2798 2636 2634
f 2798 2634 2630
f 2798 2630 2790
f 2636 2798 2809
f 2636 2809 2640
f 2640 2809 2824
f 2560 2636 2576
f 2576 2636 2640
f 2576 2640 2584
f 2584 2640 2644
f 2644 2640 2824
f 2584 2644 2595
f 2595 2644 2722
f 2595 2722 2599
f 2599 2722 2726
f 2599 2726 2598
f 2598 2726 2730
f 2638 2566 2560
f 2874 2817 2938
f 2949 2938 2817
f 2824 2809 2937
f 2824 2937 2945
f 2824 2945 2956
f 2824 2956 2834
f 2824 2834 2644
f 2834 2956 2839
f 2834 2839 2644
f 2644 2839 2722
f 2839 2956 2969
f 2839 2969 2973
f 2839 2973 2844
f 2844 2973 2848
f 2638 2642 2707
f 2642 2638 2578
f 2642 2578 2588
f 2642 2588 2646
f 2642 2646 2828
f 2646 2588 2603
f 2828 2646 2840
f 2646 2603 2734
f 2646 2734 2840
f 2840 2734 2851
f 2734 2603 2607
f 2734 2607 2740
f 2740 2607 2606
f 2740 2606 2739
f 2828 2707 2642
f 2828 2817 2707
f 2817 2828 2949
f 2962 2949 2828
f 2962 2828 2840
f 2962 2840 2851
f 2962 2851 2977
f 2977 2851 2858
f 2977 2858 2981
f 2981 2858 2857
f 2981 2857 2980
f 2980 2857 2854
f 2980 2854 2976
f 2668 2667 2511
f 2668 2511 2512
f 2668 2512 2672
f 2672 2512 2520
f 2511 2667 2514
f 2514 2667 2670
f 2514 2670 2676
f 2676 2670 2764
f 2514 2676 2526
f 2526 2676 2534
f 2534 2676 2684
f 2534 2684 2542
f 2542 2684 2688
f 2542 2688 2550
f 2550 2688 2692
f 2761 2889 2764
f 2764 2889 2892
f 2764 2892 2904
f 2764 2904 2770
f 2770 2904 2912
f 2676 2770 2684
f 2684 2770 2784
f 2784 2770 2912
f 2784 2912 2792
f 2792 2912 2920
f 2792 2920 2800
f 2800 2920 2928
f 2770 2676 2764
f 2678 2623 2519
f 2678 2519 2518
f 2678 2518 2677
f 2782 2626 2623
f 2782 2623 2777
f 2777 2623 2678
f 2678 2677 2772
f 2678 2772 2777
f 2777 2772 2897
f 2777 2897 2902
f 2772 2677 2771
f 2771 2677 2680
f 2771 2680 2774
f 2680 2677 2518
f 2680 2518 2523
f 2680 2523 2682
f 2682 2523 2529
f 2680 2682 2774
f 2774 2682 2780
f 2682 2529 2536
f 2682 2536 2686
f 2686 2536 2690
f 2690 2536 2544
f 2690 2544 2552
f 2690 2552 2694
f 2896 2897 2772
f 2896 2772 2771
f 2896 2771 2900
f 2900 2771 2774
f 2900 2774 2780
f 2900 2780 2907
f 2907 2780 2786
f 2907 2786 2914
f 2686 2780 2682
f 2780 2686 2786
f 2786 2686 2690
f 2786 2690 2794
f 2786 2794 2914
f 2794 2690 2694
f 2794 2694 2802
f 2794 2802 2922
f 2922 2802 2930
f 2802 2694 2700
f 2802 2700 2808
f 2808 2700 2822
f 2822 2700 2712
f 2684 2784 2688
f 2688 2784 2792
f 2688 2792 2692
f 2692 2792 2800
f 2692 2800 2697
f 2697 2800 2804
f 2914 2794 2922
f 2559 2694 2552
f 2694 2559 2700
f 2700 2559 2712
f 2712 2559 2572
f 2712 2572 2716
f 2712 2716 2822
f 2716 2572 2580
f 2822 2716 2830
f 2716 2580 2720
f 2716 2720 2830
f 2830 2720 2836
f 2720 2580 2587
f 2720 2587 2594
f 2720 2594 2725
f 2550 2692 2697
f 2550 2697 2555
f 2697 2564 2555
f 2564 2697 2702
f 2564 2702 2567
f 2567 2702 2703
f 2804 2702 2697
f 2702 2804 2812
f 2812 2804 2940
f 2940 2804 2935
f 2812 2940 2813
f 2813 2940 2941
f 2808 2930 2802
f 2930 2808 2936
f 2936 2808 2822
f 2936 2822 2944
f 2944 2822 2830
f 2944 2830 2951
f 2951 2830 2836
f 2951 2836 2961
f 2961 2836 2968
f 2968 2836 2843
f 2804 2800 2928
f 2804 2928 2935
f 2815 2935 2947
f 2815 2947 2826
f 2815 2826 2705
f 2826 2947 2953
f 2705 2826 2714
f 2826 2953 2833
f 2826 2833 2714
f 2833 2953 2965
f 2714 2833 2718
f 2833 2965 2847
f 2833 2847 2718
f 2718 2847 2729
f 2847 2965 2976
f 2847 2976 2854
f 2940 2935 2815
f 2940 2815 2819
f 2940 2819 2941
f 2941 2819 2820
f 2941 2820 2818
f 2941 2818 2939
f 2836 2720 2725
f 2836 2725 2843
f 2594 2598 2725
f 2725 2598 2730
f 2725 2730 2843
f 2843 2730 2848
f 2843 2848 2968
f 2968 2848 2972
f 2972 2848 2973
f 2848 2730 2844
f 2844 2730 2726
f 2844 2726 2839
f 2839 2726 2722
f 2565 2569 2705
f 2705 2569 2709
f 2705 2709 2815
f 2815 2709 2819
f 2709 2569 2710
f 2710 2569 2570
f 2705 2575 2565
f 2575 2705 2714
f 2575 2714 2718
f 2575 2718 2582
f 2582 2718 2590
f 2590 2718 2729
f 2590 2729 2736
f 2590 2736 2602
f 2602 2736 2739
f 2602 2739 2606
f 2567 2703 2701
f 2567 2701 2561
f 2701 2703 2811
f 2811 2703 2813
f 2813 2703 2812
f 2812 2703 2702
f 2568 2710 2570
f 2710 2568 2708
f 2708 2568 2704
f 2704 2568 2562
f 2820 2819 2709
f 2820 2709 2710
f 2820 2710 2708
f 2820 2708 2818
f 2818 2708 2814
f 2814 2708 2704
f 2562 2568 2561
f 2562 2561 2553
f 2562 2553 2557
f 2557 2553 2551
f 2562 2557 2571
f 2551 2553 2549
f 2562 2571 2573
f 2551 2549 2543
f 2573 2571 2579
f 2543 2549 2541
f 2573 2579 2581
f 2543 2541 2535
f 2581 2579 2585
f 2535 2541 2533
f 2581 2585 2589
f 2535 2533 2525
f 2589 2585 2592
f 2535 2525 2527
f 2589 2592 2600
f 2527 2525 2521
f 2600 2592 2604
f 2521 2525 2513
f 2604 2592 2596
f 2521 2513 2509
f 2604 2596 2605
f 2521 2509 2515
f 2605 2596 2597
f 2515 2509 2510
f 2605 2597 2593
f 2515 2510 2516
f 2605 2593 2601
f 2516 2510 2517
f 2601 2593 2583
f 2516 2517 2522
f 2516 2522 2621
f 2621 2522 2625
f 2522 2517 2531
f 2531 2517 2528
f 2531 2528 2537
f 2537 2528 2538
f 2537 2538 2545
f 2545 2538 2546
f 2546 2538 2631
f 2545 2546 2554
f 2545 2554 2558
f 2558 2554 2563
f 2558 2563 2637
f 2635 2558 2574
f 2577 2574 2637
f 2635 2574 2639
f 2574 2577 2583
f 2574 2583 2639
f 2583 2577 2586
f 2583 2586 2601
f 2639 2583 2643
f 2643 2583 2593
f 2695 2553 2561
f 2695 2561 2701
f 2695 2701 2803
f 2803 2701 2811
f 2813 2941 2939
f 2813 2939 2811
f 2811 2939 2803
f 2803 2939 2931
f 2939 2814 2931
f 2818 2814 2939
f 575 603 478
f 603 575 605
f 820 817 699
f 945 896 817
f 945 817 820
f 945 820 1061
f 605 900 898
f 898 900 1146
f 1146 900 1261
f 1598 1521 1603
f 1552 1603 1521
f 1634 1594 1448
f 1634 1448 1519
f 1594 1634 1692
f 1692 1634 1756
f 1594 1692 1755
f 1692 1756 1835
f 1755 1692 1836
f 1836 1692 1835
f 1755 1836 1912
f 1835 1756 1940
f 1912 1836 1941
f 1912 1941 2046
f 2046 1941 2067
f 2046 2067 2277
f 2277 2067 2149
f 2277 2149 2381
f 1941 1836 1911
f 1911 1836 1835
f 1941 1911 1998
f 1911 1835 1939
f 1939 1835 1940
f 1998 1911 1969
f 1969 1911 1939
f 1998 1969 2123
f 1939 1940 2145
f 2145 1940 2170
f 2145 2170 2417
f 1939 2145 2121
f 1939 2121 1969
f 2145 2417 2400
f 2145 2400 2121
f 2400 2417 2647
f 2400 2647 2591
f 1969 2121 2100
f 1969 2100 2123
f 2121 2400 2379
f 2379 2400 2591
f 2121 2379 2100
f 2123 2100 2268
f 2268 2100 2379
f 2123 2268 2272
f 2379 2591 2496
f 2379 2496 2268
f 2496 2591 2849
f 2849 2591 2982
f 2496 2849 2648
f 2272 2268 2420
f 2420 2268 2496
f 2420 2496 2648
f 2272 2420 2500
f 2500 2420 2648
f 1519 1599 1634
f 1634 1599 1757
f 1634 1757 1756
f 1756 1757 1953
f 1756 1953 1940
f 1940 1953 2170
f 1953 1757 1954
f 1954 1757 1792
f 1792 1757 1599
f 1792 1599 1602
f 1792 1602 1794
f 1792 1794 1957
f 1957 1794 1958
f 1957 1958 2178
f 1607 1731 1730
f 1603 1552 1760
f 1603 1760 1795
f 1795 1760 1960
f 1795 1960 1959
f 1959 1960 2202
f 2202 1960 2236
f 1959 2202 2179
f 2202 2236 2505
f 2179 2202 2497
f 2497 2202 2505
f 2497 2505 3028
f 2497 3028 3018
f 2497 3018 2998
f 3018 3028 3154
f 3154 3028 3166
f 1766 1664 1733
f 1733 1664 1609
f 1733 1609 1666
f 1611 1666 1609
f 1666 1611 1641
f 1603 1795 1794
f 1603 1794 1602
f 1794 1795 1958
f 1958 1795 1959
f 1958 1959 2179
f 1958 2179 2178
f 2177 1957 2178
f 2177 2178 2473
f 2178 2179 2474
f 2178 2474 2473
f 2474 2179 2497
f 2473 2474 2957
f 2474 2497 2998
f 2474 2998 2957
f 3116 2958 2957
f 3116 2957 3129
f 3129 2957 2998
f 3116 3129 3199
f 3129 2998 3145
f 3145 2998 3018
f 3129 3145 3209
f 3145 3018 3154
f 3145 3154 3226
f 3145 3226 3209
f 3226 3154 3233
f 3209 3226 3279
f 3209 3279 3258
f 1957 1954 1792
f 1954 1957 2181
f 1954 2181 2176
f 2176 2181 2403
f 2176 2403 2421
f 2421 2403 2608
f 2608 2403 2507
f 2608 2507 2865
f 1953 1954 2176
f 1953 2176 2170
f 2170 2176 2421
f 2170 2421 2417
f 2417 2421 2649
f 2649 2421 2608
f 2417 2649 2647
f 2647 2649 2984
f 2647 2984 2982
f 2982 2984 3045
f 2647 2982 2591
f 2649 2608 2863
f 2863 2608 2865
f 2863 2865 3005
f 2863 3005 3021
f 2863 3021 3030
f 1957 2177 2181
f 2181 2177 2422
f 2422 2177 2475
f 2475 2177 2473
f 2422 2475 2651
f 2422 2651 2507
f 2507 2651 2865
f 2475 2473 2958
f 2958 2473 2957
f 2651 2475 2963
f 2963 2475 2958
f 2865 2651 2986
f 2865 2986 3005
f 2651 2963 2877
f 2651 2877 2986
f 2963 2958 3097
f 3097 2958 3116
f 2877 2963 3029
f 3029 2963 3097
f 2986 2877 3019
f 2877 3029 3065
f 2877 3065 3019
f 3029 3097 3130
f 3029 3130 3065
f 3097 3116 3167
f 3097 3167 3130
f 3167 3116 3199
f 3167 3199 3236
f 3167 3236 3211
f 3167 3211 3130
f 3211 3236 3269
f 3168 3065 3130
f 3168 3130 3211
f 3065 3168 3119
f 3065 3119 3019
f 3119 3168 3200
f 3168 3211 3246
f 3168 3246 3200
f 3246 3211 3269
f 3200 3246 3239
f 3019 3119 3048
f 3019 3048 2986
f 3048 3119 3157
f 2986 3048 3005
f 3005 3048 3102
f 3102 3048 3157
f 3005 3102 3052
f 3102 3157 3192
f 3192 3157 3239
f 3102 3192 3137
f 3025 3053 3137
f 3025 3137 3071
f 3025 3071 2991
f 2991 3071 3072
f 3071 3137 3184
f 3184 3137 3192
f 3071 3184 3141
f 3141 3184 3174
f 3141 3174 3142
f 3142 3174 3176
f 3176 3174 3202
f 3184 3192 3218
f 3184 3218 3206
f 3206 3218 3248
f 3218 3192 3239
f 3248 3218 3264
f 3264 3218 3239
f 3264 3239 3277
f 3277 3239 3246
f 3264 3277 3307
f 3277 3246 3269
f 3277 3269 3306
f 3277 3306 3307
f 3306 3269 3293
f 3307 3306 3333
f 3307 3333 3328
f 3328 3333 3356
f 1765 1730 1731
f 1765 1731 1766
f 1765 1766 1733
f 1762 1765 1799
f 1799 1765 1768
f 1768 1765 1733
f 1768 1733 1666
f 1799 1768 1869
f 1799 1869 1916
f 1916 1869 2004
f 1869 1768 1894
f 1869 1894 2004
f 1894 1768 1695
f 1668 1695 1666
f 1668 1666 1641
f 1668 1641 1556
f 1668 1556 1613
f 2004 1894 2127
f 2004 2127 2207
f 2207 2127 2408
f 2207 2408 2453
f 2408 2127 2247
f 2247 2127 2005
f 2005 2127 1894
f 2247 2005 2104
f 2005 1894 1801
f 1801 1894 1695
f 1801 1695 1668
f 2005 1801 1917
f 1801 1668 1697
f 1801 1697 1917
f 1697 1668 1613
f 1917 1697 1769
f 1697 1613 1558
f 1697 1558 1769
f 1558 1613 1491
f 1769 1558 1615
f 1558 1491 1413
f 1558 1413 1615
f 1413 1491 1318
f 1615 1413 1214
f 1615 1214 1365
f 1214 1413 1099
f 1099 1413 1318
f 1099 1318 1263
f 1263 1318 1453
f 1762 1799 1892
f 1892 1799 1916
f 1892 1916 2029
f 2029 1916 2004
f 1892 2029 2002
f 2029 2004 2207
f 2002 2029 2239
f 2239 2029 2207
f 2002 2239 2205
f 2239 2207 2453
f 2205 2239 2447
f 2447 2239 2453
f 2205 2447 2428
f 2447 2453 2748
f 2428 2447 2746
f 2746 2447 2748
f 2428 2746 2660
f 2746 2748 3013
f 2660 2746 3011
f 3011 2746 3013
f 1762 1892 2001
f 2001 1892 2049
f 2001 2049 2280
f 2049 1892 2002
f 2049 2002 2184
f 2184 2002 2205
f 2049 2184 2343
f 2184 2205 2392
f 2392 2205 2428
f 2184 2392 2426
f 2653 2343 2426
f 2343 2653 2609
f 2609 2653 3064
f 2653 2426 2866
f 2392 2428 2615
f 2615 2428 2660
f 2426 2392 2657
f 2657 2392 2615
f 2426 2657 2866
f 2615 2660 2992
f 2992 2660 2882
f 2657 2615 3009
f 3009 2615 2992
f 2866 2657 3051
f 3051 2657 3009
f 2866 3051 3098
f 2992 2882 3074
f 3074 2882 3038
f 3009 2992 3106
f 3106 2992 3074
f 3051 3009 3138
f 3138 3009 3106
f 3098 3051 3171
f 3171 3051 3138
f 3098 3171 3190
f 3171 3138 3213
f 3171 3213 3216
f 3138 3106 3201
f 3138 3201 3213
f 3201 3106 3177
f 3177 3106 3074
f 3216 3213 3263
f 3216 3263 3253
f 3213 3201 3255
f 3213 3255 3263
f 3201 3177 3241
f 3201 3241 3255
f 3177 3074 3123
f 3123 3074 3038
f 3241 3177 3203
f 3203 3177 3123
f 3123 3038 3152
f 3123 3152 3203
f 3152 3038 3060
f 3152 3060 3164
f 3164 3060 3077
f 3203 3152 3215
f 3215 3152 3164
f 3215 3164 3225
f 3225 3164 3224
f 3224 3164 3163
f 3224 3163 3223
f 3224 3223 3278
f 3203 3215 3256
f 3203 3256 3241
f 3256 3215 3274
f 3241 3256 3283
f 3241 3283 3255
f 3256 3274 3309
f 3256 3309 3283
f 3309 3274 3321
f 3255 3283 3297
f 3255 3297 3263
f 3263 3297 3291
f 3297 3283 3329
f 3329 3283 3309
f 3291 3297 3319
f 3319 3297 3329
f 3291 3319 3311
f 3345 3309 3321
f 3309 3345 3329
f 3345 3321 3360
f 3311 3319 3343
f 3311 3343 3326
f 3326 3343 3355
f 3351 3319 3329
f 3351 3329 3345
f 3319 3351 3343
f 3355 3343 3369
f 3369 3343 3351
f 3355 3369 3379
f 3351 3345 3375
f 3351 3375 3369
f 3375 3345 3360
f 3375 3360 3386
f 3386 3360 3365
f 3369 3375 3392
f 3392 3375 3386
f 3369 3392 3379
f 3379 3392 3401
f 3392 3386 3409
f 3392 3409 3401
f 3401 3409 3423
f 3401 3423 3424
f 3423 3409 3431
f 3431 3409 3415
f 3415 3409 3396
f 3431 3415 3433
f 3415 3396 3414
f 3415 3414 3433
f 3414 3396 3395
f 3433 3414 3413
f 3433 3413 3430
f 3430 3413 3408
f 3430 3408 3422
f 1666 1695 1768
f 1941 1998 2067
f 1998 2123 2149
f 1998 2149 2067
f 2272 2149 2123
f 2149 2272 2381
f 2422 2403 2181
f 2403 2422 2507
f 2343 2184 2426
f 2101 2023 2175
f 2175 2023 2200
f 2175 2200 2419
f 2101 2175 2199
f 2101 2199 2147
f 2175 2419 2380
f 2175 2380 2199
f 2380 2419 2503
f 2503 2419 2732
f 2199 2380 2335
f 2199 2335 2147
f 2335 2380 2503
f 2147 2335 2274
f 2503 2732 2999
f 2336 2233 2274
f 2336 2274 2418
f 2418 2274 2335
f 2418 2335 2503
f 2418 2503 2754
f 2754 2503 2999
f 2418 2754 2478
f 2754 2999 3066
f 3066 2999 3131
f 2754 3066 2983
f 2754 2983 2610
f 2754 2610 2478
f 2478 2610 2404
f 2500 2381 2272
f 2381 2500 2506
f 2506 2500 2652
f 2652 2500 2648
f 2381 2506 2481
f 2381 2481 2277
f 2506 2652 2861
f 2861 2652 2648
f 2861 2648 2849
f 2506 2861 2862
f 2506 2862 2481
f 2861 2849 3001
f 3001 2849 2982
f 3001 2982 3045
f 3001 3045 3020
f 3001 3020 2862
f 3020 3045 3069
f 2481 2862 2742
f 2742 2862 3020
f 2481 2742 2654
f 2654 2742 2867
f 2742 3020 2988
f 2988 3020 3069
f 2742 2988 2867
f 2988 3069 3032
f 2988 3032 3007
f 2988 3007 2867
f 2867 3007 2989
f 2989 3007 2879
f 2336 2418 2478
f 2336 2478 2404
f 2336 2404 2233
f 2233 2404 2278
f 2278 2404 2312
f 2312 2404 2423
f 2654 2860 2437
f 2860 2654 3004
f 3004 2654 2867
f 3004 2867 2989
f 3004 2989 3033
f 2404 2610 2655
f 2655 2610 3002
f 3002 2610 2983
f 2655 3002 3022
f 3002 2983 3066
f 3022 3002 3120
f 3120 3002 3066
f 3022 3120 3101
f 3120 3066 3170
f 3170 3066 3131
f 3120 3170 3172
f 3120 3172 3101
f 3101 3172 3158
f 3101 3158 3034
f 3101 3034 2869
f 2655 2423 2404
f 2423 2348 2312
f 2348 2423 2442
f 2348 2442 2443
f 2442 2423 2613
f 2442 2613 2443
f 2613 2423 2655
f 2348 2443 2352
f 2613 2655 2869
f 2869 2655 3022
f 2869 3022 3101
f 2613 2869 2658
f 2613 2658 2443
f 2658 2869 3034
f 2352 2443 2445
f 2352 2445 2319
f 2443 2658 2756
f 2443 2756 2445
f 2658 3034 3055
f 2658 3055 2756
f 3055 3034 3158
f 3055 3158 3160
f 2756 3055 2871
f 2756 2871 2445
f 2871 3055 3093
f 2445 2871 2448
f 2445 2448 2319
f 2319 2448 2240
f 2449 2241 2240
f 2449 2240 2448
f 2241 2449 2242
f 2449 2448 2871
f 2242 2449 2450
f 2242 2450 2243
f 2243 2450 2244
f 2244 2450 2245
f 2245 2450 2451
f 2449 2871 2872
f 2449 2872 2450
f 2872 2871 3093
f 2451 2450 2757
f 2757 2450 2872
f 2451 2757 2758
f 2872 3093 3094
f 2872 3094 2757
f 3094 3093 3186
f 2758 2757 3073
f 3073 2757 3094
f 3073 3094 3186
f 2758 3073 3056
f 3056 3073 3175
f 3175 3073 3186
f 3186 3093 3187
f 3056 3175 3140
f 3140 3175 3194
f 3140 3194 3159
f 3140 3159 3139
f 3139 3159 3149
f 3194 3175 3220
f 3175 3186 3221
f 3175 3221 3220
f 3194 3220 3219
f 3221 3186 3222
f 3222 3186 3187
f 3220 3221 3270
f 3221 3222 3271
f 3221 3271 3270
f 3222 3187 3214
f 3214 3187 3196
f 3271 3222 3240
f 3240 3222 3214
f 3220 3270 3265
f 3220 3265 3219
f 3214 3196 3202
f 3202 3196 3176
f 3240 3214 3231
f 3231 3214 3202
f 3231 3202 3206
f 3206 3202 3174
f 3206 3174 3184
f 3231 3206 3248
f 3240 3231 3266
f 3266 3231 3248
f 3240 3266 3272
f 3240 3272 3271
f 3266 3248 3292
f 3292 3248 3264
f 3292 3264 3307
f 3292 3307 3328
f 3266 3292 3299
f 3299 3292 3328
f 3266 3299 3272
f 3299 3328 3340
f 3313 3271 3272
f 3272 3299 3314
f 3272 3314 3313
f 3314 3299 3340
f 3271 3313 3270
f 3340 3328 3356
f 3313 3314 3348
f 3270 3313 3312
f 3312 3313 3348
f 3270 3312 3265
f 3314 3340 3349
f 3314 3349 3348
f 3349 3340 3373
f 3373 3340 3356
f 3348 3349 3378
f 3378 3349 3373
f 3312 3348 3347
f 3348 3378 3384
f 3348 3384 3347
f 3312 3347 3308
f 3312 3308 3265
f 3265 3308 3254
f 3265 3254 3219
f 3219 3254 3205
f 3219 3205 3173
f 3173 3205 3134
f 3205 3254 3247
f 3205 3247 3182
f 3182 3247 3217
f 3182 3217 3132
f 3247 3254 3295
f 3295 3254 3308
f 3295 3308 3344
f 3344 3308 3347
f 3295 3344 3339
f 3344 3347 3383
f 3383 3347 3384
f 3344 3383 3377
f 3344 3377 3339
f 3383 3384 3410
f 3295 3339 3281
f 3261 3217 3281
f 3410 3384 3405
f 3405 3384 3378
f 3410 3405 3419
f 3419 3405 3411
f 3405 3378 3398
f 3405 3398 3411
f 3398 3378 3373
f 3411 3398 3393
f 3398 3373 3376
f 3398 3376 3393
f 3393 3376 3372
f 3376 3373 3356
f 3372 3376 3354
f 3354 3376 3356
f 3354 3356 3333
f 3354 3333 3325
f 3325 3333 3306
f 3280 3245 3261
f 3280 3261 3305
f 3305 3261 3281
f 3280 3305 3310
f 3305 3281 3318
f 3318 3281 3339
f 3310 3305 3336
f 3336 3305 3318
f 3318 3339 3353
f 3318 3353 3336
f 3353 3339 3368
f 3368 3339 3377
f 3310 3336 3322
f 3310 3322 3286
f 3336 3353 3352
f 3336 3352 3322
f 3353 3368 3371
f 3353 3371 3352
f 3286 3322 3298
f 3298 3322 3334
f 3334 3322 3352
f 3286 3298 3251
f 3334 3352 3361
f 3361 3352 3371
f 3361 3371 3380
f 3286 3251 3228
f 3228 3251 3198
f 3198 3251 3208
f 3198 3208 3144
f 3144 3208 3153
f 3144 3153 3017
f 3198 3144 3115
f 3115 3144 2997
f 3115 2997 2954
f 2954 2997 2472
f 3115 2954 3085
f 3115 3085 3155
f 2954 2472 2434
f 2434 2472 2174
f 2875 2434 2435
f 2435 2434 2180
f 2434 2174 2173
f 2434 2173 2180
f 2173 2174 1956
f 2180 2173 1972
f 1972 2173 1955
f 1955 2173 1956
f 1972 1955 1837
f 1955 1956 1793
f 1955 1793 1837
f 1793 1956 1758
f 1837 1793 1635
f 1793 1758 1604
f 1793 1604 1635
f 1604 1758 1601
f 1635 1604 1523
f 3403 3383 3410
f 3403 3410 3416
f 3383 3403 3377
f 3403 3416 3412
f 3377 3403 3399
f 3399 3403 3412
f 3377 3399 3387
f 3387 3399 3412
f 3377 3387 3368
f 3387 3412 3397
f 3368 3387 3371
f 3371 3387 3397
f 2241 2353 2315
f 1100 1099 1263
f 904 1099 1100
f 906 904 1100
f 904 906 650
f 998 1214 1099
f 1099 904 998
f 655 706 1149
f 1563 1148 1102
f 1560 1563 1102
f 1903 1563 1560
f 1903 1560 1872
f 1903 1872 2052
f 1903 2052 2071
f 2071 2052 2251
f 2071 2251 2288
f 2288 2251 2458
f 2288 2458 2486
f 2486 2458 2664
f 2486 2664 2752
f 2752 2664 2996
f 2070 2287 2250
f 2250 2287 2457
f 3179 3166 3028
f 3166 3179 3242
f 3242 3179 3243
f 3166 3242 3233
f 3166 3233 3154
f 3233 3242 3287
f 3233 3287 3226
f 3242 3243 3288
f 3242 3288 3287
f 3288 3243 3289
f 3226 3287 3279
f 3279 3287 3323
f 3287 3288 3324
f 3324 3288 3289
f 3287 3324 3323
f 3324 3289 3326
f 3323 3324 3358
f 3324 3326 3359
f 3324 3359 3358
f 3359 3326 3355
f 3359 3355 3379
f 3359 3379 3382
f 3358 3359 3381
f 3381 3359 3382
f 3381 3382 3407
f 3381 3407 3400
f 3381 3400 3393
f 3393 3400 3411
f 3400 3407 3420
f 3400 3420 3411
f 3420 3407 3424
f 3411 3420 3419
f 3419 3420 3427
f 3419 3427 3418
f 3418 3427 3426
f 3419 3418 3410
f 3418 3426 3425
f 3410 3418 3416
f 3416 3418 3425
f 3416 3425 3417
f 3209 3199 3129
f 2863 2984 2649
f 2984 2863 3030
f 2984 3030 3045
f 3045 3030 3069
f 3069 3030 3050
f 3069 3050 3032
f 3052 3050 3021
f 3050 3052 3053
f 3050 3053 3032
f 3032 3053 3025
f 3032 3025 3007
f 3007 3025 2991
f 3007 2991 2879
f 3199 3209 3258
f 3199 3258 3236
f 3236 3258 3293
f 3236 3293 3269
f 3293 3258 3315
f 3315 3258 3279
f 3315 3279 3323
f 3253 3263 3291
f 3293 3315 3325
f 3325 3315 3342
f 3342 3315 3323
f 3342 3323 3358
f 3293 3325 3306
f 3342 3358 3372
f 3372 3358 3381
f 3372 3381 3393
f 3342 3372 3354
f 3342 3354 3325
f 2858 2851 2734
f 2858 2734 2740
f 2858 2740 2739
f 2858 2739 2857
f 2857 2739 2736
f 2857 2736 2854
f 2854 2736 2729
f 2854 2729 2847
f 2861 3001 2862
f 3119 3200 3157
f 3157 3200 3239
f 3030 3021 3050
f 3004 3033 3068
f 3052 3021 3005
f 3052 3102 3053
f 3053 3102 3137
f 3033 2989 3035
f 3035 2989 2879
f 3035 2879 3036
f 3035 3036 3091
f 3035 3091 3033
f 3033 3091 3089
f 3089 3091 3147
f 3089 3147 3146
f 3146 3147 3181
f 3147 3091 3148
f 3147 3148 3181
f 3181 3148 3193
f 3193 3148 3150
f 3193 3150 3183
f 3150 3148 3104
f 3150 3104 3105
f 3089 3068 3033
f 3068 3089 3146
f 2879 2991 3037
f 2879 3037 3036
f 3072 3037 2991
f 3037 3072 3105
f 3105 3072 3142
f 3105 3142 3161
f 3142 3072 3141
f 3141 3072 3071
f 3131 3181 3170
f 3170 3181 3193
f 3170 3193 3172
f 3172 3193 3183
f 3172 3183 3158
f 3158 3183 3185
f 3185 3183 3161
f 3158 3185 3160
f 3104 3148 3091
f 3104 3091 3036
f 3104 3036 3037
f 3104 3037 3105
f 3055 3160 3093
f 3093 3160 3187
f 3187 3160 3196
f 3196 3160 3185
f 3161 3183 3150
f 3161 3150 3105
f 3176 3161 3142
f 3161 3176 3185
f 3185 3176 3196
f 3011 2882 2660
f 2882 3011 3038
f 3011 3013 3061
f 3061 3013 3079
f 3061 3079 3096
f 3096 3079 3114
f 3096 3114 3112
f 3112 3114 3128
f 3112 3128 3127
f 3112 3127 3111
f 3111 3127 3126
f 3111 3126 3110
f 3110 3126 3109
f 3109 3126 3125
f 3109 3125 3124
f 3109 3124 3108
f 3108 3124 3113
f 3108 3113 3095
f 3113 3124 3062
f 3062 3124 3080
f 3113 3062 3039
f 3095 3113 3078
f 3078 3113 3039
f 3095 3078 3059
f 3078 3039 2883
f 3039 3062 2885
f 3059 3078 3012
f 3012 3078 2883
f 3059 3012 3010
f 3010 3012 2745
f 3012 2883 2747
f 3012 2747 2745
f 2745 2747 2446
f 2747 2883 2617
f 2446 2747 2452
f 2452 2747 2617
f 2452 2617 2407
f 2454 2617 2661
f 2454 2661 2356
f 2356 2661 2482
f 2482 2661 2885
f 2482 2885 2619
f 2482 2619 2358
f 2358 2619 2429
f 2429 2619 2750
f 2619 2885 2993
f 2619 2993 2750
f 2993 2885 3062
f 2750 2993 3014
f 2993 3062 3080
f 2993 3080 3014
f 3061 3038 3011
f 3038 3061 3060
f 3096 3060 3061
f 3060 3096 3077
f 3077 3096 3112
f 3077 3112 3111
f 3077 3111 3076
f 3076 3111 3110
f 3076 3110 3109
f 3076 3109 3108
f 3076 3108 3075
f 3075 3108 3095
f 3075 3095 3058
f 3058 3095 3059
f 3058 3059 3026
f 3026 3059 3010
f 3215 3225 3274
f 3274 3225 3285
f 3274 3285 3321
f 3285 3225 3284
f 3284 3225 3224
f 3284 3224 3278
f 3321 3285 3332
f 3321 3332 3360
f 3360 3332 3365
f 3332 3285 3331
f 3331 3285 3284
f 3365 3332 3364
f 3364 3332 3331
f 3365 3364 3396
f 3365 3396 3386
f 3386 3396 3409
f 3396 3364 3395
f 3331 3284 3330
f 3330 3284 3278
f 3364 3331 3363
f 3363 3331 3330
f 3395 3364 3394
f 3394 3364 3363
f 3395 3394 3414
f 3414 3394 3413
f 3413 3394 3408
f 3408 3394 3385
f 3385 3394 3363
f 3408 3385 3391
f 3357 3363 3330
f 3363 3357 3385
f 3391 3385 3370
f 3370 3385 3357
f 3391 3370 3374
f 3357 3330 3316
f 3316 3330 3278
f 3370 3357 3341
f 3341 3357 3316
f 3374 3370 3350
f 3350 3370 3341
f 3374 3350 3346
f 3316 3278 3273
f 3273 3278 3223
f 3341 3316 3300
f 3300 3316 3273
f 3350 3341 3320
f 3320 3341 3300
f 3346 3350 3327
f 3327 3350 3320
f 3346 3327 3317
f 3327 3320 3296
f 3327 3296 3294
f 3294 3296 3262
f 3296 3320 3282
f 3282 3320 3300
f 3262 3296 3249
f 3249 3296 3282
f 3262 3249 3212
f 3282 3300 3250
f 3250 3300 3273
f 3249 3282 3232
f 3232 3282 3250
f 3249 3232 3195
f 3250 3273 3207
f 3207 3273 3223
f 3232 3250 3197
f 3197 3250 3207
f 3232 3197 3162
f 3207 3223 3151
f 3151 3223 3163
f 3207 3151 3143
f 3207 3143 3197
f 3197 3143 3107
f 3197 3107 3162
f 3162 3107 3057
f 3057 3107 3026
f 3057 3026 2881
f 3163 3164 3077
f 3163 3077 3076
f 3163 3076 3075
f 3163 3075 3151
f 3151 3075 3058
f 3151 3058 3143
f 3083 3016 2996
f 2752 2996 3016
f 3401 3382 3379
f 3382 3401 3407
f 3407 3401 3424
f 2749 2484 2456
f 3420 3424 3427
f 3427 3424 3429
f 3429 3424 3423
f 3427 3429 3426
f 3429 3423 3431
f 3429 3431 3432
f 3429 3432 3426
f 3432 3431 3433
f 3432 3433 3430
f 3426 3432 3428
f 3428 3432 3430
f 3426 3428 3425
f 3428 3430 3422
f 3425 3428 3421
f 3421 3428 3422
f 3421 3422 3406
f 3425 3421 3417
f 3412 3416 3417
f 3412 3417 3402
f 3417 3421 3404
f 3417 3404 3402
f 3404 3421 3406
f 3402 3404 3388
f 3404 3406 3389
f 3404 3389 3388
f 3389 3406 3390
f 3389 3390 3367
f 3367 3390 3362
f 3367 3362 3338
f 3389 3367 3366
f 3389 3366 3388
f 3388 3366 3380
f 3388 3380 3397
f 1084 1024 970
f 1024 1084 1169
f 1884 2090 1933
f 1933 2090 1986
f 2135 2158 2160
f 2059 2158 2135
f 1907 1884 1441
f 1884 1790 1478
f 1478 1790 1443
f 1443 1790 1719
f 1478 1443 932
f 1478 932 858
f 1443 1719 1445
f 1445 1719 1690
f 1445 1690 1480
f 1445 1480 1089
f 1443 1445 887
f 1443 887 932
f 887 1445 1089
f 932 887 598
f 887 1089 743
f 598 887 692
f 887 743 694
f 887 694 692
f 1935 1986 2061
f 1935 2061 1988
f 1935 1988 1937
f 1937 1988 1994
f 1994 1988 2114
f 2114 1988 2061
f 2114 2061 2162
f 1986 2059 2061
f 2061 2059 2137
f 2137 2059 2212
f 2137 2212 2326
f 2137 2326 2214
f 2061 2137 2162
f 2162 2137 2214
f 2162 2214 2256
f 2162 2256 2297
f 2162 2297 2114
f 2059 2135 2212
f 2160 2139 2254
f 2254 2139 2258
f 2212 2135 2160
f 2212 2160 2254
f 2212 2254 2326
f 2326 2254 2370
f 2370 2254 2375
f 2375 2254 2258
f 2375 2258 2329
f 2329 2258 2222
f 2141 2258 2139
f 2258 2141 2222
f 2222 2141 2116
f 2222 2116 2195
f 2375 2329 2377
f 2375 2377 2370
f 2377 2329 2331
f 2331 2329 2264
f 2331 2264 2266
f 2377 2331 2297
f 2297 2331 2262
f 2377 2297 2256
f 2370 2377 2372
f 2372 2377 2256
f 2370 2372 2326
f 2372 2256 2214
f 2372 2214 2326
f 2264 2329 2222
f 2264 2222 2195
f 2264 2195 2143
f 2264 2143 2266
f 2266 2143 2097
f 2143 2195 2096
f 2096 2195 2116
f 2096 2038 2143
f 2143 2038 2097
f 2097 2038 2020
f 2020 2038 1963
f 2097 2020 2094
f 2166 2262 2331
f 2331 2266 2166
f 2166 2266 2097
f 2166 2097 2094
f 2166 2094 2262
f 2262 2094 2092
f 2262 2092 2297
f 2297 2092 2114
f 2114 2092 1994
f 1994 2092 2094
f 1994 2094 2020
f 1994 2020 1963
f 1722 1480 1690
f 1480 1722 1517
f 1517 1722 1693
f 1693 1722 1860
f 1860 1722 1890
f 1693 1860 1861
f 1861 1860 1942
f 1942 1860 1923
f 1923 1860 1910
f 1994 1963 1937
f 1480 1258 1089
f 1089 1258 987
f 1258 1480 1403
f 1517 1403 1480
f 1403 1517 1447
f 1447 1517 1549
f 640 388 386
f 388 640 568
f 568 640 690
f 568 690 437
f 437 690 473
f 386 598 640
f 640 598 789
f 789 598 692
f 789 692 741
f 640 789 690
f 690 789 739
f 739 789 741
f 692 694 741
f 694 743 938
f 694 938 936
f 936 938 1252
f 936 1252 1250
f 1250 1252 1543
f 1250 1543 1588
f 1588 1543 1829
f 1829 1543 1831
f 1829 1831 1992
f 1829 1992 1990
f 1990 1992 2193
f 1990 2193 2218
f 2218 2193 2432
f 2218 2432 2466
f 2466 2432 2563
f 2466 2563 2554
f 936 741 694
f 741 936 934
f 741 934 805
f 805 934 977
f 977 934 1305
f 934 936 1248
f 934 1248 1305
f 1248 936 1250
f 1305 1248 1628
f 1248 1250 1586
f 1248 1586 1628
f 1628 1586 1852
f 1586 1250 1588
f 1852 1586 1850
f 1850 1586 1588
f 1850 1588 1829
f 1850 1829 2012
f 2012 1829 1990
f 2012 1990 2216
f 2216 1990 2218
f 2012 2216 2219
f 2012 2219 2014
f 2219 2216 2489
f 2216 2218 2464
f 2216 2464 2489
f 2464 2218 2466
f 2489 2464 2696
f 2464 2466 2554
f 2464 2554 2696
f 805 739 741
f 690 739 473
f 473 739 475
f 475 739 745
f 805 745 739
f 1089 809 743
f 743 809 938
f 938 809 940
f 938 940 1254
f 938 1254 1252
f 1252 1254 1590
f 1252 1590 1543
f 1543 1590 1833
f 1543 1833 1831
f 1831 1833 1996
f 1831 1996 1992
f 1992 1996 2193
f 2193 1996 2225
f 2193 2225 2432
f 2432 2225 2468
f 2432 2468 2563
f 2563 2468 2637
f 942 940 809
f 809 1089 987
f 810 942 809
f 942 810 891
f 891 810 745
f 942 891 981
f 942 981 1309
f 942 1309 1255
f 1255 1309 1632
f 1255 1632 1592
f 1592 1632 1856
f 1255 1592 1254
f 1255 1254 940
f 1592 1856 1857
f 1857 1856 2016
f 1833 1590 1857
f 1833 1857 2017
f 2017 1857 2016
f 1833 2017 1996
f 1996 2017 2225
f 2017 2016 2226
f 2017 2226 2225
f 2226 2016 2224
f 2226 2224 2493
f 2225 2226 2469
f 2469 2226 2493
f 2225 2469 2468
f 2468 2469 2637
f 2637 2469 2706
f 2706 2469 2493
f 2706 2493 2816
f 745 805 860
f 977 860 805
f 860 977 979
f 860 979 891
f 891 979 981
f 745 860 891
f 1307 979 977
f 1307 977 1305
f 1630 1307 1305
f 1630 1305 1628
f 940 942 1255
f 1258 1175 987
f 1175 1258 1355
f 1355 1258 1403
f 1175 1355 1482
f 1175 1482 1351
f 1351 1482 1545
f 1482 1355 1484
f 1484 1355 1403
f 1484 1403 1447
f 1482 1484 1596
f 1596 1484 1488
f 1596 1488 1550
f 1550 1488 1489
f 1592 1590 1254
f 1307 981 979
f 981 1307 1309
f 1309 1307 1630
f 1309 1630 1632
f 1632 1630 1854
f 1632 1854 1856
f 1856 1854 2036
f 1856 2036 2016
f 2016 2036 2260
f 2016 2260 2224
f 2224 2260 2491
f 2224 2491 2493
f 2493 2491 2873
f 2493 2873 2816
f 1628 1852 1854
f 1628 1854 1630
f 1854 1852 2036
f 2036 1852 2014
f 2014 1852 1850
f 2014 1850 2012
f 2036 2014 2260
f 2260 2014 2219
f 2260 2219 2491
f 2491 2219 2489
f 2491 2489 2807
f 2807 2489 2696
f 2491 2807 2873
f 2873 2807 2934
f 1590 1592 1857
f 1545 1353 1351
f 1353 1545 1401
f 1401 1545 1547
f 1401 1547 1357
f 1547 1545 1597
f 1547 1597 1520
f 1597 1545 1596
f 1596 1545 1482
f 1520 1597 1601
f 1601 1597 1596
f 1520 1601 1551
f 1601 1596 1550
f 1601 1550 1604
f 1604 1550 1523
f 1523 1550 1489
f 1523 1489 1525
f 1525 1489 1524
f 1525 1524 1637
f 1524 1489 1522
f 1522 1489 1449
f 1449 1489 1488
f 1449 1488 1447
f 1447 1488 1484
f 1637 1524 1636
f 1636 1524 1605
f 1637 1636 1726
f 1726 1636 1724
f 1637 1726 1727
f 747 642 696
f 747 893 813
f 1357 1139 1401
f 1139 1357 1141
f 1139 1141 989
f 989 1141 991
f 989 991 813
f 813 991 816
f 816 991 895
f 895 991 1058
f 1058 991 1141
f 895 1058 944
f 944 1058 1060
f 1058 1141 1207
f 1058 1207 1060
f 1207 1141 1357
f 1207 1357 1311
f 1207 1311 1093
f 1311 1357 1485
f 1485 1357 1547
f 1485 1547 1520
f 1311 1485 1359
f 1359 1485 1520
f 1359 1520 1405
f 1405 1520 1551
f 1359 1405 1145
f 1311 1359 1143
f 1143 1359 1145
f 1311 1143 1093
f 1143 1145 897
f 1093 1143 946
f 946 1143 897
f 946 897 700
f 700 897 604
f 946 700 751
f 1093 946 862
f 862 946 751
f 1093 862 1060
f 1060 862 819
f 819 862 751
f 819 751 698
f 698 751 602
f 698 602 572
f 572 602 477
f 698 572 644
f 642 747 749
f 749 747 813
f 749 813 816
f 642 749 644
f 644 749 815
f 644 815 698
f 644 572 439
f 477 574 476
f 476 439 477
f 477 439 572
f 816 815 749
f 816 895 815
f 815 895 944
f 815 944 819
f 819 944 1060
f 815 819 698
f 1549 1517 1693
f 1449 1447 1549
f 1449 1549 1600
f 1600 1549 1693
f 1600 1693 1723
f 1723 1693 1861
f 1600 1723 1605
f 1600 1605 1522
f 1605 1723 1724
f 1723 1861 1862
f 1723 1862 1724
f 1862 1861 1943
f 1943 1861 1942
f 1943 1942 2068
f 1943 2068 2024
f 1724 1862 1863
f 1863 1862 1925
f 1724 1863 1726
f 1863 1925 1926
f 1926 1925 2025
f 1926 2025 1927
f 1926 1927 1863
f 1726 1863 1864
f 1726 1864 1727
f 1727 1864 1866
f 2763 2669 2673
f 2763 2673 2767
f 2669 2763 2665
f 2665 2763 2759
f 2665 2759 2666
f 2666 2759 2760
f 2666 2760 2671
f 2671 2760 2765
f 2671 2765 2776
f 2671 2776 2622
f 2763 2767 2903
f 2763 2903 2891
f 2903 2767 2911
f 2763 2891 2759
f 2911 2767 2783
f 2759 2891 2887
f 2759 2887 2888
f 2759 2888 2760
f 2911 2783 2791
f 2911 2791 2919
f 2919 2791 2799
f 2919 2799 2927
f 2927 2799 2803
f 2669 2513 2673
f 2673 2513 2525
f 2673 2525 2533
f 2673 2533 2683
f 2673 2683 2767
f 2683 2533 2541
f 2767 2683 2783
f 2683 2541 2687
f 2683 2687 2783
f 2783 2687 2791
f 2687 2541 2549
f 2687 2549 2691
f 2665 2513 2669
f 2513 2665 2509
f 2509 2665 2666
f 2509 2666 2510
f 2510 2666 2671
f 2510 2671 2517
f 2517 2671 2622
f 2517 2622 2528
f 2528 2622 2627
f 2528 2627 2538
f 2538 2627 2631
f 2905 2903 2911
f 2903 2905 2891
f 2905 2911 2913
f 2891 2905 2899
f 2913 2911 2919
f 2891 2899 2887
f 2913 2919 2921
f 2887 2899 2893
f 2921 2919 2927
f 2887 2893 2894
f 2887 2894 2888
f 2888 2894 2901
f 2888 2901 2895
f 2895 2901 2906
f 2906 2901 2909
f 2906 2909 2915
f 2915 2909 2917
f 2915 2917 2923
f 2923 2917 2925
f 2923 2925 2934
f 2934 2925 2933
f 2934 2933 2943
f 2934 2943 2948
f 2934 2948 2816
f 2934 2816 2873
f 2948 2943 2955
f 2948 2955 2960
f 2960 2955 2975
f 2975 2955 2967
f 2975 2967 2979
f 2979 2967 2971
f 2979 2971 2970
f 2979 2970 2978
f 2978 2970 2966
f 2978 2966 2974
f 2974 2966 2959
f 2974 2959 2964
f 2964 2959 2952
f 2952 2959 2950
f 2952 2950 2946
f 2946 2950 2942
f 2946 2942 2931
f 2931 2942 2932
f 2931 2932 2927
f 2927 2932 2929
f 2929 2932 2805
f 2927 2929 2921
f 2681 2535 2527
f 2681 2527 2521
f 2681 2521 2679
f 2535 2681 2685
f 2535 2685 2689
f 2535 2689 2543
f 2543 2689 2551
f 2551 2689 2693
f 2691 2791 2687
f 2791 2691 2799
f 2799 2691 2695
f 2799 2695 2803
f 2779 2899 2905
f 2899 2779 2773
f 2779 2905 2785
f 2785 2905 2913
f 2779 2785 2685
f 2779 2685 2681
f 2685 2785 2689
f 2689 2785 2793
f 2793 2785 2913
f 2793 2913 2921
f 2793 2921 2801
f 2801 2921 2929
f 2515 2679 2521
f 2679 2515 2674
f 2679 2674 2768
f 2679 2768 2773
f 2679 2773 2681
f 2681 2773 2779
f 2768 2674 2769
f 2674 2515 2675
f 2674 2675 2769
f 2675 2515 2516
f 2769 2675 2775
f 2775 2675 2621
f 2689 2793 2693
f 2693 2793 2801
f 2693 2801 2699
f 2699 2801 2805
f 2699 2805 2821
f 2699 2821 2711
f 2768 2899 2773
f 2899 2768 2893
f 2893 2768 2769
f 2893 2769 2894
f 2894 2769 2775
f 2894 2775 2901
f 2901 2775 2781
f 2901 2781 2909
f 2909 2781 2917
f 2917 2781 2789
f 2760 2888 2895
f 2760 2895 2765
f 2765 2895 2776
f 2776 2895 2906
f 2776 2906 2787
f 2776 2787 2622
f 2622 2787 2627
f 2787 2906 2915
f 2787 2915 2795
f 2795 2915 2923
f 2516 2621 2675
f 2781 2775 2621
f 2781 2621 2625
f 2522 2531 2625
f 2625 2531 2629
f 2629 2531 2537
f 2625 2629 2789
f 2789 2781 2625
f 2627 2787 2631
f 2631 2787 2795
f 2631 2795 2696
f 2696 2795 2807
f 2633 2629 2537
f 2537 2545 2633
f 2797 2789 2629
f 2789 2797 2917
f 2917 2797 2925
f 2797 2629 2633
f 2797 2633 2635
f 2797 2635 2806
f 2558 2633 2545
f 2633 2558 2635
f 2695 2691 2549
f 2695 2549 2553
f 2551 2693 2557
f 2699 2557 2693
f 2711 2571 2557
f 2557 2699 2711
f 2801 2929 2805
f 2927 2803 2931
f 2805 2932 2821
f 2821 2932 2942
f 2821 2942 2829
f 2829 2942 2950
f 2821 2829 2715
f 2821 2715 2711
f 2715 2829 2719
f 2719 2829 2835
f 2835 2829 2950
f 2835 2950 2959
f 2835 2959 2966
f 2835 2966 2841
f 2841 2966 2846
f 2946 2931 2814
f 2946 2814 2825
f 2946 2825 2952
f 2825 2814 2704
f 2825 2704 2713
f 2825 2713 2831
f 2831 2713 2717
f 2831 2717 2845
f 2845 2717 2727
f 2562 2573 2704
f 2704 2573 2713
f 2713 2573 2717
f 2717 2573 2581
f 2717 2581 2589
f 2717 2589 2727
f 2727 2589 2735
f 2735 2589 2600
f 2727 2735 2852
f 2727 2852 2845
f 2735 2600 2737
f 2737 2600 2604
f 2737 2604 2738
f 2738 2604 2605
f 2571 2711 2715
f 2571 2715 2579
f 2579 2715 2719
f 2579 2719 2585
f 2585 2719 2592
f 2592 2719 2723
f 2592 2723 2596
f 2596 2723 2728
f 2825 2831 2952
f 2952 2831 2964
f 2964 2831 2845
f 2964 2845 2974
f 2974 2845 2852
f 2974 2852 2978
f 2978 2852 2855
f 2978 2855 2979
f 2979 2855 2856
f 2979 2856 2975
f 2975 2856 2850
f 2719 2835 2723
f 2723 2835 2841
f 2723 2841 2728
f 2728 2841 2846
f 2728 2846 2842
f 2728 2842 2724
f 2728 2724 2596
f 2724 2842 2837
f 2724 2837 2721
f 2721 2837 2643
f 2643 2837 2832
f 2797 2806 2925
f 2925 2806 2933
f 2933 2806 2823
f 2933 2823 2943
f 2943 2823 2955
f 2955 2823 2832
f 2955 2832 2837
f 2955 2837 2967
f 2967 2837 2971
f 2971 2837 2842
f 2971 2842 2846
f 2795 2923 2807
f 2807 2923 2934
f 2823 2806 2639
f 2639 2806 2635
f 2823 2639 2643
f 2823 2643 2832
f 2574 2558 2637
f 2721 2643 2593
f 2641 2577 2637
f 2641 2637 2706
f 2577 2641 2586
f 2586 2641 2645
f 2645 2641 2827
f 2645 2827 2838
f 2586 2645 2601
f 2601 2645 2733
f 2948 2827 2816
f 2827 2948 2960
f 2827 2960 2838
f 2838 2960 2850
f 2850 2960 2975
f 2546 2631 2696
f 2546 2696 2554
f 2641 2706 2827
f 2706 2816 2827
f 2645 2838 2733
f 2733 2838 2850
f 2733 2850 2856
f 2733 2856 2738
f 2738 2856 2737
f 2737 2856 2855
f 2737 2855 2735
f 2735 2855 2852
f 2148 2044 2124
f 2234 2382 2275
f 2275 2382 2402
f 2402 2382 2479
f 2402 2479 2498
f 2498 2479 2755
f 2498 2755 2731
f 2731 2755 3000
f 2731 3000 3043
f 2498 2731 2436
f 2498 2436 2401
f 2498 2401 2402
f 2401 2436 2230
f 2402 2401 2270
f 2402 2270 2275
f 2401 2230 2198
f 2270 2401 2172
f 2172 2401 2198
f 2275 2270 2146
f 2146 2270 2172
f 2275 2146 2148
f 2148 2146 2065
f 2146 2172 2064
f 2146 2064 2065
f 2064 2172 2198
f 2065 2064 1971
f 2022 2198 2230
f 2198 2022 2064
f 2064 2022 1971
f 2022 2230 2045
f 1971 2022 1924
f 1924 2022 2045
f 1924 2045 1923
f 2341 2382 2234
f 2341 2234 2281
f 2382 2341 2440
f 2382 2440 2479
f 2440 2341 2502
f 2341 2281 2405
f 2405 2281 2314
f 2405 2314 2427
f 2427 2314 2350
f 2427 2350 2444
f 2275 2148 2234
f 2044 2065 1971
f 2148 2065 2044
f 2341 2405 2502
f 2502 2405 2508
f 2508 2405 2427
f 2508 2427 2659
f 2508 2659 2990
f 2508 2990 2870
f 2508 2870 2502
f 2659 2427 2444
f 2659 2444 2758
f 2758 2444 2451
f 2502 2870 2744
f 2744 2870 3024
f 2502 2744 2440
f 2440 2744 2611
f 2440 2611 2479
f 2451 2444 2317
f 2317 2444 2350
f 2451 2317 2245
f 2479 2611 2755
f 2755 2611 2987
f 2987 2611 3006
f 3006 2611 2744
f 2755 2987 3046
f 3046 2987 3006
f 2755 3046 3000
f 3006 2744 3024
f 3000 3046 3099
f 3000 3099 3043
f 3046 3006 3088
f 3046 3088 3099
f 3088 3006 3024
f 3099 3088 3122
f 3088 3024 3054
f 3088 3054 3122
f 3054 3024 2870
f 3054 2870 2990
f 3133 3121 3122
f 3133 3122 3140
f 3122 3054 3103
f 3122 3103 3140
f 3103 3054 2990
f 3140 3103 3056
f 3056 3103 2990
f 3056 2990 2758
f 2355 2316 2390
f 2316 2355 2245
f 1449 1600 1522
f 1925 1862 1943
f 1925 1943 2024
f 1636 1605 1724
f 1522 1605 1524
f 2063 1942 1923
f 1923 2045 2063
f 1942 2063 2066
f 2066 2063 2306
f 2066 2306 2276
f 2276 2306 2501
f 2276 2501 2439
f 2306 2063 2305
f 2306 2305 2501
f 2439 2501 2864
f 2439 2864 2612
f 2864 2501 2859
f 2305 2063 2271
f 2271 2063 2045
f 2271 2045 2230
f 2271 2230 2436
f 2271 2436 2476
f 2271 2476 2305
f 2476 2436 2731
f 2499 2501 2305
f 2499 2305 2476
f 2501 2499 2859
f 2476 2731 2853
f 2476 2853 2499
f 2499 2853 2859
f 2853 2731 3043
f 2859 2853 3047
f 3047 2853 3043
f 1942 2066 2068
f 2068 2066 2276
f 2068 2276 2182
f 2068 2182 2024
f 2024 2182 2125
f 2182 2276 2282
f 2182 2282 2125
f 2282 2276 2439
f 2282 2439 2424
f 2424 2439 2612
f 2282 2424 2313
f 2125 2282 2150
f 2150 2282 2313
f 2150 2313 2151
f 2150 2151 2026
f 2026 2151 2027
f 2150 2026 2025
f 2026 2027 1945
f 2025 2026 1927
f 1927 2026 1945
f 1925 2024 2025
f 2025 2024 2125
f 2025 2125 2150
f 1864 1863 1927
f 1864 1927 1866
f 1867 1865 1727
f 1865 1867 1913
f 1913 1867 1947
f 1913 1947 2027
f 1865 1913 1944
f 1913 2027 1976
f 1913 1976 1944
f 1976 2027 2102
f 2102 2027 2151
f 1944 1976 2047
f 2047 1976 2102
f 2102 2151 2283
f 2283 2151 2313
f 2283 2313 2441
f 2102 2283 2237
f 2283 2441 2480
f 2283 2480 2237
f 2480 2441 2743
f 2203 2047 2237
f 2237 2480 2477
f 2237 2477 2203
f 2203 2477 2435
f 2203 2435 2180
f 2435 2477 2875
f 2047 2203 1999
f 1999 2203 2180
f 2047 1999 1944
f 1999 2180 1972
f 1944 1999 1891
f 1891 1999 1972
f 1944 1891 1865
f 1891 1972 1837
f 1865 1891 1725
f 1725 1891 1837
f 1865 1725 1637
f 1725 1837 1635
f 1637 1725 1525
f 1525 1725 1635
f 1525 1635 1523
f 2434 2875 2954
f 2954 2875 3085
f 3085 2875 2876
f 2876 2875 2477
f 2876 2477 2480
f 3085 2876 3086
f 3085 3086 3155
f 2876 2480 2985
f 2985 2480 2743
f 3086 2876 3117
f 3117 2876 2985
f 2985 2743 3067
f 2985 3067 3117
f 3067 2743 3003
f 3198 3115 3155
f 3198 3155 3228
f 3188 3155 3086
f 3188 3086 3117
f 3155 3188 3228
f 3156 3117 3067
f 3117 3156 3188
f 3132 3067 3003
f 3132 3003 3070
f 3132 3070 3182
f 3182 3070 3134
f 3182 3134 3205
f 3067 3132 3191
f 3067 3191 3156
f 3191 3132 3217
f 3210 3188 3156
f 3210 3156 3191
f 3188 3210 3228
f 3191 3217 3245
f 3191 3245 3210
f 3245 3217 3261
f 3228 3210 3252
f 3252 3210 3245
f 3228 3252 3286
f 3252 3245 3280
f 3252 3280 3286
f 3286 3280 3310
f 1727 1866 1867
f 1867 1866 1946
f 1867 1946 1947
f 1727 1865 1637
f 1946 1866 1945
f 1945 1866 1927
f 2027 1946 1945
f 2027 1947 1946
f 2047 2102 2237
f 2313 2424 2441
f 2441 2424 2612
f 2441 2612 2743
f 2743 2612 3003
f 2246 2126 2407
f 2246 2407 2617
f 2246 2617 2454
f 2407 2126 2206
f 2407 2206 2452
f 2206 2126 2003
f 2206 2003 2050
f 2050 2003 1915
f 1915 2003 1868
f 1915 1868 1798
f 1868 2003 1893
f 1893 2003 2126
f 1893 2126 2030
f 2030 2126 2246
f 1893 2030 1800
f 2103 2246 2454
f 2246 2103 2030
f 2103 2454 2356
f 1800 2030 1928
f 1928 2030 2103
f 1800 1928 1696
f 2103 2356 1977
f 2103 1977 1928
f 1696 1928 1802
f 1802 1928 1977
f 1696 1802 1557
f 1557 1802 1614
f 1557 1614 1412
f 1412 1614 1213
f 2185 1977 2356
f 2185 2356 2482
f 2185 2482 2358
f 1895 1802 1977
f 1895 1977 2185
f 1802 1895 1614
f 2185 2358 2031
f 2185 2031 1895
f 2031 2358 2152
f 2152 2358 2429
f 1895 2031 1669
f 1895 1669 1614
f 2031 2152 1897
f 2031 1897 1669
f 1897 2152 1979
f 1897 1979 1643
f 1897 1643 1414
f 1897 1414 1669
f 1414 1643 1064
f 1364 1614 1669
f 1364 1669 1414
f 1614 1364 1213
f 1414 1064 1062
f 1414 1062 1364
f 1364 1062 1213
f 1062 1064 823
f 1213 1062 997
f 997 1062 823
f 2617 2883 2661
f 2661 2883 3039
f 2661 3039 2885
f 477 602 574
f 604 574 602
f 602 751 700
f 602 700 604
f 604 897 899
f 899 897 1145
f 899 1145 1260
f 899 1260 1362
f 1362 1260 1553
f 1207 1093 1060
f 1405 1260 1145
f 1260 1405 1553
f 1405 1551 1553
f 1796 1553 1551
f 1796 1551 1759
f 1796 1759 1974
f 1974 1759 1973
f 1974 1973 2235
f 2235 1973 2201
f 2235 2201 2504
f 2235 2504 2650
f 1553 1796 1761
f 1761 1796 2000
f 2000 1796 1974
f 1761 2000 1914
f 2000 1974 2279
f 2279 1974 2235
f 1914 2000 2048
f 2048 2000 2279
f 1914 2048 2028
f 2279 2235 2650
f 2028 2048 2183
f 2048 2279 2342
f 2342 2279 2650
f 2048 2342 2183
f 2028 2183 2204
f 2204 2183 2391
f 2204 2391 2406
f 2183 2342 2425
f 2183 2425 2391
f 2342 2650 2741
f 2342 2741 2425
f 2741 2650 3041
f 3041 2650 2504
f 2741 3041 3087
f 3087 3041 3178
f 2425 2741 2878
f 2878 2741 3087
f 2425 2878 2656
f 2425 2656 2391
f 3087 3178 3189
f 3189 3178 3235
f 2878 3087 3118
f 3118 3087 3189
f 2656 2878 3049
f 3049 2878 3118
f 2391 2656 2614
f 2391 2614 2406
f 2406 2614 2616
f 2614 2656 3008
f 3008 2656 3049
f 2616 2614 2880
f 2880 2614 3008
f 2616 2880 2881
f 2881 2880 3057
f 3057 2880 3092
f 3092 2880 3008
f 3057 3092 3162
f 3008 3049 3135
f 3008 3135 3092
f 3162 3092 3195
f 3195 3092 3135
f 3162 3195 3232
f 3135 3049 3169
f 3195 3135 3212
f 3195 3212 3249
f 3212 3135 3169
f 3169 3049 3118
f 3212 3169 3230
f 3212 3230 3262
f 3169 3118 3204
f 3169 3204 3230
f 3204 3118 3189
f 3204 3189 3237
f 3230 3204 3244
f 3244 3204 3237
f 3262 3230 3260
f 3260 3230 3244
f 3262 3260 3294
f 3244 3237 3259
f 3244 3259 3260
f 3259 3237 3268
f 3268 3237 3235
f 3260 3259 3290
f 3290 3259 3268
f 3260 3290 3294
f 3290 3268 3304
f 3294 3290 3317
f 3317 3290 3304
f 3294 3317 3327
f 3317 3304 3338
f 3317 3338 3346
f 3346 3338 3362
f 3346 3362 3374
f 3374 3362 3390
f 3374 3390 3391
f 3391 3390 3406
f 3391 3406 3408
f 3408 3406 3422
f 1759 1551 1601
f 1759 1601 1758
f 1759 1758 1973
f 1973 1758 1956
f 1973 1956 2201
f 1606 1728 1729
f 1608 1665 1610
f 1610 1665 1640
f 1610 1640 1526
f 1526 1640 1555
f 1526 1555 1410
f 1410 1555 1452
f 1956 2174 2201
f 2201 2174 2495
f 1798 1761 1914
f 1798 1914 1915
f 1915 1914 2050
f 2050 1914 2028
f 2050 2028 2238
f 2238 2028 2204
f 2238 2204 2446
f 2238 2446 2452
f 2446 2204 2406
f 2446 2406 2745
f 2745 2406 2616
f 2745 2616 3010
f 1798 1763 1761
f 1763 1798 1767
f 1767 1798 1868
f 1767 1868 1893
f 2050 2238 2206
f 2206 2238 2452
f 1763 1729 1728
f 1729 1763 1764
f 1764 1763 1732
f 2174 2472 2495
f 2201 2495 2504
f 2997 2495 2472
f 2495 2997 3017
f 3017 2997 3144
f 2495 3017 3027
f 2495 3027 2504
f 3027 3017 3153
f 3027 3153 3165
f 3027 3165 3178
f 3165 3153 3227
f 3227 3153 3208
f 3178 3165 3234
f 3234 3165 3227
f 3178 3234 3235
f 3227 3208 3257
f 3257 3208 3251
f 3257 3251 3298
f 3235 3234 3275
f 3235 3275 3268
f 3234 3227 3267
f 3267 3227 3257
f 3234 3267 3275
f 3257 3298 3301
f 3257 3301 3267
f 3301 3298 3334
f 3275 3267 3302
f 3302 3267 3301
f 3275 3302 3303
f 3304 3268 3303
f 3301 3334 3335
f 3301 3335 3302
f 3335 3334 3361
f 3303 3302 3337
f 3303 3337 3304
f 3337 3302 3335
f 3304 3337 3338
f 3338 3337 3367
f 3367 3337 3366
f 3366 3337 3335
f 3366 3335 3361
f 3366 3361 3380
f 2504 3027 3041
f 3041 3027 3178
f 1800 1694 1893
f 1694 1800 1667
f 1667 1800 1696
f 1667 1696 1612
f 1612 1696 1557
f 1612 1557 1490
f 1490 1557 1412
f 1452 1262 1211
f 905 903 648
f 903 905 1098
f 903 1098 1097
f 1097 1098 1262
f 1097 1412 1213
f 2724 2597 2596
f 2597 2724 2721
f 2597 2721 2593
f 2970 2846 2966
f 2846 2970 2971
f 2758 2990 2659
f 3099 3122 3121
f 3047 3043 3099
f 3047 3099 3121
f 2864 2859 3047
f 3047 3121 3031
f 3047 3031 2864
f 2864 3031 2868
f 2864 2868 2612
f 2868 3031 3023
f 3023 3031 3100
f 3100 3031 3121
f 3023 3100 3090
f 3090 3100 3149
f 3100 3121 3136
f 3136 3121 3133
f 3136 3133 3139
f 3139 3133 3140
f 3136 3149 3100
f 3149 3136 3139
f 3149 3173 3134
f 3173 3149 3159
f 3173 3159 3194
f 3173 3194 3219
f 3134 3090 3149
f 3090 3134 3023
f 3023 3134 3070
f 3023 3070 3003
f 3217 3247 3281
f 3281 3247 3295
f 2733 2738 2605
f 2605 2601 2733
f 3003 2868 3023
f 2868 3003 2612
f 3026 3107 3143
f 3143 3058 3026
f 3010 2881 3026
f 2881 3010 2616
f 3380 3371 3397
f 3402 3388 3397
f 3402 3397 3412
f 3268 3275 3303
f 3189 3235 3237
